DuneCity v1.0.524 — build stamp active
Crash handlers installed (log: C:\Users\canti\AppData\Roaming\DuneCity\Dune City.log)
Starting DuneCity 1.0.524 on Windows
Loading localization from 'C:\Users\canti\Documents\Codex\2026-07-31\cr\work\dunecity-tornie-1.0.524-23\build-test-win\bin\/data/locale/English.en.po'...
Initializing game...
SDL runtime v2.32.10
SDL compile-time v2.32.10
SDL2_ttf runtime v2.24.0
SDL2_ttf compile-time v2.24.0
Initializing audio...
28 audio channels were allocated.

FileManager is loading PAK-Files...

MD5-Checksum                      Filename
9f0fd308f64709b749fed88b1490b6a4  C:\Users\canti\Documents\Codex\2026-07-31\cr\work\dunecity-tornie-1.0.524-23\build-test-win\bin\/data/ATRE.PAK
c6243b437711111b1aff1082e6fb8ea6  C:\Users\canti\Documents\Codex\2026-07-31\cr\work\dunecity-tornie-1.0.524-23\build-test-win\bin\/data/DUNE.PAK
5cff0b41bc7e246da094641feeb79974  C:\Users\canti\Documents\Codex\2026-07-31\cr\work\dunecity-tornie-1.0.524-23\build-test-win\bin\/data/ENGLISH.PAK
071f82b52d48e4fb6c5067752287fed8  C:\Users\canti\Documents\Codex\2026-07-31\cr\work\dunecity-tornie-1.0.524-23\build-test-win\bin\/data/Extra.PAK
20f91f6b67c20305936b79528a7b4ca5  C:\Users\canti\Documents\Codex\2026-07-31\cr\work\dunecity-tornie-1.0.524-23\build-test-win\bin\/data/FINALE.PAK
c252298a01f8b309da13413863920242  C:\Users\canti\Documents\Codex\2026-07-31\cr\work\dunecity-tornie-1.0.524-23\build-test-win\bin\/data/GFXHD.PAK
72268db03ec685241be7fdceb93fde39  C:\Users\canti\Documents\Codex\2026-07-31\cr\work\dunecity-tornie-1.0.524-23\build-test-win\bin\/data/HARK.PAK
fcdfda49a0765cdf155112158847b296  C:\Users\canti\Documents\Codex\2026-07-31\cr\work\dunecity-tornie-1.0.524-23\build-test-win\bin\/data/INTRO.PAK
f7e2cd778899a542538ca0ba24c3fef8  C:\Users\canti\Documents\Codex\2026-07-31\cr\work\dunecity-tornie-1.0.524-23\build-test-win\bin\/data/INTROVOC.PAK
275a17381696d02b15d6f699e0a0f7f7  C:\Users\canti\Documents\Codex\2026-07-31\cr\work\dunecity-tornie-1.0.524-23\build-test-win\bin\/data/LEGACY.PAK
7213c73939a817e001bcd20d051ff006  C:\Users\canti\Documents\Codex\2026-07-31\cr\work\dunecity-tornie-1.0.524-23\build-test-win\bin\/data/MENTAT.PAK
bd06bcc712c09a88ce226d86bb91a8d9  C:\Users\canti\Documents\Codex\2026-07-31\cr\work\dunecity-tornie-1.0.524-23\build-test-win\bin\/data/MERC.PAK
4bc973244435f63be5a062f4f1784382  C:\Users\canti\Documents\Codex\2026-07-31\cr\work\dunecity-tornie-1.0.524-23\build-test-win\bin\/data/OPENSD2.PAK
1e8551ee6d25ce6334db71d6d3716895  C:\Users\canti\Documents\Codex\2026-07-31\cr\work\dunecity-tornie-1.0.524-23\build-test-win\bin\/data/ORDOS.PAK
45fa0eaca986558c8fcade5551b07fd9  C:\Users\canti\Documents\Codex\2026-07-31\cr\work\dunecity-tornie-1.0.524-23\build-test-win\bin\/data/SCENARIO.PAK
515e86d995222776d59d4634dafdb57a  C:\Users\canti\Documents\Codex\2026-07-31\cr\work\dunecity-tornie-1.0.524-23\build-test-win\bin\/data/SOUND.PAK
da5e8465d1d334b8931ef511f3c6726a  C:\Users\canti\Documents\Codex\2026-07-31\cr\work\dunecity-tornie-1.0.524-23\build-test-win\bin\/data/Tornie.PAK
afe359874848e2cd65913b6d9765302b  C:\Users\canti\Documents\Codex\2026-07-31\cr\work\dunecity-tornie-1.0.524-23\build-test-win\bin\/data/VOC.PAK

Initializing mod system...
ModManager: Initialized with active mod 'Tornie'
ModManager: Loaded game options from mod 'Tornie'
Effective game options initialized (active mod: Tornie)
FileManager: using active-mod asset 'C:\Users\canti\AppData\Roaming\DuneCity\mods/Tornie/data/Custom_IBM.PAL'
Setting video mode...
VSync enabled
Renderer: direct3d11 (max texture size: 16384x16384)
Loading fonts...
Loading graphics and sounds...
Loaded 16/16 city-road tiles from Micropolis road set
Loaded nuclear plant sprite (4x4) from: C:\Users\canti\Documents\Codex\2026-07-31\cr\work\dunecity-tornie-1.0.524-23\build-test-win\bin\imported_sprites/micropolis/composites_special/nuclear_power_plant_4x4.png
Loaded police station sprite from: C:\Users\canti\Documents\Codex\2026-07-31\cr\work\dunecity-tornie-1.0.524-23\build-test-win\bin\imported_sprites/micropolis/composites_2x2/police_station_2x2.png
Loaded stadium sprite from: C:\Users\canti\Documents\Codex\2026-07-31\cr\work\dunecity-tornie-1.0.524-23\build-test-win\bin\imported_sprites/micropolis/composites_special/stadium_4x4.png
Loaded airport sprite from: C:\Users\canti\Documents\Codex\2026-07-31\cr\work\dunecity-tornie-1.0.524-23\build-test-win\bin\imported_sprites/micropolis/composites_special/airport_6x6.png
Loaded civic sprite: hospital_2x2.png from C:\Users\canti\Documents\Codex\2026-07-31\cr\work\dunecity-tornie-1.0.524-23\build-test-win\bin\imported_sprites/micropolis/composites_2x2/
Loaded civic sprite: church_2x2.png from C:\Users\canti\Documents\Codex\2026-07-31\cr\work\dunecity-tornie-1.0.524-23\build-test-win\bin\imported_sprites/micropolis/composites_2x2/
GFXManager: ibmPalette loaded (256 colors, source=IBM.PAL)
GFXManager: Deviator turret asset 'DeviatorGun.png' loaded through active Tornie lookup
FileManager: using active-mod asset 'C:\Users\canti\AppData\Roaming\DuneCity\mods/Tornie/data/DeviatorGun.png'
GFXManager: Deviator turret sprite 'DeviatorGun.png' loaded
GFXManager: Flame Tank turret asset 'FlameTankGun.png' loaded through active Tornie lookup
FileManager: using active-mod asset 'C:\Users\canti\AppData\Roaming\DuneCity\mods/Tornie/data/FlameTankGun.png'
GFXManager: Flame Tank turret sprite 'FlameTankGun.png' loaded
GFXManager: Elite Launcher turret asset 'EliteLauncherGun.png' loaded through active Tornie lookup
FileManager: using active-mod asset 'C:\Users\canti\AppData\Roaming\DuneCity\mods/Tornie/data/EliteLauncherGun.png'
GFXManager: Elite Launcher turret sprite 'EliteLauncherGun.png' loaded
GFXManager: Chemical Siege Tank turret asset 'ChemicalSiegeTank.png' loaded through active Tornie lookup
FileManager: using active-mod asset 'C:\Users\canti\AppData\Roaming\DuneCity\mods/Tornie/data/ChemicalSiegeTank.png'
GFXManager: Chemical Siege Tank turret sprite 'ChemicalSiegeTank.png' loaded
GFXManager: Harvestank turret asset 'HarvestankGun.png' loaded through active Tornie lookup
FileManager: using active-mod asset 'C:\Users\canti\AppData\Roaming\DuneCity\mods/Tornie/data/HarvestankGun.png'
GFXManager: Harvestank turret sprite 'HarvestankGun.png' loaded
GFXManager: Advanced Windtrap 3x3 asset 'Tornie_AdvancedWindtrap_gfx.png' loaded through active Tornie lookup
FileManager: using active-mod asset 'C:\Users\canti\AppData\Roaming\DuneCity\mods/Tornie/data/Tornie_AdvancedWindtrap_gfx.png'
TornieGFX: raw-normalized 3x3 surface=48x96 bpp=8 bytes=1 paletteColors=256 colorKey=yes/0 blend=0 frameSize=48x48 frames=2
TornieGFX: raw-normalized 3x3 palette transparent[0]=(0,0,0,0) black[12]=(0,0,0,255)
TornieGFX: raw-normalized 3x3 frame=0 rect=(0,0,48,48) total=2304 opaque=2304 keyTransparent=0 alphaTransparent=0
TornieGFX: raw-normalized 3x3 frame=1 rect=(0,48,48,48) total=2304 opaque=2304 keyTransparent=0 alphaTransparent=0
GFXManager: Advanced Windtrap build site 3x3 asset 'BUILDING_3x3_prebuild.png' loaded through active Tornie lookup
FileManager: using active-mod asset 'C:\Users\canti\AppData\Roaming\DuneCity\mods/Tornie/data/BUILDING_3x3_prebuild.png'
TornieGFX: build-normalized 3x3 surface=48x48 bpp=8 bytes=1 paletteColors=256 colorKey=yes/0 blend=0 frameSize=48x48 frames=1
TornieGFX: build-normalized 3x3 palette transparent[0]=(0,0,0,0) black[12]=(0,0,0,255)
TornieGFX: build-normalized 3x3 frame=0 rect=(0,0,48,48) total=2304 opaque=2304 keyTransparent=0 alphaTransparent=0
TornieGFX: atlas-built 3x3 surface=192x48 bpp=8 bytes=1 paletteColors=256 colorKey=yes/0 blend=0 frameSize=48x48 frames=4
TornieGFX: atlas-built 3x3 palette transparent[0]=(0,0,0,0) black[12]=(0,1,0,255)
TornieGFX: atlas-built 3x3 frame=0 rect=(0,0,48,48) total=2304 opaque=2304 keyTransparent=0 alphaTransparent=0
TornieGFX: atlas-built 3x3 frame=1 rect=(48,0,48,48) total=2304 opaque=2304 keyTransparent=0 alphaTransparent=0
TornieGFX: atlas-built 3x3 frame=2 rect=(96,0,48,48) total=2304 opaque=2304 keyTransparent=0 alphaTransparent=0
TornieGFX: atlas-built 3x3 frame=3 rect=(144,0,48,48) total=2304 opaque=2304 keyTransparent=0 alphaTransparent=0
TornieGFX: atlas-final 3x3 surface=192x48 bpp=8 bytes=1 paletteColors=256 colorKey=yes/0 blend=0 frameSize=48x48 frames=4
TornieGFX: atlas-final 3x3 palette transparent[0]=(0,0,0,0) black[12]=(0,0,0,255)
TornieGFX: atlas-final 3x3 frame=0 rect=(0,0,48,48) total=2304 opaque=2304 keyTransparent=0 alphaTransparent=0
TornieGFX: atlas-final 3x3 frame=1 rect=(48,0,48,48) total=2304 opaque=2304 keyTransparent=0 alphaTransparent=0
TornieGFX: atlas-final 3x3 frame=2 rect=(96,0,48,48) total=2304 opaque=2304 keyTransparent=0 alphaTransparent=0
TornieGFX: atlas-final 3x3 frame=3 rect=(144,0,48,48) total=2304 opaque=2304 keyTransparent=0 alphaTransparent=0
GFXManager: Advanced Windtrap 3x3 sprite loaded for 18 visual colour slots
GFXManager: Advanced Windtrap 2x3 asset 'advanced_power_2x3.png' loaded through active Tornie lookup
FileManager: using active-mod asset 'C:\Users\canti\AppData\Roaming\DuneCity\mods/Tornie/data/advanced_power_2x3.png'
GFXManager: Advanced Windtrap 2x3 sprite 'advanced_power_2x3.png' converted from truecolor to the indexed Windtrap palette
TornieGFX: raw-normalized 2x3 surface=32x96 bpp=8 bytes=1 paletteColors=256 colorKey=yes/0 blend=0 frameSize=32x48 frames=2
TornieGFX: raw-normalized 2x3 palette transparent[0]=(0,0,0,0) black[12]=(0,0,0,255)
TornieGFX: raw-normalized 2x3 frame=0 rect=(0,0,32,48) total=1536 opaque=1536 keyTransparent=0 alphaTransparent=0
TornieGFX: raw-normalized 2x3 frame=1 rect=(0,48,32,48) total=1536 opaque=1536 keyTransparent=0 alphaTransparent=0
GFXManager: Advanced Windtrap build site 2x3 asset 'BuildSite_2x3.png' loaded through active Tornie lookup
FileManager: using active-mod asset 'C:\Users\canti\AppData\Roaming\DuneCity\mods/Tornie/data/BuildSite_2x3.png'
TornieGFX: build-normalized 2x3 surface=32x48 bpp=8 bytes=1 paletteColors=256 colorKey=yes/0 blend=0 frameSize=32x48 frames=1
TornieGFX: build-normalized 2x3 palette transparent[0]=(0,0,0,0) black[12]=(0,0,0,255)
TornieGFX: build-normalized 2x3 frame=0 rect=(0,0,32,48) total=1536 opaque=1536 keyTransparent=0 alphaTransparent=0
TornieGFX: atlas-built 2x3 surface=128x48 bpp=8 bytes=1 paletteColors=256 colorKey=yes/0 blend=0 frameSize=32x48 frames=4
TornieGFX: atlas-built 2x3 palette transparent[0]=(0,0,0,0) black[12]=(0,1,0,255)
TornieGFX: atlas-built 2x3 frame=0 rect=(0,0,32,48) total=1536 opaque=1536 keyTransparent=0 alphaTransparent=0
TornieGFX: atlas-built 2x3 frame=1 rect=(32,0,32,48) total=1536 opaque=1536 keyTransparent=0 alphaTransparent=0
TornieGFX: atlas-built 2x3 frame=2 rect=(64,0,32,48) total=1536 opaque=1536 keyTransparent=0 alphaTransparent=0
TornieGFX: atlas-built 2x3 frame=3 rect=(96,0,32,48) total=1536 opaque=1536 keyTransparent=0 alphaTransparent=0
TornieGFX: atlas-final 2x3 surface=128x48 bpp=8 bytes=1 paletteColors=256 colorKey=yes/0 blend=0 frameSize=32x48 frames=4
TornieGFX: atlas-final 2x3 palette transparent[0]=(0,0,0,0) black[12]=(0,0,0,255)
TornieGFX: atlas-final 2x3 frame=0 rect=(0,0,32,48) total=1536 opaque=1536 keyTransparent=0 alphaTransparent=0
TornieGFX: atlas-final 2x3 frame=1 rect=(32,0,32,48) total=1536 opaque=1536 keyTransparent=0 alphaTransparent=0
TornieGFX: atlas-final 2x3 frame=2 rect=(64,0,32,48) total=1536 opaque=1536 keyTransparent=0 alphaTransparent=0
TornieGFX: atlas-final 2x3 frame=3 rect=(96,0,32,48) total=1536 opaque=1536 keyTransparent=0 alphaTransparent=0
GFXManager: Advanced Windtrap 2x3 sprite loaded for 18 visual colour slots
GFXManager: Advanced Windtrap 3x2 asset 'Advanced_Power_Plant.png' loaded through active Tornie lookup
FileManager: using active-mod asset 'C:\Users\canti\AppData\Roaming\DuneCity\mods/Tornie/data/Advanced_Power_Plant.png'
GFXManager: Advanced Windtrap 3x2 sprite 'Advanced_Power_Plant.png' converted from truecolor to the indexed Windtrap palette
TornieGFX: raw-normalized 3x2 surface=48x64 bpp=8 bytes=1 paletteColors=256 colorKey=yes/0 blend=0 frameSize=48x32 frames=2
TornieGFX: raw-normalized 3x2 palette transparent[0]=(0,0,0,0) black[12]=(0,0,0,255)
TornieGFX: raw-normalized 3x2 frame=0 rect=(0,0,48,32) total=1536 opaque=1536 keyTransparent=0 alphaTransparent=0
TornieGFX: raw-normalized 3x2 frame=1 rect=(0,32,48,32) total=1536 opaque=1536 keyTransparent=0 alphaTransparent=0
GFXManager: Advanced Windtrap build site 3x2 asset 'BUILDING_3x2_prebuild.png' loaded through active Tornie lookup
FileManager: using active-mod asset 'C:\Users\canti\AppData\Roaming\DuneCity\mods/Tornie/data/BUILDING_3x2_prebuild.png'
TornieGFX: build-normalized 3x2 surface=48x32 bpp=8 bytes=1 paletteColors=256 colorKey=yes/0 blend=0 frameSize=48x32 frames=1
TornieGFX: build-normalized 3x2 palette transparent[0]=(0,0,0,0) black[12]=(0,0,0,255)
TornieGFX: build-normalized 3x2 frame=0 rect=(0,0,48,32) total=1536 opaque=1536 keyTransparent=0 alphaTransparent=0
TornieGFX: atlas-built 3x2 surface=192x32 bpp=8 bytes=1 paletteColors=256 colorKey=yes/0 blend=0 frameSize=48x32 frames=4
TornieGFX: atlas-built 3x2 palette transparent[0]=(0,0,0,0) black[12]=(0,1,0,255)
TornieGFX: atlas-built 3x2 frame=0 rect=(0,0,48,32) total=1536 opaque=1536 keyTransparent=0 alphaTransparent=0
TornieGFX: atlas-built 3x2 frame=1 rect=(48,0,48,32) total=1536 opaque=1536 keyTransparent=0 alphaTransparent=0
TornieGFX: atlas-built 3x2 frame=2 rect=(96,0,48,32) total=1536 opaque=1536 keyTransparent=0 alphaTransparent=0
TornieGFX: atlas-built 3x2 frame=3 rect=(144,0,48,32) total=1536 opaque=1536 keyTransparent=0 alphaTransparent=0
TornieGFX: atlas-final 3x2 surface=192x32 bpp=8 bytes=1 paletteColors=256 colorKey=yes/0 blend=0 frameSize=48x32 frames=4
TornieGFX: atlas-final 3x2 palette transparent[0]=(0,0,0,0) black[12]=(0,0,0,255)
TornieGFX: atlas-final 3x2 frame=0 rect=(0,0,48,32) total=1536 opaque=1536 keyTransparent=0 alphaTransparent=0
TornieGFX: atlas-final 3x2 frame=1 rect=(48,0,48,32) total=1536 opaque=1536 keyTransparent=0 alphaTransparent=0
TornieGFX: atlas-final 3x2 frame=2 rect=(96,0,48,32) total=1536 opaque=1536 keyTransparent=0 alphaTransparent=0
TornieGFX: atlas-final 3x2 frame=3 rect=(144,0,48,32) total=1536 opaque=1536 keyTransparent=0 alphaTransparent=0
GFXManager: Advanced Windtrap 3x2 sprite loaded for 18 visual colour slots
FileManager: using active-mod asset 'C:\Users\canti\AppData\Roaming\DuneCity\mods/Tornie/data/RocketTrikeMask.png'
GFXManager: Loaded RocketTrikeMask.png (palette-indexed, per-house remap)
FileManager: using active-mod asset 'C:\Users\canti\AppData\Roaming\DuneCity\mods/Tornie/data/SonicTrikeMask.png'
GFXManager: Loaded SonicTrikeMask.png (palette-indexed, per-house remap)
GFXManager: Loading EliteSiegeTank.png...
FileManager: using active-mod asset 'C:\Users\canti\AppData\Roaming\DuneCity\mods/Tornie/data/EliteSiegeTank.png'
GFXManager: EliteSiegeTank.png loaded (all zoom levels)
GFXManager: Tornie UNITS2 asset 'TornieUnits2.png' loaded through active Tornie lookup
FileManager: using active-mod asset 'C:\Users\canti\AppData\Roaming\DuneCity\mods/Tornie/data/TornieUnits2.png'
GFXManager: installed Tornie Elite Siege Tank turret ground-unit atlas
GFXManager: Worfinery asset 'BUILDING_3x2_worfinery.png' loaded through active Tornie lookup
FileManager: using active-mod asset 'C:\Users\canti\AppData\Roaming\DuneCity\mods/Tornie/data/BUILDING_3x2_worfinery.png'
TornieGFX: raw-normalized Worfinery surface=48x224 bpp=8 bytes=1 paletteColors=256 colorKey=yes/0 blend=0 frameSize=48x32 frames=7
TornieGFX: raw-normalized Worfinery palette transparent[0]=(0,0,0,0) black[12]=(0,0,0,255)
TornieGFX: raw-normalized Worfinery frame=0 rect=(0,0,48,32) total=1536 opaque=1536 keyTransparent=0 alphaTransparent=0
TornieGFX: raw-normalized Worfinery frame=1 rect=(0,32,48,32) total=1536 opaque=1536 keyTransparent=0 alphaTransparent=0
TornieGFX: raw-normalized Worfinery frame=2 rect=(0,64,48,32) total=1536 opaque=1536 keyTransparent=0 alphaTransparent=0
TornieGFX: raw-normalized Worfinery frame=3 rect=(0,96,48,32) total=1536 opaque=1536 keyTransparent=0 alphaTransparent=0
TornieGFX: raw-normalized Worfinery frame=4 rect=(0,128,48,32) total=1536 opaque=1536 keyTransparent=0 alphaTransparent=0
TornieGFX: raw-normalized Worfinery frame=5 rect=(0,160,48,32) total=1536 opaque=1536 keyTransparent=0 alphaTransparent=0
TornieGFX: raw-normalized Worfinery frame=6 rect=(0,192,48,32) total=1536 opaque=1536 keyTransparent=0 alphaTransparent=0
GFXManager: Worfinery asset 'BUILDING_3x2_prebuild.png' loaded through active Tornie lookup
FileManager: using active-mod asset 'C:\Users\canti\AppData\Roaming\DuneCity\mods/Tornie/data/BUILDING_3x2_prebuild.png'
TornieGFX: build-normalized Worfinery surface=48x32 bpp=8 bytes=1 paletteColors=256 colorKey=yes/0 blend=0 frameSize=48x32 frames=1
TornieGFX: build-normalized Worfinery palette transparent[0]=(0,0,0,0) black[12]=(0,0,0,255)
TornieGFX: build-normalized Worfinery frame=0 rect=(0,0,48,32) total=1536 opaque=1536 keyTransparent=0 alphaTransparent=0
TornieGFX: atlas-built Worfinery surface=480x32 bpp=8 bytes=1 paletteColors=256 colorKey=yes/0 blend=0 frameSize=48x32 frames=10
TornieGFX: atlas-built Worfinery palette transparent[0]=(0,0,0,0) black[12]=(0,1,0,255)
TornieGFX: atlas-built Worfinery frame=0 rect=(0,0,48,32) total=1536 opaque=1536 keyTransparent=0 alphaTransparent=0
TornieGFX: atlas-built Worfinery frame=1 rect=(48,0,48,32) total=1536 opaque=1536 keyTransparent=0 alphaTransparent=0
TornieGFX: atlas-built Worfinery frame=2 rect=(96,0,48,32) total=1536 opaque=1536 keyTransparent=0 alphaTransparent=0
TornieGFX: atlas-built Worfinery frame=3 rect=(144,0,48,32) total=1536 opaque=1536 keyTransparent=0 alphaTransparent=0
TornieGFX: atlas-built Worfinery frame=4 rect=(192,0,48,32) total=1536 opaque=1536 keyTransparent=0 alphaTransparent=0
TornieGFX: atlas-built Worfinery frame=5 rect=(240,0,48,32) total=1536 opaque=1536 keyTransparent=0 alphaTransparent=0
TornieGFX: atlas-built Worfinery frame=6 rect=(288,0,48,32) total=1536 opaque=1536 keyTransparent=0 alphaTransparent=0
TornieGFX: atlas-built Worfinery frame=7 rect=(336,0,48,32) total=1536 opaque=1536 keyTransparent=0 alphaTransparent=0
TornieGFX: atlas-final Worfinery surface=480x32 bpp=8 bytes=1 paletteColors=256 colorKey=yes/0 blend=0 frameSize=48x32 frames=10
TornieGFX: atlas-final Worfinery palette transparent[0]=(0,0,0,0) black[12]=(0,0,0,255)
TornieGFX: atlas-final Worfinery frame=0 rect=(0,0,48,32) total=1536 opaque=1536 keyTransparent=0 alphaTransparent=0
TornieGFX: atlas-final Worfinery frame=1 rect=(48,0,48,32) total=1536 opaque=1536 keyTransparent=0 alphaTransparent=0
TornieGFX: atlas-final Worfinery frame=2 rect=(96,0,48,32) total=1536 opaque=1536 keyTransparent=0 alphaTransparent=0
TornieGFX: atlas-final Worfinery frame=3 rect=(144,0,48,32) total=1536 opaque=1536 keyTransparent=0 alphaTransparent=0
TornieGFX: atlas-final Worfinery frame=4 rect=(192,0,48,32) total=1536 opaque=1536 keyTransparent=0 alphaTransparent=0
TornieGFX: atlas-final Worfinery frame=5 rect=(240,0,48,32) total=1536 opaque=1536 keyTransparent=0 alphaTransparent=0
TornieGFX: atlas-final Worfinery frame=6 rect=(288,0,48,32) total=1536 opaque=1536 keyTransparent=0 alphaTransparent=0
TornieGFX: atlas-final Worfinery frame=7 rect=(336,0,48,32) total=1536 opaque=1536 keyTransparent=0 alphaTransparent=0
GFXManager: Worfinery sprite 'BUILDING_3x2_worfinery.png' loaded (all zoom levels)
GFXManager: TechCenter asset 'TechCenter.png' loaded through active Tornie lookup
FileManager: using active-mod asset 'C:\Users\canti\AppData\Roaming\DuneCity\mods/Tornie/data/TechCenter.png'
TornieGFX: raw-normalized TechCenter surface=48x64 bpp=8 bytes=1 paletteColors=256 colorKey=yes/0 blend=0 frameSize=48x32 frames=2
TornieGFX: raw-normalized TechCenter palette transparent[0]=(0,0,0,0) black[12]=(0,0,0,255)
TornieGFX: raw-normalized TechCenter frame=0 rect=(0,0,48,32) total=1536 opaque=1536 keyTransparent=0 alphaTransparent=0
TornieGFX: raw-normalized TechCenter frame=1 rect=(0,32,48,32) total=1536 opaque=1536 keyTransparent=0 alphaTransparent=0
GFXManager: TechCenter asset 'BUILDING_3x2_prebuild.png' loaded through active Tornie lookup
FileManager: using active-mod asset 'C:\Users\canti\AppData\Roaming\DuneCity\mods/Tornie/data/BUILDING_3x2_prebuild.png'
TornieGFX: build-normalized TechCenter surface=48x32 bpp=8 bytes=1 paletteColors=256 colorKey=yes/0 blend=0 frameSize=48x32 frames=1
TornieGFX: build-normalized TechCenter palette transparent[0]=(0,0,0,0) black[12]=(0,0,0,255)
TornieGFX: build-normalized TechCenter frame=0 rect=(0,0,48,32) total=1536 opaque=1536 keyTransparent=0 alphaTransparent=0
TornieGFX: atlas-built TechCenter surface=192x32 bpp=8 bytes=1 paletteColors=256 colorKey=yes/0 blend=0 frameSize=48x32 frames=4
TornieGFX: atlas-built TechCenter palette transparent[0]=(0,0,0,0) black[12]=(0,1,0,255)
TornieGFX: atlas-built TechCenter frame=0 rect=(0,0,48,32) total=1536 opaque=1536 keyTransparent=0 alphaTransparent=0
TornieGFX: atlas-built TechCenter frame=1 rect=(48,0,48,32) total=1536 opaque=1536 keyTransparent=0 alphaTransparent=0
TornieGFX: atlas-built TechCenter frame=2 rect=(96,0,48,32) total=1536 opaque=1536 keyTransparent=0 alphaTransparent=0
TornieGFX: atlas-built TechCenter frame=3 rect=(144,0,48,32) total=1536 opaque=1536 keyTransparent=0 alphaTransparent=0
TornieGFX: atlas-final TechCenter surface=192x32 bpp=8 bytes=1 paletteColors=256 colorKey=yes/0 blend=0 frameSize=48x32 frames=4
TornieGFX: atlas-final TechCenter palette transparent[0]=(0,0,0,0) black[12]=(0,0,0,255)
TornieGFX: atlas-final TechCenter frame=0 rect=(0,0,48,32) total=1536 opaque=1536 keyTransparent=0 alphaTransparent=0
TornieGFX: atlas-final TechCenter frame=1 rect=(48,0,48,32) total=1536 opaque=1536 keyTransparent=0 alphaTransparent=0
TornieGFX: atlas-final TechCenter frame=2 rect=(96,0,48,32) total=1536 opaque=1536 keyTransparent=0 alphaTransparent=0
TornieGFX: atlas-final TechCenter frame=3 rect=(144,0,48,32) total=1536 opaque=1536 keyTransparent=0 alphaTransparent=0
GFXManager: TechCenter sprite 'TechCenter.png' loaded (all zoom levels)
GFXManager: Scoutpost asset 'Scoutpost.png' loaded through active Tornie lookup
FileManager: using active-mod asset 'C:\Users\canti\AppData\Roaming\DuneCity\mods/Tornie/data/Scoutpost.png'
TornieGFX: raw-normalized Scoutpost surface=16x32 bpp=8 bytes=1 paletteColors=256 colorKey=yes/0 blend=0 frameSize=16x16 frames=2
TornieGFX: raw-normalized Scoutpost palette transparent[0]=(0,0,0,0) black[12]=(0,0,0,255)
TornieGFX: raw-normalized Scoutpost frame=0 rect=(0,0,16,16) total=256 opaque=256 keyTransparent=0 alphaTransparent=0
TornieGFX: raw-normalized Scoutpost frame=1 rect=(0,16,16,16) total=256 opaque=256 keyTransparent=0 alphaTransparent=0
GFXManager: Scoutpost asset 'BUILDING_1x1_prebuild.png' loaded through active Tornie lookup
FileManager: using active-mod asset 'C:\Users\canti\AppData\Roaming\DuneCity\mods/Tornie/data/BUILDING_1x1_prebuild.png'
TornieGFX: build-normalized Scoutpost surface=16x16 bpp=8 bytes=1 paletteColors=256 colorKey=yes/0 blend=0 frameSize=16x16 frames=1
TornieGFX: build-normalized Scoutpost palette transparent[0]=(0,0,0,0) black[12]=(0,0,0,255)
TornieGFX: build-normalized Scoutpost frame=0 rect=(0,0,16,16) total=256 opaque=256 keyTransparent=0 alphaTransparent=0
TornieGFX: atlas-built Scoutpost surface=64x16 bpp=8 bytes=1 paletteColors=256 colorKey=yes/0 blend=0 frameSize=16x16 frames=4
TornieGFX: atlas-built Scoutpost palette transparent[0]=(0,0,0,0) black[12]=(0,1,0,255)
TornieGFX: atlas-built Scoutpost frame=0 rect=(0,0,16,16) total=256 opaque=256 keyTransparent=0 alphaTransparent=0
TornieGFX: atlas-built Scoutpost frame=1 rect=(16,0,16,16) total=256 opaque=256 keyTransparent=0 alphaTransparent=0
TornieGFX: atlas-built Scoutpost frame=2 rect=(32,0,16,16) total=256 opaque=256 keyTransparent=0 alphaTransparent=0
TornieGFX: atlas-built Scoutpost frame=3 rect=(48,0,16,16) total=256 opaque=256 keyTransparent=0 alphaTransparent=0
TornieGFX: atlas-final Scoutpost surface=64x16 bpp=8 bytes=1 paletteColors=256 colorKey=yes/0 blend=0 frameSize=16x16 frames=4
TornieGFX: atlas-final Scoutpost palette transparent[0]=(0,0,0,0) black[12]=(0,0,0,255)
TornieGFX: atlas-final Scoutpost frame=0 rect=(0,0,16,16) total=256 opaque=256 keyTransparent=0 alphaTransparent=0
TornieGFX: atlas-final Scoutpost frame=1 rect=(16,0,16,16) total=256 opaque=256 keyTransparent=0 alphaTransparent=0
TornieGFX: atlas-final Scoutpost frame=2 rect=(32,0,16,16) total=256 opaque=256 keyTransparent=0 alphaTransparent=0
TornieGFX: atlas-final Scoutpost frame=3 rect=(48,0,16,16) total=256 opaque=256 keyTransparent=0 alphaTransparent=0
GFXManager: Scoutpost sprite 'Scoutpost.png' loaded (all zoom levels)
GFXManager: LoveFactory asset 'LoveFactory.png' loaded through active Tornie lookup
FileManager: using active-mod asset 'C:\Users\canti\AppData\Roaming\DuneCity\mods/Tornie/data/LoveFactory.png'
TornieGFX: raw-normalized LoveFactory surface=32x288 bpp=8 bytes=1 paletteColors=256 colorKey=yes/0 blend=0 frameSize=32x48 frames=6
TornieGFX: raw-normalized LoveFactory palette transparent[0]=(0,0,0,0) black[12]=(0,0,0,255)
TornieGFX: raw-normalized LoveFactory frame=0 rect=(0,0,32,48) total=1536 opaque=1536 keyTransparent=0 alphaTransparent=0
TornieGFX: raw-normalized LoveFactory frame=1 rect=(0,48,32,48) total=1536 opaque=1536 keyTransparent=0 alphaTransparent=0
TornieGFX: raw-normalized LoveFactory frame=2 rect=(0,96,32,48) total=1536 opaque=1536 keyTransparent=0 alphaTransparent=0
TornieGFX: raw-normalized LoveFactory frame=3 rect=(0,144,32,48) total=1536 opaque=1536 keyTransparent=0 alphaTransparent=0
TornieGFX: raw-normalized LoveFactory frame=4 rect=(0,192,32,48) total=1536 opaque=1536 keyTransparent=0 alphaTransparent=0
TornieGFX: raw-normalized LoveFactory frame=5 rect=(0,240,32,48) total=1536 opaque=1536 keyTransparent=0 alphaTransparent=0
TornieGFX: atlas-built LoveFactory surface=320x48 bpp=8 bytes=1 paletteColors=256 colorKey=yes/0 blend=0 frameSize=32x48 frames=10
TornieGFX: atlas-built LoveFactory palette transparent[0]=(0,0,0,0) black[12]=(0,1,0,255)
TornieGFX: atlas-built LoveFactory frame=0 rect=(0,0,32,48) total=1536 opaque=1536 keyTransparent=0 alphaTransparent=0
TornieGFX: atlas-built LoveFactory frame=1 rect=(32,0,32,48) total=1536 opaque=1536 keyTransparent=0 alphaTransparent=0
TornieGFX: atlas-built LoveFactory frame=2 rect=(64,0,32,48) total=1536 opaque=1536 keyTransparent=0 alphaTransparent=0
TornieGFX: atlas-built LoveFactory frame=3 rect=(96,0,32,48) total=1536 opaque=1536 keyTransparent=0 alphaTransparent=0
TornieGFX: atlas-built LoveFactory frame=4 rect=(128,0,32,48) total=1536 opaque=1536 keyTransparent=0 alphaTransparent=0
TornieGFX: atlas-built LoveFactory frame=5 rect=(160,0,32,48) total=1536 opaque=1536 keyTransparent=0 alphaTransparent=0
TornieGFX: atlas-built LoveFactory frame=6 rect=(192,0,32,48) total=1536 opaque=1536 keyTransparent=0 alphaTransparent=0
TornieGFX: atlas-built LoveFactory frame=7 rect=(224,0,32,48) total=1536 opaque=1536 keyTransparent=0 alphaTransparent=0
TornieGFX: atlas-final LoveFactory surface=320x48 bpp=8 bytes=1 paletteColors=256 colorKey=yes/0 blend=0 frameSize=32x48 frames=10
TornieGFX: atlas-final LoveFactory palette transparent[0]=(0,0,0,0) black[12]=(0,0,0,255)
TornieGFX: atlas-final LoveFactory frame=0 rect=(0,0,32,48) total=1536 opaque=1536 keyTransparent=0 alphaTransparent=0
TornieGFX: atlas-final LoveFactory frame=1 rect=(32,0,32,48) total=1536 opaque=1536 keyTransparent=0 alphaTransparent=0
TornieGFX: atlas-final LoveFactory frame=2 rect=(64,0,32,48) total=1536 opaque=1536 keyTransparent=0 alphaTransparent=0
TornieGFX: atlas-final LoveFactory frame=3 rect=(96,0,32,48) total=1536 opaque=1536 keyTransparent=0 alphaTransparent=0
TornieGFX: atlas-final LoveFactory frame=4 rect=(128,0,32,48) total=1536 opaque=1536 keyTransparent=0 alphaTransparent=0
TornieGFX: atlas-final LoveFactory frame=5 rect=(160,0,32,48) total=1536 opaque=1536 keyTransparent=0 alphaTransparent=0
TornieGFX: atlas-final LoveFactory frame=6 rect=(192,0,32,48) total=1536 opaque=1536 keyTransparent=0 alphaTransparent=0
TornieGFX: atlas-final LoveFactory frame=7 rect=(224,0,32,48) total=1536 opaque=1536 keyTransparent=0 alphaTransparent=0
GFXManager: LoveFactory sprite 'LoveFactory.png' loaded (all zoom levels)
GFXManager: ChaosFactory asset 'ChaosFactory.png' loaded through active Tornie lookup
FileManager: using active-mod asset 'C:\Users\canti\AppData\Roaming\DuneCity\mods/Tornie/data/ChaosFactory.png'
GFXManager: ChaosFactory sprite 'ChaosFactory.png' is not 8-bit indexed, refusing it
TornieGFX: rgba-convert Worfinery house=0 zoom=0 surface=480x32 opaque=15360 transparent=0 mask=palette
TornieGFX: rgba-convert Worfinery house=1 zoom=0 surface=480x32 opaque=15360 transparent=0 mask=palette
TornieGFX: rgba-convert Worfinery house=2 zoom=0 surface=480x32 opaque=15360 transparent=0 mask=palette
TornieGFX: rgba-convert Worfinery house=3 zoom=0 surface=480x32 opaque=15360 transparent=0 mask=palette
TornieGFX: rgba-convert Worfinery house=4 zoom=0 surface=480x32 opaque=15360 transparent=0 mask=palette
TornieGFX: rgba-convert Worfinery house=5 zoom=0 surface=480x32 opaque=15360 transparent=0 mask=palette
TornieGFX: rgba-convert Worfinery house=6 zoom=0 surface=480x32 opaque=15360 transparent=0 mask=palette
TornieGFX: rgba-convert Worfinery house=7 zoom=0 surface=480x32 opaque=15360 transparent=0 mask=palette
TornieGFX: rgba-convert Worfinery house=8 zoom=0 surface=480x32 opaque=15360 transparent=0 mask=palette
TornieGFX: rgba-convert Worfinery house=9 zoom=0 surface=480x32 opaque=15360 transparent=0 mask=palette
TornieGFX: rgba-convert Worfinery house=10 zoom=0 surface=480x32 opaque=15360 transparent=0 mask=palette
TornieGFX: rgba-convert Worfinery house=11 zoom=0 surface=480x32 opaque=15360 transparent=0 mask=palette
TornieGFX: rgba-convert Worfinery house=12 zoom=0 surface=480x32 opaque=15360 transparent=0 mask=palette
TornieGFX: rgba-convert Worfinery house=13 zoom=0 surface=480x32 opaque=15360 transparent=0 mask=palette
TornieGFX: rgba-convert Worfinery house=14 zoom=0 surface=480x32 opaque=15360 transparent=0 mask=palette
TornieGFX: rgba-convert Worfinery house=15 zoom=0 surface=480x32 opaque=15360 transparent=0 mask=palette
TornieGFX: rgba-convert Worfinery house=16 zoom=0 surface=480x32 opaque=15360 transparent=0 mask=palette
TornieGFX: rgba-convert Worfinery house=17 zoom=0 surface=480x32 opaque=15360 transparent=0 mask=palette
TornieGFX: v173-rgba Worfinery installed for 18 visual colour slots
TornieGFX: rgba-convert TechCenter house=0 zoom=0 surface=192x32 opaque=6144 transparent=0 mask=palette
TornieGFX: rgba-convert TechCenter house=1 zoom=0 surface=192x32 opaque=6144 transparent=0 mask=palette
TornieGFX: rgba-convert TechCenter house=2 zoom=0 surface=192x32 opaque=6144 transparent=0 mask=palette
TornieGFX: rgba-convert TechCenter house=3 zoom=0 surface=192x32 opaque=6144 transparent=0 mask=palette
TornieGFX: rgba-convert TechCenter house=4 zoom=0 surface=192x32 opaque=6144 transparent=0 mask=palette
TornieGFX: rgba-convert TechCenter house=5 zoom=0 surface=192x32 opaque=6144 transparent=0 mask=palette
TornieGFX: rgba-convert TechCenter house=6 zoom=0 surface=192x32 opaque=6144 transparent=0 mask=palette
TornieGFX: rgba-convert TechCenter house=7 zoom=0 surface=192x32 opaque=6144 transparent=0 mask=palette
TornieGFX: rgba-convert TechCenter house=8 zoom=0 surface=192x32 opaque=6144 transparent=0 mask=palette
TornieGFX: rgba-convert TechCenter house=9 zoom=0 surface=192x32 opaque=6144 transparent=0 mask=palette
TornieGFX: rgba-convert TechCenter house=10 zoom=0 surface=192x32 opaque=6144 transparent=0 mask=palette
TornieGFX: rgba-convert TechCenter house=11 zoom=0 surface=192x32 opaque=6144 transparent=0 mask=palette
TornieGFX: rgba-convert TechCenter house=12 zoom=0 surface=192x32 opaque=6144 transparent=0 mask=palette
TornieGFX: rgba-convert TechCenter house=13 zoom=0 surface=192x32 opaque=6144 transparent=0 mask=palette
TornieGFX: rgba-convert TechCenter house=14 zoom=0 surface=192x32 opaque=6144 transparent=0 mask=palette
TornieGFX: rgba-convert TechCenter house=15 zoom=0 surface=192x32 opaque=6144 transparent=0 mask=palette
TornieGFX: rgba-convert TechCenter house=16 zoom=0 surface=192x32 opaque=6144 transparent=0 mask=palette
TornieGFX: rgba-convert TechCenter house=17 zoom=0 surface=192x32 opaque=6144 transparent=0 mask=palette
TornieGFX: v173-rgba TechCenter installed for 18 visual colour slots
TornieGFX: rgba-convert Scoutpost house=0 zoom=0 surface=64x16 opaque=1024 transparent=0 mask=palette
TornieGFX: rgba-convert Scoutpost house=1 zoom=0 surface=64x16 opaque=1024 transparent=0 mask=palette
TornieGFX: rgba-convert Scoutpost house=2 zoom=0 surface=64x16 opaque=1024 transparent=0 mask=palette
TornieGFX: rgba-convert Scoutpost house=3 zoom=0 surface=64x16 opaque=1024 transparent=0 mask=palette
TornieGFX: rgba-convert Scoutpost house=4 zoom=0 surface=64x16 opaque=1024 transparent=0 mask=palette
TornieGFX: rgba-convert Scoutpost house=5 zoom=0 surface=64x16 opaque=1024 transparent=0 mask=palette
TornieGFX: rgba-convert Scoutpost house=6 zoom=0 surface=64x16 opaque=1024 transparent=0 mask=palette
TornieGFX: rgba-convert Scoutpost house=7 zoom=0 surface=64x16 opaque=1024 transparent=0 mask=palette
TornieGFX: rgba-convert Scoutpost house=8 zoom=0 surface=64x16 opaque=1024 transparent=0 mask=palette
TornieGFX: rgba-convert Scoutpost house=9 zoom=0 surface=64x16 opaque=1024 transparent=0 mask=palette
TornieGFX: rgba-convert Scoutpost house=10 zoom=0 surface=64x16 opaque=1024 transparent=0 mask=palette
TornieGFX: rgba-convert Scoutpost house=11 zoom=0 surface=64x16 opaque=1024 transparent=0 mask=palette
TornieGFX: rgba-convert Scoutpost house=12 zoom=0 surface=64x16 opaque=1024 transparent=0 mask=palette
TornieGFX: rgba-convert Scoutpost house=13 zoom=0 surface=64x16 opaque=1024 transparent=0 mask=palette
TornieGFX: rgba-convert Scoutpost house=14 zoom=0 surface=64x16 opaque=1024 transparent=0 mask=palette
TornieGFX: rgba-convert Scoutpost house=15 zoom=0 surface=64x16 opaque=1024 transparent=0 mask=palette
TornieGFX: rgba-convert Scoutpost house=16 zoom=0 surface=64x16 opaque=1024 transparent=0 mask=palette
TornieGFX: rgba-convert Scoutpost house=17 zoom=0 surface=64x16 opaque=1024 transparent=0 mask=palette
TornieGFX: v173-rgba Scoutpost installed for 18 visual colour slots
TornieGFX: rgba-convert LoveFactory house=0 zoom=0 surface=320x48 opaque=15360 transparent=0 mask=palette
TornieGFX: rgba-convert LoveFactory house=1 zoom=0 surface=320x48 opaque=15360 transparent=0 mask=palette
TornieGFX: rgba-convert LoveFactory house=2 zoom=0 surface=320x48 opaque=15360 transparent=0 mask=palette
TornieGFX: rgba-convert LoveFactory house=3 zoom=0 surface=320x48 opaque=15360 transparent=0 mask=palette
TornieGFX: rgba-convert LoveFactory house=4 zoom=0 surface=320x48 opaque=15360 transparent=0 mask=palette
TornieGFX: rgba-convert LoveFactory house=5 zoom=0 surface=320x48 opaque=15360 transparent=0 mask=palette
TornieGFX: rgba-convert LoveFactory house=6 zoom=0 surface=320x48 opaque=15360 transparent=0 mask=palette
TornieGFX: rgba-convert LoveFactory house=7 zoom=0 surface=320x48 opaque=15360 transparent=0 mask=palette
TornieGFX: rgba-convert LoveFactory house=8 zoom=0 surface=320x48 opaque=15360 transparent=0 mask=palette
TornieGFX: rgba-convert LoveFactory house=9 zoom=0 surface=320x48 opaque=15360 transparent=0 mask=palette
TornieGFX: rgba-convert LoveFactory house=10 zoom=0 surface=320x48 opaque=15360 transparent=0 mask=palette
TornieGFX: rgba-convert LoveFactory house=11 zoom=0 surface=320x48 opaque=15360 transparent=0 mask=palette
TornieGFX: rgba-convert LoveFactory house=12 zoom=0 surface=320x48 opaque=15360 transparent=0 mask=palette
TornieGFX: rgba-convert LoveFactory house=13 zoom=0 surface=320x48 opaque=15360 transparent=0 mask=palette
TornieGFX: rgba-convert LoveFactory house=14 zoom=0 surface=320x48 opaque=15360 transparent=0 mask=palette
TornieGFX: rgba-convert LoveFactory house=15 zoom=0 surface=320x48 opaque=15360 transparent=0 mask=palette
TornieGFX: rgba-convert LoveFactory house=16 zoom=0 surface=320x48 opaque=15360 transparent=0 mask=palette
TornieGFX: rgba-convert LoveFactory house=17 zoom=0 surface=320x48 opaque=15360 transparent=0 mask=palette
TornieGFX: v173-rgba LoveFactory installed for 18 visual colour slots
TornieGFX: v173-rgba ChaosFactory skipped (base atlas is not indexed)
FileManager: using active-mod asset 'C:\Users\canti\AppData\Roaming\DuneCity\mods/Tornie/data/Green_Post.png'
TornieGFX: rgba-convert Scoutpost house=0 zoom=0 surface=16x32 opaque=512 transparent=0 mask=palette
TornieGFX: rgba-convert Scoutpost house=1 zoom=0 surface=16x32 opaque=512 transparent=0 mask=palette
TornieGFX: rgba-convert Scoutpost house=2 zoom=0 surface=16x32 opaque=512 transparent=0 mask=palette
TornieGFX: rgba-convert Scoutpost house=3 zoom=0 surface=16x32 opaque=512 transparent=0 mask=palette
TornieGFX: rgba-convert Scoutpost house=4 zoom=0 surface=16x32 opaque=512 transparent=0 mask=palette
TornieGFX: rgba-convert Scoutpost house=5 zoom=0 surface=16x32 opaque=512 transparent=0 mask=palette
TornieGFX: rgba-convert Scoutpost house=6 zoom=0 surface=16x32 opaque=512 transparent=0 mask=palette
TornieGFX: rgba-convert Scoutpost house=7 zoom=0 surface=16x32 opaque=512 transparent=0 mask=palette
TornieGFX: rgba-convert Scoutpost house=8 zoom=0 surface=16x32 opaque=512 transparent=0 mask=palette
TornieGFX: rgba-convert Scoutpost house=9 zoom=0 surface=16x32 opaque=512 transparent=0 mask=palette
TornieGFX: rgba-convert Scoutpost house=10 zoom=0 surface=16x32 opaque=512 transparent=0 mask=palette
TornieGFX: rgba-convert Scoutpost house=11 zoom=0 surface=16x32 opaque=512 transparent=0 mask=palette
TornieGFX: rgba-convert Scoutpost house=12 zoom=0 surface=16x32 opaque=512 transparent=0 mask=palette
TornieGFX: rgba-convert Scoutpost house=13 zoom=0 surface=16x32 opaque=512 transparent=0 mask=palette
TornieGFX: rgba-convert Scoutpost house=14 zoom=0 surface=16x32 opaque=512 transparent=0 mask=palette
TornieGFX: rgba-convert Scoutpost house=15 zoom=0 surface=16x32 opaque=512 transparent=0 mask=palette
TornieGFX: rgba-convert Scoutpost house=16 zoom=0 surface=16x32 opaque=512 transparent=0 mask=palette
TornieGFX: rgba-convert Scoutpost house=17 zoom=0 surface=16x32 opaque=512 transparent=0 mask=palette
FileManager: using active-mod asset 'C:\Users\canti\AppData\Roaming\DuneCity\mods/Tornie/data/Flamepost.png'
TornieGFX: rgba-convert Flamepost house=0 zoom=0 surface=16x32 opaque=512 transparent=0 mask=palette
TornieGFX: rgba-convert Flamepost house=1 zoom=0 surface=16x32 opaque=512 transparent=0 mask=palette
TornieGFX: rgba-convert Flamepost house=2 zoom=0 surface=16x32 opaque=512 transparent=0 mask=palette
TornieGFX: rgba-convert Flamepost house=3 zoom=0 surface=16x32 opaque=512 transparent=0 mask=palette
TornieGFX: rgba-convert Flamepost house=4 zoom=0 surface=16x32 opaque=512 transparent=0 mask=palette
TornieGFX: rgba-convert Flamepost house=5 zoom=0 surface=16x32 opaque=512 transparent=0 mask=palette
TornieGFX: rgba-convert Flamepost house=6 zoom=0 surface=16x32 opaque=512 transparent=0 mask=palette
TornieGFX: rgba-convert Flamepost house=7 zoom=0 surface=16x32 opaque=512 transparent=0 mask=palette
TornieGFX: rgba-convert Flamepost house=8 zoom=0 surface=16x32 opaque=512 transparent=0 mask=palette
TornieGFX: rgba-convert Flamepost house=9 zoom=0 surface=16x32 opaque=512 transparent=0 mask=palette
TornieGFX: rgba-convert Flamepost house=10 zoom=0 surface=16x32 opaque=512 transparent=0 mask=palette
TornieGFX: rgba-convert Flamepost house=11 zoom=0 surface=16x32 opaque=512 transparent=0 mask=palette
TornieGFX: rgba-convert Flamepost house=12 zoom=0 surface=16x32 opaque=512 transparent=0 mask=palette
TornieGFX: rgba-convert Flamepost house=13 zoom=0 surface=16x32 opaque=512 transparent=0 mask=palette
TornieGFX: rgba-convert Flamepost house=14 zoom=0 surface=16x32 opaque=512 transparent=0 mask=palette
TornieGFX: rgba-convert Flamepost house=15 zoom=0 surface=16x32 opaque=512 transparent=0 mask=palette
TornieGFX: rgba-convert Flamepost house=16 zoom=0 surface=16x32 opaque=512 transparent=0 mask=palette
TornieGFX: rgba-convert Flamepost house=17 zoom=0 surface=16x32 opaque=512 transparent=0 mask=palette
FileManager: using active-mod asset 'C:\Users\canti\AppData\Roaming\DuneCity\mods/Tornie/data/Chemipost.png'
TornieGFX: rgba-convert Chemipost house=0 zoom=0 surface=16x32 opaque=512 transparent=0 mask=palette
TornieGFX: rgba-convert Chemipost house=1 zoom=0 surface=16x32 opaque=512 transparent=0 mask=palette
TornieGFX: rgba-convert Chemipost house=2 zoom=0 surface=16x32 opaque=512 transparent=0 mask=palette
TornieGFX: rgba-convert Chemipost house=3 zoom=0 surface=16x32 opaque=512 transparent=0 mask=palette
TornieGFX: rgba-convert Chemipost house=4 zoom=0 surface=16x32 opaque=512 transparent=0 mask=palette
TornieGFX: rgba-convert Chemipost house=5 zoom=0 surface=16x32 opaque=512 transparent=0 mask=palette
TornieGFX: rgba-convert Chemipost house=6 zoom=0 surface=16x32 opaque=512 transparent=0 mask=palette
TornieGFX: rgba-convert Chemipost house=7 zoom=0 surface=16x32 opaque=512 transparent=0 mask=palette
TornieGFX: rgba-convert Chemipost house=8 zoom=0 surface=16x32 opaque=512 transparent=0 mask=palette
TornieGFX: rgba-convert Chemipost house=9 zoom=0 surface=16x32 opaque=512 transparent=0 mask=palette
TornieGFX: rgba-convert Chemipost house=10 zoom=0 surface=16x32 opaque=512 transparent=0 mask=palette
TornieGFX: rgba-convert Chemipost house=11 zoom=0 surface=16x32 opaque=512 transparent=0 mask=palette
TornieGFX: rgba-convert Chemipost house=12 zoom=0 surface=16x32 opaque=512 transparent=0 mask=palette
TornieGFX: rgba-convert Chemipost house=13 zoom=0 surface=16x32 opaque=512 transparent=0 mask=palette
TornieGFX: rgba-convert Chemipost house=14 zoom=0 surface=16x32 opaque=512 transparent=0 mask=palette
TornieGFX: rgba-convert Chemipost house=15 zoom=0 surface=16x32 opaque=512 transparent=0 mask=palette
TornieGFX: rgba-convert Chemipost house=16 zoom=0 surface=16x32 opaque=512 transparent=0 mask=palette
TornieGFX: rgba-convert Chemipost house=17 zoom=0 surface=16x32 opaque=512 transparent=0 mask=palette
FileManager: using active-mod asset 'C:\Users\canti\AppData\Roaming\DuneCity\mods/Tornie/data/ChaosFactory.png'
TornieGFX: rgba-convert ChaosFactory house=0 zoom=0 surface=48x64 opaque=3072 transparent=0 mask=palette
TornieGFX: rgba-convert ChaosFactory house=1 zoom=0 surface=48x64 opaque=3072 transparent=0 mask=palette
TornieGFX: rgba-convert ChaosFactory house=2 zoom=0 surface=48x64 opaque=3072 transparent=0 mask=palette
TornieGFX: rgba-convert ChaosFactory house=3 zoom=0 surface=48x64 opaque=3072 transparent=0 mask=palette
TornieGFX: rgba-convert ChaosFactory house=4 zoom=0 surface=48x64 opaque=3072 transparent=0 mask=palette
TornieGFX: rgba-convert ChaosFactory house=5 zoom=0 surface=48x64 opaque=3072 transparent=0 mask=palette
TornieGFX: rgba-convert ChaosFactory house=6 zoom=0 surface=48x64 opaque=3072 transparent=0 mask=palette
TornieGFX: rgba-convert ChaosFactory house=7 zoom=0 surface=48x64 opaque=3072 transparent=0 mask=palette
TornieGFX: rgba-convert ChaosFactory house=8 zoom=0 surface=48x64 opaque=3072 transparent=0 mask=palette
TornieGFX: rgba-convert ChaosFactory house=9 zoom=0 surface=48x64 opaque=3072 transparent=0 mask=palette
TornieGFX: rgba-convert ChaosFactory house=10 zoom=0 surface=48x64 opaque=3072 transparent=0 mask=palette
TornieGFX: rgba-convert ChaosFactory house=11 zoom=0 surface=48x64 opaque=3072 transparent=0 mask=palette
TornieGFX: rgba-convert ChaosFactory house=12 zoom=0 surface=48x64 opaque=3072 transparent=0 mask=palette
TornieGFX: rgba-convert ChaosFactory house=13 zoom=0 surface=48x64 opaque=3072 transparent=0 mask=palette
TornieGFX: rgba-convert ChaosFactory house=14 zoom=0 surface=48x64 opaque=3072 transparent=0 mask=palette
TornieGFX: rgba-convert ChaosFactory house=15 zoom=0 surface=48x64 opaque=3072 transparent=0 mask=palette
TornieGFX: rgba-convert ChaosFactory house=16 zoom=0 surface=48x64 opaque=3072 transparent=0 mask=palette
TornieGFX: rgba-convert ChaosFactory house=17 zoom=0 surface=48x64 opaque=3072 transparent=0 mask=palette
FileManager: using active-mod asset 'C:\Users\canti\AppData\Roaming\DuneCity\mods/Tornie/data/ChemicalCarryall.png'
GFXManager: reloaded Chemical Carryall graphics for the active mod
GFXManager: portrait asset 'RocketTrikeIcon.png' loaded through active Tornie lookup
FileManager: using active-mod asset 'C:\Users\canti\AppData\Roaming\DuneCity\mods/Tornie/data/RocketTrikeIcon.png'
GFXManager: portrait asset 'SonicTrikeIcon.png' loaded through active Tornie lookup
FileManager: using active-mod asset 'C:\Users\canti\AppData\Roaming\DuneCity\mods/Tornie/data/SonicTrikeIcon.png'
GFXManager: portrait asset 'FlameTankIcon.png' loaded through active Tornie lookup
FileManager: using active-mod asset 'C:\Users\canti\AppData\Roaming\DuneCity\mods/Tornie/data/FlameTankIcon.png'
GFXManager: portrait asset 'EliteLauncherIcon.png' loaded through active Tornie lookup
FileManager: using active-mod asset 'C:\Users\canti\AppData\Roaming\DuneCity\mods/Tornie/data/EliteLauncherIcon.png'
GFXManager: portrait asset 'EliteSiegeTankIcon.png' loaded through active Tornie lookup
FileManager: using active-mod asset 'C:\Users\canti\AppData\Roaming\DuneCity\mods/Tornie/data/EliteSiegeTankIcon.png'
GFXManager: portrait asset 'ChemicalSiegeTankIcon.png' loaded through active Tornie lookup
FileManager: using active-mod asset 'C:\Users\canti\AppData\Roaming\DuneCity\mods/Tornie/data/ChemicalSiegeTankIcon.png'
GFXManager: portrait asset 'ChemicalCarryallIcon.png' loaded through active Tornie lookup
FileManager: using active-mod asset 'C:\Users\canti\AppData\Roaming\DuneCity\mods/Tornie/data/ChemicalCarryallIcon.png'
GFXManager: portrait asset 'Tornie_AdvancedWindtrap_icon.png' loaded through active Tornie lookup
FileManager: using active-mod asset 'C:\Users\canti\AppData\Roaming\DuneCity\mods/Tornie/data/Tornie_AdvancedWindtrap_icon.png'
GFXManager: portrait asset 'WorfineryIcon.png' loaded through active Tornie lookup
FileManager: using active-mod asset 'C:\Users\canti\AppData\Roaming\DuneCity\mods/Tornie/data/WorfineryIcon.png'
GFXManager: portrait asset 'TechCenterIcon.png' loaded through active Tornie lookup
FileManager: using active-mod asset 'C:\Users\canti\AppData\Roaming\DuneCity\mods/Tornie/data/TechCenterIcon.png'
GFXManager: resized portrait TechCenterIcon.png from 182x110 to 91x55
GFXManager: portrait asset 'ScoutpostIcon.png' loaded through active Tornie lookup
FileManager: using active-mod asset 'C:\Users\canti\AppData\Roaming\DuneCity\mods/Tornie/data/ScoutpostIcon.png'
GFXManager: portrait asset 'FlamepostIcon.png' loaded through active Tornie lookup
FileManager: using active-mod asset 'C:\Users\canti\AppData\Roaming\DuneCity\mods/Tornie/data/FlamepostIcon.png'
GFXManager: resized portrait FlamepostIcon.png from 182x110 to 91x55
GFXManager: portrait asset 'ChemipostIcon.png' loaded through active Tornie lookup
FileManager: using active-mod asset 'C:\Users\canti\AppData\Roaming\DuneCity\mods/Tornie/data/ChemipostIcon.png'
GFXManager: resized portrait ChemipostIcon.png from 182x110 to 91x55
GFXManager: portrait asset 'ChaosFactoryIcon.png' loaded through active Tornie lookup
FileManager: using active-mod asset 'C:\Users\canti\AppData\Roaming\DuneCity\mods/Tornie/data/ChaosFactoryIcon.png'
GFXManager: portrait asset 'LoveFactoryIcon.png' loaded through active Tornie lookup
FileManager: using active-mod asset 'C:\Users\canti\AppData\Roaming\DuneCity\mods/Tornie/data/LoveFactoryIcon.png'
GFXManager: portrait asset 'PalaceTrikeAndQuadIcon.png' loaded through active Tornie lookup
FileManager: using active-mod asset 'C:\Users\canti\AppData\Roaming\DuneCity\mods/Tornie/data/PalaceTrikeAndQuadIcon.png'
GFXManager: portrait asset 'PalaceRebelsChargingIcon.png' loaded through active Tornie lookup
FileManager: using active-mod asset 'C:\Users\canti\AppData\Roaming\DuneCity\mods/Tornie/data/PalaceRebelsChargingIcon.png'
GFXManager: portrait asset 'HarvestankIcon.png' loaded through active Tornie lookup
FileManager: using active-mod asset 'C:\Users\canti\AppData\Roaming\DuneCity\mods/Tornie/data/HarvestankIcon.png'
FileManager: using active-mod asset 'C:\Users\canti\AppData\Roaming\DuneCity\mods/Tornie/data/RocketTrikeIcon.png'
FileManager: using active-mod asset 'C:\Users\canti\AppData\Roaming\DuneCity\mods/Tornie/data/SonicTrikeIcon.png'
FileManager: using active-mod asset 'C:\Users\canti\AppData\Roaming\DuneCity\mods/Tornie/data/FlameTankIcon.png'
FileManager: using active-mod asset 'C:\Users\canti\AppData\Roaming\DuneCity\mods/Tornie/data/EliteLauncherIcon.png'
FileManager: using active-mod asset 'C:\Users\canti\AppData\Roaming\DuneCity\mods/Tornie/data/EliteSiegeTankIcon.png'
FileManager: using active-mod asset 'C:\Users\canti\AppData\Roaming\DuneCity\mods/Tornie/data/ChemicalSiegeTankIcon.png'
FileManager: using active-mod asset 'C:\Users\canti\AppData\Roaming\DuneCity\mods/Tornie/data/ChemicalCarryallIcon.png'
FileManager: using active-mod asset 'C:\Users\canti\AppData\Roaming\DuneCity\mods/Tornie/data/Tornie_AdvancedWindtrap_icon.png'
FileManager: using active-mod asset 'C:\Users\canti\AppData\Roaming\DuneCity\mods/Tornie/data/WorfineryIcon.png'
FileManager: using active-mod asset 'C:\Users\canti\AppData\Roaming\DuneCity\mods/Tornie/data/TechCenterIcon.png'
FileManager: using active-mod asset 'C:\Users\canti\AppData\Roaming\DuneCity\mods/Tornie/data/ScoutpostIcon.png'
FileManager: using active-mod asset 'C:\Users\canti\AppData\Roaming\DuneCity\mods/Tornie/data/FlamepostIcon.png'
FileManager: using active-mod asset 'C:\Users\canti\AppData\Roaming\DuneCity\mods/Tornie/data/ChemipostIcon.png'
FileManager: using active-mod asset 'C:\Users\canti\AppData\Roaming\DuneCity\mods/Tornie/data/ChaosFactoryIcon.png'
FileManager: using active-mod asset 'C:\Users\canti\AppData\Roaming\DuneCity\mods/Tornie/data/LoveFactoryIcon.png'
FileManager: using active-mod asset 'C:\Users\canti\AppData\Roaming\DuneCity\mods/Tornie/data/PalaceTrikeAndQuadIcon.png'
FileManager: using active-mod asset 'C:\Users\canti\AppData\Roaming\DuneCity\mods/Tornie/data/PalaceRebelsChargingIcon.png'
FileManager: using active-mod asset 'C:\Users\canti\AppData\Roaming\DuneCity\mods/Tornie/data/HarvestankIcon.png'
FileManager: using active-mod asset 'C:\Users\canti\AppData\Roaming\DuneCity\mods/Tornie/data/MENTATH.CPS'
FileManager: using active-mod asset 'C:\Users\canti\AppData\Roaming\DuneCity\mods/Tornie/data/MENTATA.CPS'
FileManager: using active-mod asset 'C:\Users\canti\AppData\Roaming\DuneCity\mods/Tornie/data/MENTATO.CPS'
FileManager: using active-mod asset 'C:\Users\canti\AppData\Roaming\DuneCity\mods/Tornie/data/PaulAtreidesMentat.png'
FileManager: using active-mod asset 'C:\Users\canti\AppData\Roaming\DuneCity\mods/Tornie/data/PaulAtreidesEyes.png'
FileManager: using active-mod asset 'C:\Users\canti\AppData\Roaming\DuneCity\mods/Tornie/data/PaulAtreidesMouth.png'
FileManager: using active-mod asset 'C:\Users\canti\AppData\Roaming\DuneCity\mods/Tornie/data/ChaniMentat.png'
FileManager: using active-mod asset 'C:\Users\canti\AppData\Roaming\DuneCity\mods/Tornie/data/ChaniMentatEyes.png'
FileManager: using active-mod asset 'C:\Users\canti\AppData\Roaming\DuneCity\mods/Tornie/data/ChaniMentatMouth.png'
FileManager: using active-mod asset 'C:\Users\canti\AppData\Roaming\DuneCity\mods/Tornie/data/ChaniMentat.png'
FileManager: using active-mod asset 'C:\Users\canti\AppData\Roaming\DuneCity\mods/Tornie/data/ChaniMentatEyes.png'
FileManager: using active-mod asset 'C:\Users\canti\AppData\Roaming\DuneCity\mods/Tornie/data/ChaniMentatMouth.png'
FileManager: using active-mod asset 'C:\Users\canti\AppData\Roaming\DuneCity\mods/Tornie/data/ChaniMentat.png'
FileManager: using active-mod asset 'C:\Users\canti\AppData\Roaming\DuneCity\mods/Tornie/data/ChaniMentatEyes.png'
FileManager: using active-mod asset 'C:\Users\canti\AppData\Roaming\DuneCity\mods/Tornie/data/ChaniMentatMouth.png'
FileManager: using active-mod asset 'C:\Users\canti\AppData\Roaming\DuneCity\mods/Tornie/data/ChaniMentat.png'
FileManager: using active-mod asset 'C:\Users\canti\AppData\Roaming\DuneCity\mods/Tornie/data/ChaniMentatEyes.png'
FileManager: using active-mod asset 'C:\Users\canti\AppData\Roaming\DuneCity\mods/Tornie/data/ChaniMentatMouth.png'
FileManager: using active-mod asset 'C:\Users\canti\AppData\Roaming\DuneCity\mods/Tornie/data/ChaniMentat.png'
FileManager: using active-mod asset 'C:\Users\canti\AppData\Roaming\DuneCity\mods/Tornie/data/ChaniMentatEyes.png'
FileManager: using active-mod asset 'C:\Users\canti\AppData\Roaming\DuneCity\mods/Tornie/data/ChaniMentatMouth.png'
FileManager: using active-mod asset 'C:\Users\canti\AppData\Roaming\DuneCity\mods/Tornie/data/ChaniMentat.png'
FileManager: using active-mod asset 'C:\Users\canti\AppData\Roaming\DuneCity\mods/Tornie/data/ChaniMentatEyes.png'
FileManager: using active-mod asset 'C:\Users\canti\AppData\Roaming\DuneCity\mods/Tornie/data/ChaniMentatMouth.png'
FileManager: using active-mod asset 'C:\Users\canti\AppData\Roaming\DuneCity\mods/Tornie/data/MENTATM.CPS'
FileManager: using active-mod asset 'C:\Users\canti\AppData\Roaming\DuneCity\mods/Tornie/data/HeraldNeu.png'
FileManager: using active-mod asset 'C:\Users\canti\AppData\Roaming\DuneCity\mods/Tornie/data/HeraldRebels.png'
FileManager: using active-mod asset 'C:\Users\canti\AppData\Roaming\DuneCity\mods/Tornie/data/HeraldCorruptique.png'
FileManager: using active-mod asset 'C:\Users\canti\AppData\Roaming\DuneCity\mods/Tornie/data/HeraldTharpique.png'
GFXManager: Advanced Windtrap editor asset 'Tornie_AdvancedWindtrap_gfx_editor.png' loaded through active Tornie lookup
FileManager: using active-mod asset 'C:\Users\canti\AppData\Roaming\DuneCity\mods/Tornie/data/Tornie_AdvancedWindtrap_gfx_editor.png'
FileManager: using active-mod asset 'C:\Users\canti\AppData\Roaming\DuneCity\mods/Tornie/data/MapEditorPen1x1.png'
FileManager: using active-mod asset 'C:\Users\canti\AppData\Roaming\DuneCity\mods/Tornie/data/MapEditorPen3x3.png'
FileManager: using active-mod asset 'C:\Users\canti\AppData\Roaming\DuneCity\mods/Tornie/data/MapEditorPen5x5.png'
FileManager: ignoring tiny active-mod VOC placeholder 'C:\Users\canti\AppData\Roaming\DuneCity\mods/Tornie/data/HHARVEST.VOC'
FileManager: ignoring tiny active-mod VOC placeholder 'C:\Users\canti\Documents\Codex\2026-07-31\cr\work\dunecity-tornie-1.0.524-23\build-test-win\bin\/mods/Tornie/data/HHARVEST.VOC'
FileManager: ignoring tiny active-mod VOC placeholder 'C:\Users\canti\Documents\Codex\2026-07-31\cr\work\dunecity-tornie-1.0.524-23\build-test-win\bin\/../../mods/Tornie/data/HHARVEST.VOC'
FileManager: ignoring tiny external VOC placeholder 'C:\Users\canti\Documents\Codex\2026-07-31\cr\work\dunecity-tornie-1.0.524-23\build-test-win\bin\/data/HHARVEST.VOC'
FileManager: ignoring tiny VOC placeholder 'HHARVEST.VOC' from TORNIE.PAK
FileManager: ignoring tiny active-mod VOC placeholder 'C:\Users\canti\AppData\Roaming\DuneCity\mods/Tornie/data/HUNIT.VOC'
FileManager: ignoring tiny active-mod VOC placeholder 'C:\Users\canti\Documents\Codex\2026-07-31\cr\work\dunecity-tornie-1.0.524-23\build-test-win\bin\/mods/Tornie/data/HUNIT.VOC'
FileManager: ignoring tiny active-mod VOC placeholder 'C:\Users\canti\Documents\Codex\2026-07-31\cr\work\dunecity-tornie-1.0.524-23\build-test-win\bin\/../../mods/Tornie/data/HUNIT.VOC'
FileManager: ignoring tiny external VOC placeholder 'C:\Users\canti\Documents\Codex\2026-07-31\cr\work\dunecity-tornie-1.0.524-23\build-test-win\bin\/data/HUNIT.VOC'
FileManager: ignoring tiny VOC placeholder 'HUNIT.VOC' from TORNIE.PAK
FileManager: ignoring tiny active-mod VOC placeholder 'C:\Users\canti\AppData\Roaming\DuneCity\mods/Tornie/data/HDEPLOY.VOC'
FileManager: ignoring tiny active-mod VOC placeholder 'C:\Users\canti\Documents\Codex\2026-07-31\cr\work\dunecity-tornie-1.0.524-23\build-test-win\bin\/mods/Tornie/data/HDEPLOY.VOC'
FileManager: ignoring tiny active-mod VOC placeholder 'C:\Users\canti\Documents\Codex\2026-07-31\cr\work\dunecity-tornie-1.0.524-23\build-test-win\bin\/../../mods/Tornie/data/HDEPLOY.VOC'
FileManager: ignoring tiny external VOC placeholder 'C:\Users\canti\Documents\Codex\2026-07-31\cr\work\dunecity-tornie-1.0.524-23\build-test-win\bin\/data/HDEPLOY.VOC'
FileManager: ignoring tiny VOC placeholder 'HDEPLOY.VOC' from TORNIE.PAK
FileManager: ignoring tiny active-mod VOC placeholder 'C:\Users\canti\AppData\Roaming\DuneCity\mods/Tornie/data/HLAUNCH.VOC'
FileManager: ignoring tiny active-mod VOC placeholder 'C:\Users\canti\Documents\Codex\2026-07-31\cr\work\dunecity-tornie-1.0.524-23\build-test-win\bin\/mods/Tornie/data/HLAUNCH.VOC'
FileManager: ignoring tiny active-mod VOC placeholder 'C:\Users\canti\Documents\Codex\2026-07-31\cr\work\dunecity-tornie-1.0.524-23\build-test-win\bin\/../../mods/Tornie/data/HLAUNCH.VOC'
FileManager: ignoring tiny external VOC placeholder 'C:\Users\canti\Documents\Codex\2026-07-31\cr\work\dunecity-tornie-1.0.524-23\build-test-win\bin\/data/HLAUNCH.VOC'
FileManager: ignoring tiny VOC placeholder 'HLAUNCH.VOC' from TORNIE.PAK
FileManager: ignoring tiny active-mod VOC placeholder 'C:\Users\canti\AppData\Roaming\DuneCity\mods/Tornie/data/HCONST.VOC'
FileManager: ignoring tiny active-mod VOC placeholder 'C:\Users\canti\Documents\Codex\2026-07-31\cr\work\dunecity-tornie-1.0.524-23\build-test-win\bin\/mods/Tornie/data/HCONST.VOC'
FileManager: ignoring tiny active-mod VOC placeholder 'C:\Users\canti\Documents\Codex\2026-07-31\cr\work\dunecity-tornie-1.0.524-23\build-test-win\bin\/../../mods/Tornie/data/HCONST.VOC'
FileManager: ignoring tiny external VOC placeholder 'C:\Users\canti\Documents\Codex\2026-07-31\cr\work\dunecity-tornie-1.0.524-23\build-test-win\bin\/data/HCONST.VOC'
FileManager: ignoring tiny VOC placeholder 'HCONST.VOC' from TORNIE.PAK
FileManager: ignoring tiny active-mod VOC placeholder 'C:\Users\canti\AppData\Roaming\DuneCity\mods/Tornie/data/HVEHICLE.VOC'
FileManager: ignoring tiny active-mod VOC placeholder 'C:\Users\canti\Documents\Codex\2026-07-31\cr\work\dunecity-tornie-1.0.524-23\build-test-win\bin\/mods/Tornie/data/HVEHICLE.VOC'
FileManager: ignoring tiny active-mod VOC placeholder 'C:\Users\canti\Documents\Codex\2026-07-31\cr\work\dunecity-tornie-1.0.524-23\build-test-win\bin\/../../mods/Tornie/data/HVEHICLE.VOC'
FileManager: ignoring tiny external VOC placeholder 'C:\Users\canti\Documents\Codex\2026-07-31\cr\work\dunecity-tornie-1.0.524-23\build-test-win\bin\/data/HVEHICLE.VOC'
FileManager: ignoring tiny VOC placeholder 'HVEHICLE.VOC' from TORNIE.PAK
FileManager: ignoring tiny active-mod VOC placeholder 'C:\Users\canti\AppData\Roaming\DuneCity\mods/Tornie/data/HREPAIR.VOC'
FileManager: ignoring tiny active-mod VOC placeholder 'C:\Users\canti\Documents\Codex\2026-07-31\cr\work\dunecity-tornie-1.0.524-23\build-test-win\bin\/mods/Tornie/data/HREPAIR.VOC'
FileManager: ignoring tiny active-mod VOC placeholder 'C:\Users\canti\Documents\Codex\2026-07-31\cr\work\dunecity-tornie-1.0.524-23\build-test-win\bin\/../../mods/Tornie/data/HREPAIR.VOC'
FileManager: ignoring tiny external VOC placeholder 'C:\Users\canti\Documents\Codex\2026-07-31\cr\work\dunecity-tornie-1.0.524-23\build-test-win\bin\/data/HREPAIR.VOC'
FileManager: ignoring tiny VOC placeholder 'HREPAIR.VOC' from TORNIE.PAK
FileManager: ignoring tiny active-mod VOC placeholder 'C:\Users\canti\AppData\Roaming\DuneCity\mods/Tornie/data/HFRIGATE.VOC'
FileManager: ignoring tiny active-mod VOC placeholder 'C:\Users\canti\Documents\Codex\2026-07-31\cr\work\dunecity-tornie-1.0.524-23\build-test-win\bin\/mods/Tornie/data/HFRIGATE.VOC'
FileManager: ignoring tiny active-mod VOC placeholder 'C:\Users\canti\Documents\Codex\2026-07-31\cr\work\dunecity-tornie-1.0.524-23\build-test-win\bin\/../../mods/Tornie/data/HFRIGATE.VOC'
FileManager: ignoring tiny external VOC placeholder 'C:\Users\canti\Documents\Codex\2026-07-31\cr\work\dunecity-tornie-1.0.524-23\build-test-win\bin\/data/HFRIGATE.VOC'
FileManager: ignoring tiny VOC placeholder 'HFRIGATE.VOC' from TORNIE.PAK
FileManager: ignoring tiny active-mod VOC placeholder 'C:\Users\canti\AppData\Roaming\DuneCity\mods/Tornie/data/HARRIVE.VOC'
FileManager: ignoring tiny active-mod VOC placeholder 'C:\Users\canti\Documents\Codex\2026-07-31\cr\work\dunecity-tornie-1.0.524-23\build-test-win\bin\/mods/Tornie/data/HARRIVE.VOC'
FileManager: ignoring tiny active-mod VOC placeholder 'C:\Users\canti\Documents\Codex\2026-07-31\cr\work\dunecity-tornie-1.0.524-23\build-test-win\bin\/../../mods/Tornie/data/HARRIVE.VOC'
FileManager: ignoring tiny external VOC placeholder 'C:\Users\canti\Documents\Codex\2026-07-31\cr\work\dunecity-tornie-1.0.524-23\build-test-win\bin\/data/HARRIVE.VOC'
FileManager: ignoring tiny VOC placeholder 'HARRIVE.VOC' from TORNIE.PAK
FileManager: ignoring tiny active-mod VOC placeholder 'C:\Users\canti\AppData\Roaming\DuneCity\mods/Tornie/data/HWIN.VOC'
FileManager: ignoring tiny active-mod VOC placeholder 'C:\Users\canti\Documents\Codex\2026-07-31\cr\work\dunecity-tornie-1.0.524-23\build-test-win\bin\/mods/Tornie/data/HWIN.VOC'
FileManager: ignoring tiny active-mod VOC placeholder 'C:\Users\canti\Documents\Codex\2026-07-31\cr\work\dunecity-tornie-1.0.524-23\build-test-win\bin\/../../mods/Tornie/data/HWIN.VOC'
FileManager: ignoring tiny external VOC placeholder 'C:\Users\canti\Documents\Codex\2026-07-31\cr\work\dunecity-tornie-1.0.524-23\build-test-win\bin\/data/HWIN.VOC'
FileManager: ignoring tiny VOC placeholder 'HWIN.VOC' from TORNIE.PAK
FileManager: ignoring tiny active-mod VOC placeholder 'C:\Users\canti\AppData\Roaming\DuneCity\mods/Tornie/data/HLOSE.VOC'
FileManager: ignoring tiny active-mod VOC placeholder 'C:\Users\canti\Documents\Codex\2026-07-31\cr\work\dunecity-tornie-1.0.524-23\build-test-win\bin\/mods/Tornie/data/HLOSE.VOC'
FileManager: ignoring tiny active-mod VOC placeholder 'C:\Users\canti\Documents\Codex\2026-07-31\cr\work\dunecity-tornie-1.0.524-23\build-test-win\bin\/../../mods/Tornie/data/HLOSE.VOC'
FileManager: ignoring tiny external VOC placeholder 'C:\Users\canti\Documents\Codex\2026-07-31\cr\work\dunecity-tornie-1.0.524-23\build-test-win\bin\/data/HLOSE.VOC'
FileManager: ignoring tiny VOC placeholder 'HLOSE.VOC' from TORNIE.PAK
FileManager: ignoring tiny active-mod VOC placeholder 'C:\Users\canti\AppData\Roaming\DuneCity\mods/Tornie/data/HRADAR.VOC'
FileManager: ignoring tiny active-mod VOC placeholder 'C:\Users\canti\Documents\Codex\2026-07-31\cr\work\dunecity-tornie-1.0.524-23\build-test-win\bin\/mods/Tornie/data/HRADAR.VOC'
FileManager: ignoring tiny active-mod VOC placeholder 'C:\Users\canti\Documents\Codex\2026-07-31\cr\work\dunecity-tornie-1.0.524-23\build-test-win\bin\/../../mods/Tornie/data/HRADAR.VOC'
FileManager: ignoring tiny external VOC placeholder 'C:\Users\canti\Documents\Codex\2026-07-31\cr\work\dunecity-tornie-1.0.524-23\build-test-win\bin\/data/HRADAR.VOC'
FileManager: ignoring tiny VOC placeholder 'HRADAR.VOC' from TORNIE.PAK
FileManager: ignoring tiny active-mod VOC placeholder 'C:\Users\canti\AppData\Roaming\DuneCity\mods/Tornie/data/HON.VOC'
FileManager: ignoring tiny active-mod VOC placeholder 'C:\Users\canti\Documents\Codex\2026-07-31\cr\work\dunecity-tornie-1.0.524-23\build-test-win\bin\/mods/Tornie/data/HON.VOC'
FileManager: ignoring tiny active-mod VOC placeholder 'C:\Users\canti\Documents\Codex\2026-07-31\cr\work\dunecity-tornie-1.0.524-23\build-test-win\bin\/../../mods/Tornie/data/HON.VOC'
FileManager: ignoring tiny external VOC placeholder 'C:\Users\canti\Documents\Codex\2026-07-31\cr\work\dunecity-tornie-1.0.524-23\build-test-win\bin\/data/HON.VOC'
FileManager: ignoring tiny VOC placeholder 'HON.VOC' from TORNIE.PAK
FileManager: ignoring tiny active-mod VOC placeholder 'C:\Users\canti\AppData\Roaming\DuneCity\mods/Tornie/data/HOFF.VOC'
FileManager: ignoring tiny active-mod VOC placeholder 'C:\Users\canti\Documents\Codex\2026-07-31\cr\work\dunecity-tornie-1.0.524-23\build-test-win\bin\/mods/Tornie/data/HOFF.VOC'
FileManager: ignoring tiny active-mod VOC placeholder 'C:\Users\canti\Documents\Codex\2026-07-31\cr\work\dunecity-tornie-1.0.524-23\build-test-win\bin\/../../mods/Tornie/data/HOFF.VOC'
FileManager: ignoring tiny external VOC placeholder 'C:\Users\canti\Documents\Codex\2026-07-31\cr\work\dunecity-tornie-1.0.524-23\build-test-win\bin\/data/HOFF.VOC'
FileManager: ignoring tiny VOC placeholder 'HOFF.VOC' from TORNIE.PAK
FileManager: ignoring tiny active-mod VOC placeholder 'C:\Users\canti\AppData\Roaming\DuneCity\mods/Tornie/data/HBLOOM.VOC'
FileManager: ignoring tiny active-mod VOC placeholder 'C:\Users\canti\Documents\Codex\2026-07-31\cr\work\dunecity-tornie-1.0.524-23\build-test-win\bin\/mods/Tornie/data/HBLOOM.VOC'
FileManager: ignoring tiny active-mod VOC placeholder 'C:\Users\canti\Documents\Codex\2026-07-31\cr\work\dunecity-tornie-1.0.524-23\build-test-win\bin\/../../mods/Tornie/data/HBLOOM.VOC'
FileManager: ignoring tiny external VOC placeholder 'C:\Users\canti\Documents\Codex\2026-07-31\cr\work\dunecity-tornie-1.0.524-23\build-test-win\bin\/data/HBLOOM.VOC'
FileManager: ignoring tiny VOC placeholder 'HBLOOM.VOC' from TORNIE.PAK
FileManager: ignoring tiny active-mod VOC placeholder 'C:\Users\canti\AppData\Roaming\DuneCity\mods/Tornie/data/HLOCATED.VOC'
FileManager: ignoring tiny active-mod VOC placeholder 'C:\Users\canti\Documents\Codex\2026-07-31\cr\work\dunecity-tornie-1.0.524-23\build-test-win\bin\/mods/Tornie/data/HLOCATED.VOC'
FileManager: ignoring tiny active-mod VOC placeholder 'C:\Users\canti\Documents\Codex\2026-07-31\cr\work\dunecity-tornie-1.0.524-23\build-test-win\bin\/../../mods/Tornie/data/HLOCATED.VOC'
FileManager: ignoring tiny external VOC placeholder 'C:\Users\canti\Documents\Codex\2026-07-31\cr\work\dunecity-tornie-1.0.524-23\build-test-win\bin\/data/HLOCATED.VOC'
FileManager: ignoring tiny VOC placeholder 'HLOCATED.VOC' from TORNIE.PAK
FileManager: ignoring tiny active-mod VOC placeholder 'C:\Users\canti\AppData\Roaming\DuneCity\mods/Tornie/data/HWARNING.VOC'
FileManager: ignoring tiny active-mod VOC placeholder 'C:\Users\canti\Documents\Codex\2026-07-31\cr\work\dunecity-tornie-1.0.524-23\build-test-win\bin\/mods/Tornie/data/HWARNING.VOC'
FileManager: ignoring tiny active-mod VOC placeholder 'C:\Users\canti\Documents\Codex\2026-07-31\cr\work\dunecity-tornie-1.0.524-23\build-test-win\bin\/../../mods/Tornie/data/HWARNING.VOC'
FileManager: ignoring tiny external VOC placeholder 'C:\Users\canti\Documents\Codex\2026-07-31\cr\work\dunecity-tornie-1.0.524-23\build-test-win\bin\/data/HWARNING.VOC'
FileManager: ignoring tiny VOC placeholder 'HWARNING.VOC' from TORNIE.PAK
FileManager: ignoring tiny active-mod VOC placeholder 'C:\Users\canti\AppData\Roaming\DuneCity\mods/Tornie/data/HWORMY.VOC'
FileManager: ignoring tiny active-mod VOC placeholder 'C:\Users\canti\Documents\Codex\2026-07-31\cr\work\dunecity-tornie-1.0.524-23\build-test-win\bin\/mods/Tornie/data/HWORMY.VOC'
FileManager: ignoring tiny active-mod VOC placeholder 'C:\Users\canti\Documents\Codex\2026-07-31\cr\work\dunecity-tornie-1.0.524-23\build-test-win\bin\/../../mods/Tornie/data/HWORMY.VOC'
FileManager: ignoring tiny external VOC placeholder 'C:\Users\canti\Documents\Codex\2026-07-31\cr\work\dunecity-tornie-1.0.524-23\build-test-win\bin\/data/HWORMY.VOC'
FileManager: ignoring tiny VOC placeholder 'HWORMY.VOC' from TORNIE.PAK
FileManager: ignoring tiny active-mod VOC placeholder 'C:\Users\canti\AppData\Roaming\DuneCity\mods/Tornie/data/HATTACK.VOC'
FileManager: ignoring tiny active-mod VOC placeholder 'C:\Users\canti\Documents\Codex\2026-07-31\cr\work\dunecity-tornie-1.0.524-23\build-test-win\bin\/mods/Tornie/data/HATTACK.VOC'
FileManager: ignoring tiny active-mod VOC placeholder 'C:\Users\canti\Documents\Codex\2026-07-31\cr\work\dunecity-tornie-1.0.524-23\build-test-win\bin\/../../mods/Tornie/data/HATTACK.VOC'
FileManager: ignoring tiny external VOC placeholder 'C:\Users\canti\Documents\Codex\2026-07-31\cr\work\dunecity-tornie-1.0.524-23\build-test-win\bin\/data/HATTACK.VOC'
FileManager: ignoring tiny VOC placeholder 'HATTACK.VOC' from TORNIE.PAK
FileManager: ignoring tiny active-mod VOC placeholder 'C:\Users\canti\AppData\Roaming\DuneCity\mods/Tornie/data/HSABOT.VOC'
FileManager: ignoring tiny active-mod VOC placeholder 'C:\Users\canti\Documents\Codex\2026-07-31\cr\work\dunecity-tornie-1.0.524-23\build-test-win\bin\/mods/Tornie/data/HSABOT.VOC'
FileManager: ignoring tiny active-mod VOC placeholder 'C:\Users\canti\Documents\Codex\2026-07-31\cr\work\dunecity-tornie-1.0.524-23\build-test-win\bin\/../../mods/Tornie/data/HSABOT.VOC'
FileManager: ignoring tiny external VOC placeholder 'C:\Users\canti\Documents\Codex\2026-07-31\cr\work\dunecity-tornie-1.0.524-23\build-test-win\bin\/data/HSABOT.VOC'
FileManager: ignoring tiny VOC placeholder 'HSABOT.VOC' from TORNIE.PAK
FileManager: ignoring tiny active-mod VOC placeholder 'C:\Users\canti\AppData\Roaming\DuneCity\mods/Tornie/data/HMISSILE.VOC'
FileManager: ignoring tiny active-mod VOC placeholder 'C:\Users\canti\Documents\Codex\2026-07-31\cr\work\dunecity-tornie-1.0.524-23\build-test-win\bin\/mods/Tornie/data/HMISSILE.VOC'
FileManager: ignoring tiny active-mod VOC placeholder 'C:\Users\canti\Documents\Codex\2026-07-31\cr\work\dunecity-tornie-1.0.524-23\build-test-win\bin\/../../mods/Tornie/data/HMISSILE.VOC'
FileManager: ignoring tiny external VOC placeholder 'C:\Users\canti\Documents\Codex\2026-07-31\cr\work\dunecity-tornie-1.0.524-23\build-test-win\bin\/data/HMISSILE.VOC'
FileManager: ignoring tiny VOC placeholder 'HMISSILE.VOC' from TORNIE.PAK
FileManager: ignoring tiny active-mod VOC placeholder 'C:\Users\canti\AppData\Roaming\DuneCity\mods/Tornie/data/HAPPRCH.VOC'
FileManager: ignoring tiny active-mod VOC placeholder 'C:\Users\canti\Documents\Codex\2026-07-31\cr\work\dunecity-tornie-1.0.524-23\build-test-win\bin\/mods/Tornie/data/HAPPRCH.VOC'
FileManager: ignoring tiny active-mod VOC placeholder 'C:\Users\canti\Documents\Codex\2026-07-31\cr\work\dunecity-tornie-1.0.524-23\build-test-win\bin\/../../mods/Tornie/data/HAPPRCH.VOC'
FileManager: ignoring tiny external VOC placeholder 'C:\Users\canti\Documents\Codex\2026-07-31\cr\work\dunecity-tornie-1.0.524-23\build-test-win\bin\/data/HAPPRCH.VOC'
FileManager: ignoring tiny VOC placeholder 'HAPPRCH.VOC' from TORNIE.PAK
FileManager: ignoring tiny active-mod VOC placeholder 'C:\Users\canti\AppData\Roaming\DuneCity\mods/Tornie/data/AHARVEST.VOC'
FileManager: ignoring tiny active-mod VOC placeholder 'C:\Users\canti\Documents\Codex\2026-07-31\cr\work\dunecity-tornie-1.0.524-23\build-test-win\bin\/mods/Tornie/data/AHARVEST.VOC'
FileManager: ignoring tiny active-mod VOC placeholder 'C:\Users\canti\Documents\Codex\2026-07-31\cr\work\dunecity-tornie-1.0.524-23\build-test-win\bin\/../../mods/Tornie/data/AHARVEST.VOC'
FileManager: ignoring tiny external VOC placeholder 'C:\Users\canti\Documents\Codex\2026-07-31\cr\work\dunecity-tornie-1.0.524-23\build-test-win\bin\/data/AHARVEST.VOC'
FileManager: ignoring tiny VOC placeholder 'AHARVEST.VOC' from TORNIE.PAK
FileManager: ignoring tiny active-mod VOC placeholder 'C:\Users\canti\AppData\Roaming\DuneCity\mods/Tornie/data/AUNIT.VOC'
FileManager: ignoring tiny active-mod VOC placeholder 'C:\Users\canti\Documents\Codex\2026-07-31\cr\work\dunecity-tornie-1.0.524-23\build-test-win\bin\/mods/Tornie/data/AUNIT.VOC'
FileManager: ignoring tiny active-mod VOC placeholder 'C:\Users\canti\Documents\Codex\2026-07-31\cr\work\dunecity-tornie-1.0.524-23\build-test-win\bin\/../../mods/Tornie/data/AUNIT.VOC'
FileManager: ignoring tiny external VOC placeholder 'C:\Users\canti\Documents\Codex\2026-07-31\cr\work\dunecity-tornie-1.0.524-23\build-test-win\bin\/data/AUNIT.VOC'
FileManager: ignoring tiny VOC placeholder 'AUNIT.VOC' from TORNIE.PAK
FileManager: ignoring tiny active-mod VOC placeholder 'C:\Users\canti\AppData\Roaming\DuneCity\mods/Tornie/data/ADEPLOY.VOC'
FileManager: ignoring tiny active-mod VOC placeholder 'C:\Users\canti\Documents\Codex\2026-07-31\cr\work\dunecity-tornie-1.0.524-23\build-test-win\bin\/mods/Tornie/data/ADEPLOY.VOC'
FileManager: ignoring tiny active-mod VOC placeholder 'C:\Users\canti\Documents\Codex\2026-07-31\cr\work\dunecity-tornie-1.0.524-23\build-test-win\bin\/../../mods/Tornie/data/ADEPLOY.VOC'
FileManager: ignoring tiny external VOC placeholder 'C:\Users\canti\Documents\Codex\2026-07-31\cr\work\dunecity-tornie-1.0.524-23\build-test-win\bin\/data/ADEPLOY.VOC'
FileManager: ignoring tiny VOC placeholder 'ADEPLOY.VOC' from TORNIE.PAK
FileManager: ignoring tiny active-mod VOC placeholder 'C:\Users\canti\AppData\Roaming\DuneCity\mods/Tornie/data/ALAUNCH.VOC'
FileManager: ignoring tiny active-mod VOC placeholder 'C:\Users\canti\Documents\Codex\2026-07-31\cr\work\dunecity-tornie-1.0.524-23\build-test-win\bin\/mods/Tornie/data/ALAUNCH.VOC'
FileManager: ignoring tiny active-mod VOC placeholder 'C:\Users\canti\Documents\Codex\2026-07-31\cr\work\dunecity-tornie-1.0.524-23\build-test-win\bin\/../../mods/Tornie/data/ALAUNCH.VOC'
FileManager: ignoring tiny external VOC placeholder 'C:\Users\canti\Documents\Codex\2026-07-31\cr\work\dunecity-tornie-1.0.524-23\build-test-win\bin\/data/ALAUNCH.VOC'
FileManager: ignoring tiny VOC placeholder 'ALAUNCH.VOC' from TORNIE.PAK
FileManager: ignoring tiny active-mod VOC placeholder 'C:\Users\canti\AppData\Roaming\DuneCity\mods/Tornie/data/ACONST.VOC'
FileManager: ignoring tiny active-mod VOC placeholder 'C:\Users\canti\Documents\Codex\2026-07-31\cr\work\dunecity-tornie-1.0.524-23\build-test-win\bin\/mods/Tornie/data/ACONST.VOC'
FileManager: ignoring tiny active-mod VOC placeholder 'C:\Users\canti\Documents\Codex\2026-07-31\cr\work\dunecity-tornie-1.0.524-23\build-test-win\bin\/../../mods/Tornie/data/ACONST.VOC'
FileManager: ignoring tiny external VOC placeholder 'C:\Users\canti\Documents\Codex\2026-07-31\cr\work\dunecity-tornie-1.0.524-23\build-test-win\bin\/data/ACONST.VOC'
FileManager: ignoring tiny VOC placeholder 'ACONST.VOC' from TORNIE.PAK
FileManager: ignoring tiny active-mod VOC placeholder 'C:\Users\canti\AppData\Roaming\DuneCity\mods/Tornie/data/AVEHICLE.VOC'
FileManager: ignoring tiny active-mod VOC placeholder 'C:\Users\canti\Documents\Codex\2026-07-31\cr\work\dunecity-tornie-1.0.524-23\build-test-win\bin\/mods/Tornie/data/AVEHICLE.VOC'
FileManager: ignoring tiny active-mod VOC placeholder 'C:\Users\canti\Documents\Codex\2026-07-31\cr\work\dunecity-tornie-1.0.524-23\build-test-win\bin\/../../mods/Tornie/data/AVEHICLE.VOC'
FileManager: ignoring tiny external VOC placeholder 'C:\Users\canti\Documents\Codex\2026-07-31\cr\work\dunecity-tornie-1.0.524-23\build-test-win\bin\/data/AVEHICLE.VOC'
FileManager: ignoring tiny VOC placeholder 'AVEHICLE.VOC' from TORNIE.PAK
FileManager: ignoring tiny active-mod VOC placeholder 'C:\Users\canti\AppData\Roaming\DuneCity\mods/Tornie/data/AREPAIR.VOC'
FileManager: ignoring tiny active-mod VOC placeholder 'C:\Users\canti\Documents\Codex\2026-07-31\cr\work\dunecity-tornie-1.0.524-23\build-test-win\bin\/mods/Tornie/data/AREPAIR.VOC'
FileManager: ignoring tiny active-mod VOC placeholder 'C:\Users\canti\Documents\Codex\2026-07-31\cr\work\dunecity-tornie-1.0.524-23\build-test-win\bin\/../../mods/Tornie/data/AREPAIR.VOC'
FileManager: ignoring tiny external VOC placeholder 'C:\Users\canti\Documents\Codex\2026-07-31\cr\work\dunecity-tornie-1.0.524-23\build-test-win\bin\/data/AREPAIR.VOC'
FileManager: ignoring tiny VOC placeholder 'AREPAIR.VOC' from TORNIE.PAK
FileManager: ignoring tiny active-mod VOC placeholder 'C:\Users\canti\AppData\Roaming\DuneCity\mods/Tornie/data/AFRIGATE.VOC'
FileManager: ignoring tiny active-mod VOC placeholder 'C:\Users\canti\Documents\Codex\2026-07-31\cr\work\dunecity-tornie-1.0.524-23\build-test-win\bin\/mods/Tornie/data/AFRIGATE.VOC'
FileManager: ignoring tiny active-mod VOC placeholder 'C:\Users\canti\Documents\Codex\2026-07-31\cr\work\dunecity-tornie-1.0.524-23\build-test-win\bin\/../../mods/Tornie/data/AFRIGATE.VOC'
FileManager: ignoring tiny external VOC placeholder 'C:\Users\canti\Documents\Codex\2026-07-31\cr\work\dunecity-tornie-1.0.524-23\build-test-win\bin\/data/AFRIGATE.VOC'
FileManager: ignoring tiny VOC placeholder 'AFRIGATE.VOC' from TORNIE.PAK
FileManager: ignoring tiny active-mod VOC placeholder 'C:\Users\canti\AppData\Roaming\DuneCity\mods/Tornie/data/AARRIVE.VOC'
FileManager: ignoring tiny active-mod VOC placeholder 'C:\Users\canti\Documents\Codex\2026-07-31\cr\work\dunecity-tornie-1.0.524-23\build-test-win\bin\/mods/Tornie/data/AARRIVE.VOC'
FileManager: ignoring tiny active-mod VOC placeholder 'C:\Users\canti\Documents\Codex\2026-07-31\cr\work\dunecity-tornie-1.0.524-23\build-test-win\bin\/../../mods/Tornie/data/AARRIVE.VOC'
FileManager: ignoring tiny external VOC placeholder 'C:\Users\canti\Documents\Codex\2026-07-31\cr\work\dunecity-tornie-1.0.524-23\build-test-win\bin\/data/AARRIVE.VOC'
FileManager: ignoring tiny VOC placeholder 'AARRIVE.VOC' from TORNIE.PAK
FileManager: ignoring tiny active-mod VOC placeholder 'C:\Users\canti\AppData\Roaming\DuneCity\mods/Tornie/data/AWIN.VOC'
FileManager: ignoring tiny active-mod VOC placeholder 'C:\Users\canti\Documents\Codex\2026-07-31\cr\work\dunecity-tornie-1.0.524-23\build-test-win\bin\/mods/Tornie/data/AWIN.VOC'
FileManager: ignoring tiny active-mod VOC placeholder 'C:\Users\canti\Documents\Codex\2026-07-31\cr\work\dunecity-tornie-1.0.524-23\build-test-win\bin\/../../mods/Tornie/data/AWIN.VOC'
FileManager: ignoring tiny external VOC placeholder 'C:\Users\canti\Documents\Codex\2026-07-31\cr\work\dunecity-tornie-1.0.524-23\build-test-win\bin\/data/AWIN.VOC'
FileManager: ignoring tiny VOC placeholder 'AWIN.VOC' from TORNIE.PAK
FileManager: ignoring tiny active-mod VOC placeholder 'C:\Users\canti\AppData\Roaming\DuneCity\mods/Tornie/data/ALOSE.VOC'
FileManager: ignoring tiny active-mod VOC placeholder 'C:\Users\canti\Documents\Codex\2026-07-31\cr\work\dunecity-tornie-1.0.524-23\build-test-win\bin\/mods/Tornie/data/ALOSE.VOC'
FileManager: ignoring tiny active-mod VOC placeholder 'C:\Users\canti\Documents\Codex\2026-07-31\cr\work\dunecity-tornie-1.0.524-23\build-test-win\bin\/../../mods/Tornie/data/ALOSE.VOC'
FileManager: ignoring tiny external VOC placeholder 'C:\Users\canti\Documents\Codex\2026-07-31\cr\work\dunecity-tornie-1.0.524-23\build-test-win\bin\/data/ALOSE.VOC'
FileManager: ignoring tiny VOC placeholder 'ALOSE.VOC' from TORNIE.PAK
FileManager: ignoring tiny active-mod VOC placeholder 'C:\Users\canti\AppData\Roaming\DuneCity\mods/Tornie/data/ARADAR.VOC'
FileManager: ignoring tiny active-mod VOC placeholder 'C:\Users\canti\Documents\Codex\2026-07-31\cr\work\dunecity-tornie-1.0.524-23\build-test-win\bin\/mods/Tornie/data/ARADAR.VOC'
FileManager: ignoring tiny active-mod VOC placeholder 'C:\Users\canti\Documents\Codex\2026-07-31\cr\work\dunecity-tornie-1.0.524-23\build-test-win\bin\/../../mods/Tornie/data/ARADAR.VOC'
FileManager: ignoring tiny external VOC placeholder 'C:\Users\canti\Documents\Codex\2026-07-31\cr\work\dunecity-tornie-1.0.524-23\build-test-win\bin\/data/ARADAR.VOC'
FileManager: ignoring tiny VOC placeholder 'ARADAR.VOC' from TORNIE.PAK
FileManager: ignoring tiny active-mod VOC placeholder 'C:\Users\canti\AppData\Roaming\DuneCity\mods/Tornie/data/AON.VOC'
FileManager: ignoring tiny active-mod VOC placeholder 'C:\Users\canti\Documents\Codex\2026-07-31\cr\work\dunecity-tornie-1.0.524-23\build-test-win\bin\/mods/Tornie/data/AON.VOC'
FileManager: ignoring tiny active-mod VOC placeholder 'C:\Users\canti\Documents\Codex\2026-07-31\cr\work\dunecity-tornie-1.0.524-23\build-test-win\bin\/../../mods/Tornie/data/AON.VOC'
FileManager: ignoring tiny external VOC placeholder 'C:\Users\canti\Documents\Codex\2026-07-31\cr\work\dunecity-tornie-1.0.524-23\build-test-win\bin\/data/AON.VOC'
FileManager: ignoring tiny VOC placeholder 'AON.VOC' from TORNIE.PAK
FileManager: ignoring tiny active-mod VOC placeholder 'C:\Users\canti\AppData\Roaming\DuneCity\mods/Tornie/data/AOFF.VOC'
FileManager: ignoring tiny active-mod VOC placeholder 'C:\Users\canti\Documents\Codex\2026-07-31\cr\work\dunecity-tornie-1.0.524-23\build-test-win\bin\/mods/Tornie/data/AOFF.VOC'
FileManager: ignoring tiny active-mod VOC placeholder 'C:\Users\canti\Documents\Codex\2026-07-31\cr\work\dunecity-tornie-1.0.524-23\build-test-win\bin\/../../mods/Tornie/data/AOFF.VOC'
FileManager: ignoring tiny external VOC placeholder 'C:\Users\canti\Documents\Codex\2026-07-31\cr\work\dunecity-tornie-1.0.524-23\build-test-win\bin\/data/AOFF.VOC'
FileManager: ignoring tiny VOC placeholder 'AOFF.VOC' from TORNIE.PAK
FileManager: ignoring tiny active-mod VOC placeholder 'C:\Users\canti\AppData\Roaming\DuneCity\mods/Tornie/data/ABLOOM.VOC'
FileManager: ignoring tiny active-mod VOC placeholder 'C:\Users\canti\Documents\Codex\2026-07-31\cr\work\dunecity-tornie-1.0.524-23\build-test-win\bin\/mods/Tornie/data/ABLOOM.VOC'
FileManager: ignoring tiny active-mod VOC placeholder 'C:\Users\canti\Documents\Codex\2026-07-31\cr\work\dunecity-tornie-1.0.524-23\build-test-win\bin\/../../mods/Tornie/data/ABLOOM.VOC'
FileManager: ignoring tiny external VOC placeholder 'C:\Users\canti\Documents\Codex\2026-07-31\cr\work\dunecity-tornie-1.0.524-23\build-test-win\bin\/data/ABLOOM.VOC'
FileManager: ignoring tiny VOC placeholder 'ABLOOM.VOC' from TORNIE.PAK
FileManager: ignoring tiny active-mod VOC placeholder 'C:\Users\canti\AppData\Roaming\DuneCity\mods/Tornie/data/ALOCATED.VOC'
FileManager: ignoring tiny active-mod VOC placeholder 'C:\Users\canti\Documents\Codex\2026-07-31\cr\work\dunecity-tornie-1.0.524-23\build-test-win\bin\/mods/Tornie/data/ALOCATED.VOC'
FileManager: ignoring tiny active-mod VOC placeholder 'C:\Users\canti\Documents\Codex\2026-07-31\cr\work\dunecity-tornie-1.0.524-23\build-test-win\bin\/../../mods/Tornie/data/ALOCATED.VOC'
FileManager: ignoring tiny external VOC placeholder 'C:\Users\canti\Documents\Codex\2026-07-31\cr\work\dunecity-tornie-1.0.524-23\build-test-win\bin\/data/ALOCATED.VOC'
FileManager: ignoring tiny VOC placeholder 'ALOCATED.VOC' from TORNIE.PAK
FileManager: ignoring tiny active-mod VOC placeholder 'C:\Users\canti\AppData\Roaming\DuneCity\mods/Tornie/data/AWARNING.VOC'
FileManager: ignoring tiny active-mod VOC placeholder 'C:\Users\canti\Documents\Codex\2026-07-31\cr\work\dunecity-tornie-1.0.524-23\build-test-win\bin\/mods/Tornie/data/AWARNING.VOC'
FileManager: ignoring tiny active-mod VOC placeholder 'C:\Users\canti\Documents\Codex\2026-07-31\cr\work\dunecity-tornie-1.0.524-23\build-test-win\bin\/../../mods/Tornie/data/AWARNING.VOC'
FileManager: ignoring tiny external VOC placeholder 'C:\Users\canti\Documents\Codex\2026-07-31\cr\work\dunecity-tornie-1.0.524-23\build-test-win\bin\/data/AWARNING.VOC'
FileManager: ignoring tiny VOC placeholder 'AWARNING.VOC' from TORNIE.PAK
FileManager: ignoring tiny active-mod VOC placeholder 'C:\Users\canti\AppData\Roaming\DuneCity\mods/Tornie/data/AWORMY.VOC'
FileManager: ignoring tiny active-mod VOC placeholder 'C:\Users\canti\Documents\Codex\2026-07-31\cr\work\dunecity-tornie-1.0.524-23\build-test-win\bin\/mods/Tornie/data/AWORMY.VOC'
FileManager: ignoring tiny active-mod VOC placeholder 'C:\Users\canti\Documents\Codex\2026-07-31\cr\work\dunecity-tornie-1.0.524-23\build-test-win\bin\/../../mods/Tornie/data/AWORMY.VOC'
FileManager: ignoring tiny external VOC placeholder 'C:\Users\canti\Documents\Codex\2026-07-31\cr\work\dunecity-tornie-1.0.524-23\build-test-win\bin\/data/AWORMY.VOC'
FileManager: ignoring tiny VOC placeholder 'AWORMY.VOC' from TORNIE.PAK
FileManager: ignoring tiny active-mod VOC placeholder 'C:\Users\canti\AppData\Roaming\DuneCity\mods/Tornie/data/AATTACK.VOC'
FileManager: ignoring tiny active-mod VOC placeholder 'C:\Users\canti\Documents\Codex\2026-07-31\cr\work\dunecity-tornie-1.0.524-23\build-test-win\bin\/mods/Tornie/data/AATTACK.VOC'
FileManager: ignoring tiny active-mod VOC placeholder 'C:\Users\canti\Documents\Codex\2026-07-31\cr\work\dunecity-tornie-1.0.524-23\build-test-win\bin\/../../mods/Tornie/data/AATTACK.VOC'
FileManager: ignoring tiny external VOC placeholder 'C:\Users\canti\Documents\Codex\2026-07-31\cr\work\dunecity-tornie-1.0.524-23\build-test-win\bin\/data/AATTACK.VOC'
FileManager: ignoring tiny VOC placeholder 'AATTACK.VOC' from TORNIE.PAK
FileManager: ignoring tiny active-mod VOC placeholder 'C:\Users\canti\AppData\Roaming\DuneCity\mods/Tornie/data/ASABOT.VOC'
FileManager: ignoring tiny active-mod VOC placeholder 'C:\Users\canti\Documents\Codex\2026-07-31\cr\work\dunecity-tornie-1.0.524-23\build-test-win\bin\/mods/Tornie/data/ASABOT.VOC'
FileManager: ignoring tiny active-mod VOC placeholder 'C:\Users\canti\Documents\Codex\2026-07-31\cr\work\dunecity-tornie-1.0.524-23\build-test-win\bin\/../../mods/Tornie/data/ASABOT.VOC'
FileManager: ignoring tiny external VOC placeholder 'C:\Users\canti\Documents\Codex\2026-07-31\cr\work\dunecity-tornie-1.0.524-23\build-test-win\bin\/data/ASABOT.VOC'
FileManager: ignoring tiny VOC placeholder 'ASABOT.VOC' from TORNIE.PAK
FileManager: ignoring tiny active-mod VOC placeholder 'C:\Users\canti\AppData\Roaming\DuneCity\mods/Tornie/data/AMISSILE.VOC'
FileManager: ignoring tiny active-mod VOC placeholder 'C:\Users\canti\Documents\Codex\2026-07-31\cr\work\dunecity-tornie-1.0.524-23\build-test-win\bin\/mods/Tornie/data/AMISSILE.VOC'
FileManager: ignoring tiny active-mod VOC placeholder 'C:\Users\canti\Documents\Codex\2026-07-31\cr\work\dunecity-tornie-1.0.524-23\build-test-win\bin\/../../mods/Tornie/data/AMISSILE.VOC'
FileManager: ignoring tiny external VOC placeholder 'C:\Users\canti\Documents\Codex\2026-07-31\cr\work\dunecity-tornie-1.0.524-23\build-test-win\bin\/data/AMISSILE.VOC'
FileManager: ignoring tiny VOC placeholder 'AMISSILE.VOC' from TORNIE.PAK
FileManager: ignoring tiny active-mod VOC placeholder 'C:\Users\canti\AppData\Roaming\DuneCity\mods/Tornie/data/AAPPRCH.VOC'
FileManager: ignoring tiny active-mod VOC placeholder 'C:\Users\canti\Documents\Codex\2026-07-31\cr\work\dunecity-tornie-1.0.524-23\build-test-win\bin\/mods/Tornie/data/AAPPRCH.VOC'
FileManager: ignoring tiny active-mod VOC placeholder 'C:\Users\canti\Documents\Codex\2026-07-31\cr\work\dunecity-tornie-1.0.524-23\build-test-win\bin\/../../mods/Tornie/data/AAPPRCH.VOC'
FileManager: ignoring tiny external VOC placeholder 'C:\Users\canti\Documents\Codex\2026-07-31\cr\work\dunecity-tornie-1.0.524-23\build-test-win\bin\/data/AAPPRCH.VOC'
FileManager: ignoring tiny VOC placeholder 'AAPPRCH.VOC' from TORNIE.PAK
FileManager: ignoring tiny active-mod VOC placeholder 'C:\Users\canti\AppData\Roaming\DuneCity\mods/Tornie/data/OHARVEST.VOC'
FileManager: ignoring tiny active-mod VOC placeholder 'C:\Users\canti\Documents\Codex\2026-07-31\cr\work\dunecity-tornie-1.0.524-23\build-test-win\bin\/mods/Tornie/data/OHARVEST.VOC'
FileManager: ignoring tiny active-mod VOC placeholder 'C:\Users\canti\Documents\Codex\2026-07-31\cr\work\dunecity-tornie-1.0.524-23\build-test-win\bin\/../../mods/Tornie/data/OHARVEST.VOC'
FileManager: ignoring tiny external VOC placeholder 'C:\Users\canti\Documents\Codex\2026-07-31\cr\work\dunecity-tornie-1.0.524-23\build-test-win\bin\/data/OHARVEST.VOC'
FileManager: ignoring tiny VOC placeholder 'OHARVEST.VOC' from TORNIE.PAK
FileManager: ignoring tiny active-mod VOC placeholder 'C:\Users\canti\AppData\Roaming\DuneCity\mods/Tornie/data/OUNIT.VOC'
FileManager: ignoring tiny active-mod VOC placeholder 'C:\Users\canti\Documents\Codex\2026-07-31\cr\work\dunecity-tornie-1.0.524-23\build-test-win\bin\/mods/Tornie/data/OUNIT.VOC'
FileManager: ignoring tiny active-mod VOC placeholder 'C:\Users\canti\Documents\Codex\2026-07-31\cr\work\dunecity-tornie-1.0.524-23\build-test-win\bin\/../../mods/Tornie/data/OUNIT.VOC'
FileManager: ignoring tiny external VOC placeholder 'C:\Users\canti\Documents\Codex\2026-07-31\cr\work\dunecity-tornie-1.0.524-23\build-test-win\bin\/data/OUNIT.VOC'
FileManager: ignoring tiny VOC placeholder 'OUNIT.VOC' from TORNIE.PAK
FileManager: ignoring tiny active-mod VOC placeholder 'C:\Users\canti\AppData\Roaming\DuneCity\mods/Tornie/data/ODEPLOY.VOC'
FileManager: ignoring tiny active-mod VOC placeholder 'C:\Users\canti\Documents\Codex\2026-07-31\cr\work\dunecity-tornie-1.0.524-23\build-test-win\bin\/mods/Tornie/data/ODEPLOY.VOC'
FileManager: ignoring tiny active-mod VOC placeholder 'C:\Users\canti\Documents\Codex\2026-07-31\cr\work\dunecity-tornie-1.0.524-23\build-test-win\bin\/../../mods/Tornie/data/ODEPLOY.VOC'
FileManager: ignoring tiny external VOC placeholder 'C:\Users\canti\Documents\Codex\2026-07-31\cr\work\dunecity-tornie-1.0.524-23\build-test-win\bin\/data/ODEPLOY.VOC'
FileManager: ignoring tiny VOC placeholder 'ODEPLOY.VOC' from TORNIE.PAK
FileManager: ignoring tiny active-mod VOC placeholder 'C:\Users\canti\AppData\Roaming\DuneCity\mods/Tornie/data/OLAUNCH.VOC'
FileManager: ignoring tiny active-mod VOC placeholder 'C:\Users\canti\Documents\Codex\2026-07-31\cr\work\dunecity-tornie-1.0.524-23\build-test-win\bin\/mods/Tornie/data/OLAUNCH.VOC'
FileManager: ignoring tiny active-mod VOC placeholder 'C:\Users\canti\Documents\Codex\2026-07-31\cr\work\dunecity-tornie-1.0.524-23\build-test-win\bin\/../../mods/Tornie/data/OLAUNCH.VOC'
FileManager: ignoring tiny external VOC placeholder 'C:\Users\canti\Documents\Codex\2026-07-31\cr\work\dunecity-tornie-1.0.524-23\build-test-win\bin\/data/OLAUNCH.VOC'
FileManager: ignoring tiny VOC placeholder 'OLAUNCH.VOC' from TORNIE.PAK
FileManager: ignoring tiny active-mod VOC placeholder 'C:\Users\canti\AppData\Roaming\DuneCity\mods/Tornie/data/OCONST.VOC'
FileManager: ignoring tiny active-mod VOC placeholder 'C:\Users\canti\Documents\Codex\2026-07-31\cr\work\dunecity-tornie-1.0.524-23\build-test-win\bin\/mods/Tornie/data/OCONST.VOC'
FileManager: ignoring tiny active-mod VOC placeholder 'C:\Users\canti\Documents\Codex\2026-07-31\cr\work\dunecity-tornie-1.0.524-23\build-test-win\bin\/../../mods/Tornie/data/OCONST.VOC'
FileManager: ignoring tiny external VOC placeholder 'C:\Users\canti\Documents\Codex\2026-07-31\cr\work\dunecity-tornie-1.0.524-23\build-test-win\bin\/data/OCONST.VOC'
FileManager: ignoring tiny VOC placeholder 'OCONST.VOC' from TORNIE.PAK
FileManager: ignoring tiny active-mod VOC placeholder 'C:\Users\canti\AppData\Roaming\DuneCity\mods/Tornie/data/OVEHICLE.VOC'
FileManager: ignoring tiny active-mod VOC placeholder 'C:\Users\canti\Documents\Codex\2026-07-31\cr\work\dunecity-tornie-1.0.524-23\build-test-win\bin\/mods/Tornie/data/OVEHICLE.VOC'
FileManager: ignoring tiny active-mod VOC placeholder 'C:\Users\canti\Documents\Codex\2026-07-31\cr\work\dunecity-tornie-1.0.524-23\build-test-win\bin\/../../mods/Tornie/data/OVEHICLE.VOC'
FileManager: ignoring tiny external VOC placeholder 'C:\Users\canti\Documents\Codex\2026-07-31\cr\work\dunecity-tornie-1.0.524-23\build-test-win\bin\/data/OVEHICLE.VOC'
FileManager: ignoring tiny VOC placeholder 'OVEHICLE.VOC' from TORNIE.PAK
FileManager: ignoring tiny active-mod VOC placeholder 'C:\Users\canti\AppData\Roaming\DuneCity\mods/Tornie/data/OREPAIR.VOC'
FileManager: ignoring tiny active-mod VOC placeholder 'C:\Users\canti\Documents\Codex\2026-07-31\cr\work\dunecity-tornie-1.0.524-23\build-test-win\bin\/mods/Tornie/data/OREPAIR.VOC'
FileManager: ignoring tiny active-mod VOC placeholder 'C:\Users\canti\Documents\Codex\2026-07-31\cr\work\dunecity-tornie-1.0.524-23\build-test-win\bin\/../../mods/Tornie/data/OREPAIR.VOC'
FileManager: ignoring tiny external VOC placeholder 'C:\Users\canti\Documents\Codex\2026-07-31\cr\work\dunecity-tornie-1.0.524-23\build-test-win\bin\/data/OREPAIR.VOC'
FileManager: ignoring tiny VOC placeholder 'OREPAIR.VOC' from TORNIE.PAK
FileManager: ignoring tiny active-mod VOC placeholder 'C:\Users\canti\AppData\Roaming\DuneCity\mods/Tornie/data/OFRIGATE.VOC'
FileManager: ignoring tiny active-mod VOC placeholder 'C:\Users\canti\Documents\Codex\2026-07-31\cr\work\dunecity-tornie-1.0.524-23\build-test-win\bin\/mods/Tornie/data/OFRIGATE.VOC'
FileManager: ignoring tiny active-mod VOC placeholder 'C:\Users\canti\Documents\Codex\2026-07-31\cr\work\dunecity-tornie-1.0.524-23\build-test-win\bin\/../../mods/Tornie/data/OFRIGATE.VOC'
FileManager: ignoring tiny external VOC placeholder 'C:\Users\canti\Documents\Codex\2026-07-31\cr\work\dunecity-tornie-1.0.524-23\build-test-win\bin\/data/OFRIGATE.VOC'
FileManager: ignoring tiny VOC placeholder 'OFRIGATE.VOC' from TORNIE.PAK
FileManager: ignoring tiny active-mod VOC placeholder 'C:\Users\canti\AppData\Roaming\DuneCity\mods/Tornie/data/OARRIVE.VOC'
FileManager: ignoring tiny active-mod VOC placeholder 'C:\Users\canti\Documents\Codex\2026-07-31\cr\work\dunecity-tornie-1.0.524-23\build-test-win\bin\/mods/Tornie/data/OARRIVE.VOC'
FileManager: ignoring tiny active-mod VOC placeholder 'C:\Users\canti\Documents\Codex\2026-07-31\cr\work\dunecity-tornie-1.0.524-23\build-test-win\bin\/../../mods/Tornie/data/OARRIVE.VOC'
FileManager: ignoring tiny external VOC placeholder 'C:\Users\canti\Documents\Codex\2026-07-31\cr\work\dunecity-tornie-1.0.524-23\build-test-win\bin\/data/OARRIVE.VOC'
FileManager: ignoring tiny VOC placeholder 'OARRIVE.VOC' from TORNIE.PAK
FileManager: ignoring tiny active-mod VOC placeholder 'C:\Users\canti\AppData\Roaming\DuneCity\mods/Tornie/data/OWIN.VOC'
FileManager: ignoring tiny active-mod VOC placeholder 'C:\Users\canti\Documents\Codex\2026-07-31\cr\work\dunecity-tornie-1.0.524-23\build-test-win\bin\/mods/Tornie/data/OWIN.VOC'
FileManager: ignoring tiny active-mod VOC placeholder 'C:\Users\canti\Documents\Codex\2026-07-31\cr\work\dunecity-tornie-1.0.524-23\build-test-win\bin\/../../mods/Tornie/data/OWIN.VOC'
FileManager: ignoring tiny external VOC placeholder 'C:\Users\canti\Documents\Codex\2026-07-31\cr\work\dunecity-tornie-1.0.524-23\build-test-win\bin\/data/OWIN.VOC'
FileManager: ignoring tiny VOC placeholder 'OWIN.VOC' from TORNIE.PAK
FileManager: ignoring tiny active-mod VOC placeholder 'C:\Users\canti\AppData\Roaming\DuneCity\mods/Tornie/data/OLOSE.VOC'
FileManager: ignoring tiny active-mod VOC placeholder 'C:\Users\canti\Documents\Codex\2026-07-31\cr\work\dunecity-tornie-1.0.524-23\build-test-win\bin\/mods/Tornie/data/OLOSE.VOC'
FileManager: ignoring tiny active-mod VOC placeholder 'C:\Users\canti\Documents\Codex\2026-07-31\cr\work\dunecity-tornie-1.0.524-23\build-test-win\bin\/../../mods/Tornie/data/OLOSE.VOC'
FileManager: ignoring tiny external VOC placeholder 'C:\Users\canti\Documents\Codex\2026-07-31\cr\work\dunecity-tornie-1.0.524-23\build-test-win\bin\/data/OLOSE.VOC'
FileManager: ignoring tiny VOC placeholder 'OLOSE.VOC' from TORNIE.PAK
FileManager: ignoring tiny active-mod VOC placeholder 'C:\Users\canti\AppData\Roaming\DuneCity\mods/Tornie/data/ORADAR.VOC'
FileManager: ignoring tiny active-mod VOC placeholder 'C:\Users\canti\Documents\Codex\2026-07-31\cr\work\dunecity-tornie-1.0.524-23\build-test-win\bin\/mods/Tornie/data/ORADAR.VOC'
FileManager: ignoring tiny active-mod VOC placeholder 'C:\Users\canti\Documents\Codex\2026-07-31\cr\work\dunecity-tornie-1.0.524-23\build-test-win\bin\/../../mods/Tornie/data/ORADAR.VOC'
FileManager: ignoring tiny external VOC placeholder 'C:\Users\canti\Documents\Codex\2026-07-31\cr\work\dunecity-tornie-1.0.524-23\build-test-win\bin\/data/ORADAR.VOC'
FileManager: ignoring tiny VOC placeholder 'ORADAR.VOC' from TORNIE.PAK
FileManager: ignoring tiny active-mod VOC placeholder 'C:\Users\canti\AppData\Roaming\DuneCity\mods/Tornie/data/OON.VOC'
FileManager: ignoring tiny active-mod VOC placeholder 'C:\Users\canti\Documents\Codex\2026-07-31\cr\work\dunecity-tornie-1.0.524-23\build-test-win\bin\/mods/Tornie/data/OON.VOC'
FileManager: ignoring tiny active-mod VOC placeholder 'C:\Users\canti\Documents\Codex\2026-07-31\cr\work\dunecity-tornie-1.0.524-23\build-test-win\bin\/../../mods/Tornie/data/OON.VOC'
FileManager: ignoring tiny external VOC placeholder 'C:\Users\canti\Documents\Codex\2026-07-31\cr\work\dunecity-tornie-1.0.524-23\build-test-win\bin\/data/OON.VOC'
FileManager: ignoring tiny VOC placeholder 'OON.VOC' from TORNIE.PAK
FileManager: ignoring tiny active-mod VOC placeholder 'C:\Users\canti\AppData\Roaming\DuneCity\mods/Tornie/data/OOFF.VOC'
FileManager: ignoring tiny active-mod VOC placeholder 'C:\Users\canti\Documents\Codex\2026-07-31\cr\work\dunecity-tornie-1.0.524-23\build-test-win\bin\/mods/Tornie/data/OOFF.VOC'
FileManager: ignoring tiny active-mod VOC placeholder 'C:\Users\canti\Documents\Codex\2026-07-31\cr\work\dunecity-tornie-1.0.524-23\build-test-win\bin\/../../mods/Tornie/data/OOFF.VOC'
FileManager: ignoring tiny external VOC placeholder 'C:\Users\canti\Documents\Codex\2026-07-31\cr\work\dunecity-tornie-1.0.524-23\build-test-win\bin\/data/OOFF.VOC'
FileManager: ignoring tiny VOC placeholder 'OOFF.VOC' from TORNIE.PAK
FileManager: ignoring tiny active-mod VOC placeholder 'C:\Users\canti\AppData\Roaming\DuneCity\mods/Tornie/data/OBLOOM.VOC'
FileManager: ignoring tiny active-mod VOC placeholder 'C:\Users\canti\Documents\Codex\2026-07-31\cr\work\dunecity-tornie-1.0.524-23\build-test-win\bin\/mods/Tornie/data/OBLOOM.VOC'
FileManager: ignoring tiny active-mod VOC placeholder 'C:\Users\canti\Documents\Codex\2026-07-31\cr\work\dunecity-tornie-1.0.524-23\build-test-win\bin\/../../mods/Tornie/data/OBLOOM.VOC'
FileManager: ignoring tiny external VOC placeholder 'C:\Users\canti\Documents\Codex\2026-07-31\cr\work\dunecity-tornie-1.0.524-23\build-test-win\bin\/data/OBLOOM.VOC'
FileManager: ignoring tiny VOC placeholder 'OBLOOM.VOC' from TORNIE.PAK
FileManager: ignoring tiny active-mod VOC placeholder 'C:\Users\canti\AppData\Roaming\DuneCity\mods/Tornie/data/OLOCATED.VOC'
FileManager: ignoring tiny active-mod VOC placeholder 'C:\Users\canti\Documents\Codex\2026-07-31\cr\work\dunecity-tornie-1.0.524-23\build-test-win\bin\/mods/Tornie/data/OLOCATED.VOC'
FileManager: ignoring tiny active-mod VOC placeholder 'C:\Users\canti\Documents\Codex\2026-07-31\cr\work\dunecity-tornie-1.0.524-23\build-test-win\bin\/../../mods/Tornie/data/OLOCATED.VOC'
FileManager: ignoring tiny external VOC placeholder 'C:\Users\canti\Documents\Codex\2026-07-31\cr\work\dunecity-tornie-1.0.524-23\build-test-win\bin\/data/OLOCATED.VOC'
FileManager: ignoring tiny VOC placeholder 'OLOCATED.VOC' from TORNIE.PAK
FileManager: ignoring tiny active-mod VOC placeholder 'C:\Users\canti\AppData\Roaming\DuneCity\mods/Tornie/data/OWARNING.VOC'
FileManager: ignoring tiny active-mod VOC placeholder 'C:\Users\canti\Documents\Codex\2026-07-31\cr\work\dunecity-tornie-1.0.524-23\build-test-win\bin\/mods/Tornie/data/OWARNING.VOC'
FileManager: ignoring tiny active-mod VOC placeholder 'C:\Users\canti\Documents\Codex\2026-07-31\cr\work\dunecity-tornie-1.0.524-23\build-test-win\bin\/../../mods/Tornie/data/OWARNING.VOC'
FileManager: ignoring tiny external VOC placeholder 'C:\Users\canti\Documents\Codex\2026-07-31\cr\work\dunecity-tornie-1.0.524-23\build-test-win\bin\/data/OWARNING.VOC'
FileManager: ignoring tiny VOC placeholder 'OWARNING.VOC' from TORNIE.PAK
FileManager: ignoring tiny active-mod VOC placeholder 'C:\Users\canti\AppData\Roaming\DuneCity\mods/Tornie/data/OWORMY.VOC'
FileManager: ignoring tiny active-mod VOC placeholder 'C:\Users\canti\Documents\Codex\2026-07-31\cr\work\dunecity-tornie-1.0.524-23\build-test-win\bin\/mods/Tornie/data/OWORMY.VOC'
FileManager: ignoring tiny active-mod VOC placeholder 'C:\Users\canti\Documents\Codex\2026-07-31\cr\work\dunecity-tornie-1.0.524-23\build-test-win\bin\/../../mods/Tornie/data/OWORMY.VOC'
FileManager: ignoring tiny external VOC placeholder 'C:\Users\canti\Documents\Codex\2026-07-31\cr\work\dunecity-tornie-1.0.524-23\build-test-win\bin\/data/OWORMY.VOC'
FileManager: ignoring tiny VOC placeholder 'OWORMY.VOC' from TORNIE.PAK
FileManager: ignoring tiny active-mod VOC placeholder 'C:\Users\canti\AppData\Roaming\DuneCity\mods/Tornie/data/OATTACK.VOC'
FileManager: ignoring tiny active-mod VOC placeholder 'C:\Users\canti\Documents\Codex\2026-07-31\cr\work\dunecity-tornie-1.0.524-23\build-test-win\bin\/mods/Tornie/data/OATTACK.VOC'
FileManager: ignoring tiny active-mod VOC placeholder 'C:\Users\canti\Documents\Codex\2026-07-31\cr\work\dunecity-tornie-1.0.524-23\build-test-win\bin\/../../mods/Tornie/data/OATTACK.VOC'
FileManager: ignoring tiny external VOC placeholder 'C:\Users\canti\Documents\Codex\2026-07-31\cr\work\dunecity-tornie-1.0.524-23\build-test-win\bin\/data/OATTACK.VOC'
FileManager: ignoring tiny VOC placeholder 'OATTACK.VOC' from TORNIE.PAK
FileManager: ignoring tiny active-mod VOC placeholder 'C:\Users\canti\AppData\Roaming\DuneCity\mods/Tornie/data/OSABOT.VOC'
FileManager: ignoring tiny active-mod VOC placeholder 'C:\Users\canti\Documents\Codex\2026-07-31\cr\work\dunecity-tornie-1.0.524-23\build-test-win\bin\/mods/Tornie/data/OSABOT.VOC'
FileManager: ignoring tiny active-mod VOC placeholder 'C:\Users\canti\Documents\Codex\2026-07-31\cr\work\dunecity-tornie-1.0.524-23\build-test-win\bin\/../../mods/Tornie/data/OSABOT.VOC'
FileManager: ignoring tiny external VOC placeholder 'C:\Users\canti\Documents\Codex\2026-07-31\cr\work\dunecity-tornie-1.0.524-23\build-test-win\bin\/data/OSABOT.VOC'
FileManager: ignoring tiny VOC placeholder 'OSABOT.VOC' from TORNIE.PAK
FileManager: ignoring tiny active-mod VOC placeholder 'C:\Users\canti\AppData\Roaming\DuneCity\mods/Tornie/data/OMISSILE.VOC'
FileManager: ignoring tiny active-mod VOC placeholder 'C:\Users\canti\Documents\Codex\2026-07-31\cr\work\dunecity-tornie-1.0.524-23\build-test-win\bin\/mods/Tornie/data/OMISSILE.VOC'
FileManager: ignoring tiny active-mod VOC placeholder 'C:\Users\canti\Documents\Codex\2026-07-31\cr\work\dunecity-tornie-1.0.524-23\build-test-win\bin\/../../mods/Tornie/data/OMISSILE.VOC'
FileManager: ignoring tiny external VOC placeholder 'C:\Users\canti\Documents\Codex\2026-07-31\cr\work\dunecity-tornie-1.0.524-23\build-test-win\bin\/data/OMISSILE.VOC'
FileManager: ignoring tiny VOC placeholder 'OMISSILE.VOC' from TORNIE.PAK
FileManager: ignoring tiny active-mod VOC placeholder 'C:\Users\canti\AppData\Roaming\DuneCity\mods/Tornie/data/OAPPRCH.VOC'
FileManager: ignoring tiny active-mod VOC placeholder 'C:\Users\canti\Documents\Codex\2026-07-31\cr\work\dunecity-tornie-1.0.524-23\build-test-win\bin\/mods/Tornie/data/OAPPRCH.VOC'
FileManager: ignoring tiny active-mod VOC placeholder 'C:\Users\canti\Documents\Codex\2026-07-31\cr\work\dunecity-tornie-1.0.524-23\build-test-win\bin\/../../mods/Tornie/data/OAPPRCH.VOC'
FileManager: ignoring tiny external VOC placeholder 'C:\Users\canti\Documents\Codex\2026-07-31\cr\work\dunecity-tornie-1.0.524-23\build-test-win\bin\/data/OAPPRCH.VOC'
FileManager: ignoring tiny VOC placeholder 'OAPPRCH.VOC' from TORNIE.PAK
FileManager: ignoring tiny active-mod VOC placeholder 'C:\Users\canti\AppData\Roaming\DuneCity\mods/Tornie/data/AHARVEST.VOC'
FileManager: ignoring tiny active-mod VOC placeholder 'C:\Users\canti\Documents\Codex\2026-07-31\cr\work\dunecity-tornie-1.0.524-23\build-test-win\bin\/mods/Tornie/data/AHARVEST.VOC'
FileManager: ignoring tiny active-mod VOC placeholder 'C:\Users\canti\Documents\Codex\2026-07-31\cr\work\dunecity-tornie-1.0.524-23\build-test-win\bin\/../../mods/Tornie/data/AHARVEST.VOC'
FileManager: ignoring tiny external VOC placeholder 'C:\Users\canti\Documents\Codex\2026-07-31\cr\work\dunecity-tornie-1.0.524-23\build-test-win\bin\/data/AHARVEST.VOC'
FileManager: ignoring tiny VOC placeholder 'AHARVEST.VOC' from TORNIE.PAK
FileManager: ignoring tiny active-mod VOC placeholder 'C:\Users\canti\AppData\Roaming\DuneCity\mods/Tornie/data/AUNIT.VOC'
FileManager: ignoring tiny active-mod VOC placeholder 'C:\Users\canti\Documents\Codex\2026-07-31\cr\work\dunecity-tornie-1.0.524-23\build-test-win\bin\/mods/Tornie/data/AUNIT.VOC'
FileManager: ignoring tiny active-mod VOC placeholder 'C:\Users\canti\Documents\Codex\2026-07-31\cr\work\dunecity-tornie-1.0.524-23\build-test-win\bin\/../../mods/Tornie/data/AUNIT.VOC'
FileManager: ignoring tiny external VOC placeholder 'C:\Users\canti\Documents\Codex\2026-07-31\cr\work\dunecity-tornie-1.0.524-23\build-test-win\bin\/data/AUNIT.VOC'
FileManager: ignoring tiny VOC placeholder 'AUNIT.VOC' from TORNIE.PAK
FileManager: ignoring tiny active-mod VOC placeholder 'C:\Users\canti\AppData\Roaming\DuneCity\mods/Tornie/data/ADEPLOY.VOC'
FileManager: ignoring tiny active-mod VOC placeholder 'C:\Users\canti\Documents\Codex\2026-07-31\cr\work\dunecity-tornie-1.0.524-23\build-test-win\bin\/mods/Tornie/data/ADEPLOY.VOC'
FileManager: ignoring tiny active-mod VOC placeholder 'C:\Users\canti\Documents\Codex\2026-07-31\cr\work\dunecity-tornie-1.0.524-23\build-test-win\bin\/../../mods/Tornie/data/ADEPLOY.VOC'
FileManager: ignoring tiny external VOC placeholder 'C:\Users\canti\Documents\Codex\2026-07-31\cr\work\dunecity-tornie-1.0.524-23\build-test-win\bin\/data/ADEPLOY.VOC'
FileManager: ignoring tiny VOC placeholder 'ADEPLOY.VOC' from TORNIE.PAK
FileManager: ignoring tiny active-mod VOC placeholder 'C:\Users\canti\AppData\Roaming\DuneCity\mods/Tornie/data/ALAUNCH.VOC'
FileManager: ignoring tiny active-mod VOC placeholder 'C:\Users\canti\Documents\Codex\2026-07-31\cr\work\dunecity-tornie-1.0.524-23\build-test-win\bin\/mods/Tornie/data/ALAUNCH.VOC'
FileManager: ignoring tiny active-mod VOC placeholder 'C:\Users\canti\Documents\Codex\2026-07-31\cr\work\dunecity-tornie-1.0.524-23\build-test-win\bin\/../../mods/Tornie/data/ALAUNCH.VOC'
FileManager: ignoring tiny external VOC placeholder 'C:\Users\canti\Documents\Codex\2026-07-31\cr\work\dunecity-tornie-1.0.524-23\build-test-win\bin\/data/ALAUNCH.VOC'
FileManager: ignoring tiny VOC placeholder 'ALAUNCH.VOC' from TORNIE.PAK
FileManager: ignoring tiny active-mod VOC placeholder 'C:\Users\canti\AppData\Roaming\DuneCity\mods/Tornie/data/ACONST.VOC'
FileManager: ignoring tiny active-mod VOC placeholder 'C:\Users\canti\Documents\Codex\2026-07-31\cr\work\dunecity-tornie-1.0.524-23\build-test-win\bin\/mods/Tornie/data/ACONST.VOC'
FileManager: ignoring tiny active-mod VOC placeholder 'C:\Users\canti\Documents\Codex\2026-07-31\cr\work\dunecity-tornie-1.0.524-23\build-test-win\bin\/../../mods/Tornie/data/ACONST.VOC'
FileManager: ignoring tiny external VOC placeholder 'C:\Users\canti\Documents\Codex\2026-07-31\cr\work\dunecity-tornie-1.0.524-23\build-test-win\bin\/data/ACONST.VOC'
FileManager: ignoring tiny VOC placeholder 'ACONST.VOC' from TORNIE.PAK
FileManager: ignoring tiny active-mod VOC placeholder 'C:\Users\canti\AppData\Roaming\DuneCity\mods/Tornie/data/AVEHICLE.VOC'
FileManager: ignoring tiny active-mod VOC placeholder 'C:\Users\canti\Documents\Codex\2026-07-31\cr\work\dunecity-tornie-1.0.524-23\build-test-win\bin\/mods/Tornie/data/AVEHICLE.VOC'
FileManager: ignoring tiny active-mod VOC placeholder 'C:\Users\canti\Documents\Codex\2026-07-31\cr\work\dunecity-tornie-1.0.524-23\build-test-win\bin\/../../mods/Tornie/data/AVEHICLE.VOC'
FileManager: ignoring tiny external VOC placeholder 'C:\Users\canti\Documents\Codex\2026-07-31\cr\work\dunecity-tornie-1.0.524-23\build-test-win\bin\/data/AVEHICLE.VOC'
FileManager: ignoring tiny VOC placeholder 'AVEHICLE.VOC' from TORNIE.PAK
FileManager: ignoring tiny active-mod VOC placeholder 'C:\Users\canti\AppData\Roaming\DuneCity\mods/Tornie/data/AREPAIR.VOC'
FileManager: ignoring tiny active-mod VOC placeholder 'C:\Users\canti\Documents\Codex\2026-07-31\cr\work\dunecity-tornie-1.0.524-23\build-test-win\bin\/mods/Tornie/data/AREPAIR.VOC'
FileManager: ignoring tiny active-mod VOC placeholder 'C:\Users\canti\Documents\Codex\2026-07-31\cr\work\dunecity-tornie-1.0.524-23\build-test-win\bin\/../../mods/Tornie/data/AREPAIR.VOC'
FileManager: ignoring tiny external VOC placeholder 'C:\Users\canti\Documents\Codex\2026-07-31\cr\work\dunecity-tornie-1.0.524-23\build-test-win\bin\/data/AREPAIR.VOC'
FileManager: ignoring tiny VOC placeholder 'AREPAIR.VOC' from TORNIE.PAK
FileManager: ignoring tiny active-mod VOC placeholder 'C:\Users\canti\AppData\Roaming\DuneCity\mods/Tornie/data/AFRIGATE.VOC'
FileManager: ignoring tiny active-mod VOC placeholder 'C:\Users\canti\Documents\Codex\2026-07-31\cr\work\dunecity-tornie-1.0.524-23\build-test-win\bin\/mods/Tornie/data/AFRIGATE.VOC'
FileManager: ignoring tiny active-mod VOC placeholder 'C:\Users\canti\Documents\Codex\2026-07-31\cr\work\dunecity-tornie-1.0.524-23\build-test-win\bin\/../../mods/Tornie/data/AFRIGATE.VOC'
FileManager: ignoring tiny external VOC placeholder 'C:\Users\canti\Documents\Codex\2026-07-31\cr\work\dunecity-tornie-1.0.524-23\build-test-win\bin\/data/AFRIGATE.VOC'
FileManager: ignoring tiny VOC placeholder 'AFRIGATE.VOC' from TORNIE.PAK
FileManager: ignoring tiny active-mod VOC placeholder 'C:\Users\canti\AppData\Roaming\DuneCity\mods/Tornie/data/AARRIVE.VOC'
FileManager: ignoring tiny active-mod VOC placeholder 'C:\Users\canti\Documents\Codex\2026-07-31\cr\work\dunecity-tornie-1.0.524-23\build-test-win\bin\/mods/Tornie/data/AARRIVE.VOC'
FileManager: ignoring tiny active-mod VOC placeholder 'C:\Users\canti\Documents\Codex\2026-07-31\cr\work\dunecity-tornie-1.0.524-23\build-test-win\bin\/../../mods/Tornie/data/AARRIVE.VOC'
FileManager: ignoring tiny external VOC placeholder 'C:\Users\canti\Documents\Codex\2026-07-31\cr\work\dunecity-tornie-1.0.524-23\build-test-win\bin\/data/AARRIVE.VOC'
FileManager: ignoring tiny VOC placeholder 'AARRIVE.VOC' from TORNIE.PAK
FileManager: ignoring tiny active-mod VOC placeholder 'C:\Users\canti\AppData\Roaming\DuneCity\mods/Tornie/data/AWIN.VOC'
FileManager: ignoring tiny active-mod VOC placeholder 'C:\Users\canti\Documents\Codex\2026-07-31\cr\work\dunecity-tornie-1.0.524-23\build-test-win\bin\/mods/Tornie/data/AWIN.VOC'
FileManager: ignoring tiny active-mod VOC placeholder 'C:\Users\canti\Documents\Codex\2026-07-31\cr\work\dunecity-tornie-1.0.524-23\build-test-win\bin\/../../mods/Tornie/data/AWIN.VOC'
FileManager: ignoring tiny external VOC placeholder 'C:\Users\canti\Documents\Codex\2026-07-31\cr\work\dunecity-tornie-1.0.524-23\build-test-win\bin\/data/AWIN.VOC'
FileManager: ignoring tiny VOC placeholder 'AWIN.VOC' from TORNIE.PAK
FileManager: ignoring tiny active-mod VOC placeholder 'C:\Users\canti\AppData\Roaming\DuneCity\mods/Tornie/data/ALOSE.VOC'
FileManager: ignoring tiny active-mod VOC placeholder 'C:\Users\canti\Documents\Codex\2026-07-31\cr\work\dunecity-tornie-1.0.524-23\build-test-win\bin\/mods/Tornie/data/ALOSE.VOC'
FileManager: ignoring tiny active-mod VOC placeholder 'C:\Users\canti\Documents\Codex\2026-07-31\cr\work\dunecity-tornie-1.0.524-23\build-test-win\bin\/../../mods/Tornie/data/ALOSE.VOC'
FileManager: ignoring tiny external VOC placeholder 'C:\Users\canti\Documents\Codex\2026-07-31\cr\work\dunecity-tornie-1.0.524-23\build-test-win\bin\/data/ALOSE.VOC'
FileManager: ignoring tiny VOC placeholder 'ALOSE.VOC' from TORNIE.PAK
FileManager: ignoring tiny active-mod VOC placeholder 'C:\Users\canti\AppData\Roaming\DuneCity\mods/Tornie/data/ARADAR.VOC'
FileManager: ignoring tiny active-mod VOC placeholder 'C:\Users\canti\Documents\Codex\2026-07-31\cr\work\dunecity-tornie-1.0.524-23\build-test-win\bin\/mods/Tornie/data/ARADAR.VOC'
FileManager: ignoring tiny active-mod VOC placeholder 'C:\Users\canti\Documents\Codex\2026-07-31\cr\work\dunecity-tornie-1.0.524-23\build-test-win\bin\/../../mods/Tornie/data/ARADAR.VOC'
FileManager: ignoring tiny external VOC placeholder 'C:\Users\canti\Documents\Codex\2026-07-31\cr\work\dunecity-tornie-1.0.524-23\build-test-win\bin\/data/ARADAR.VOC'
FileManager: ignoring tiny VOC placeholder 'ARADAR.VOC' from TORNIE.PAK
FileManager: ignoring tiny active-mod VOC placeholder 'C:\Users\canti\AppData\Roaming\DuneCity\mods/Tornie/data/AON.VOC'
FileManager: ignoring tiny active-mod VOC placeholder 'C:\Users\canti\Documents\Codex\2026-07-31\cr\work\dunecity-tornie-1.0.524-23\build-test-win\bin\/mods/Tornie/data/AON.VOC'
FileManager: ignoring tiny active-mod VOC placeholder 'C:\Users\canti\Documents\Codex\2026-07-31\cr\work\dunecity-tornie-1.0.524-23\build-test-win\bin\/../../mods/Tornie/data/AON.VOC'
FileManager: ignoring tiny external VOC placeholder 'C:\Users\canti\Documents\Codex\2026-07-31\cr\work\dunecity-tornie-1.0.524-23\build-test-win\bin\/data/AON.VOC'
FileManager: ignoring tiny VOC placeholder 'AON.VOC' from TORNIE.PAK
FileManager: ignoring tiny active-mod VOC placeholder 'C:\Users\canti\AppData\Roaming\DuneCity\mods/Tornie/data/AOFF.VOC'
FileManager: ignoring tiny active-mod VOC placeholder 'C:\Users\canti\Documents\Codex\2026-07-31\cr\work\dunecity-tornie-1.0.524-23\build-test-win\bin\/mods/Tornie/data/AOFF.VOC'
FileManager: ignoring tiny active-mod VOC placeholder 'C:\Users\canti\Documents\Codex\2026-07-31\cr\work\dunecity-tornie-1.0.524-23\build-test-win\bin\/../../mods/Tornie/data/AOFF.VOC'
FileManager: ignoring tiny external VOC placeholder 'C:\Users\canti\Documents\Codex\2026-07-31\cr\work\dunecity-tornie-1.0.524-23\build-test-win\bin\/data/AOFF.VOC'
FileManager: ignoring tiny VOC placeholder 'AOFF.VOC' from TORNIE.PAK
FileManager: ignoring tiny active-mod VOC placeholder 'C:\Users\canti\AppData\Roaming\DuneCity\mods/Tornie/data/ABLOOM.VOC'
FileManager: ignoring tiny active-mod VOC placeholder 'C:\Users\canti\Documents\Codex\2026-07-31\cr\work\dunecity-tornie-1.0.524-23\build-test-win\bin\/mods/Tornie/data/ABLOOM.VOC'
FileManager: ignoring tiny active-mod VOC placeholder 'C:\Users\canti\Documents\Codex\2026-07-31\cr\work\dunecity-tornie-1.0.524-23\build-test-win\bin\/../../mods/Tornie/data/ABLOOM.VOC'
FileManager: ignoring tiny external VOC placeholder 'C:\Users\canti\Documents\Codex\2026-07-31\cr\work\dunecity-tornie-1.0.524-23\build-test-win\bin\/data/ABLOOM.VOC'
FileManager: ignoring tiny VOC placeholder 'ABLOOM.VOC' from TORNIE.PAK
FileManager: ignoring tiny active-mod VOC placeholder 'C:\Users\canti\AppData\Roaming\DuneCity\mods/Tornie/data/ALOCATED.VOC'
FileManager: ignoring tiny active-mod VOC placeholder 'C:\Users\canti\Documents\Codex\2026-07-31\cr\work\dunecity-tornie-1.0.524-23\build-test-win\bin\/mods/Tornie/data/ALOCATED.VOC'
FileManager: ignoring tiny active-mod VOC placeholder 'C:\Users\canti\Documents\Codex\2026-07-31\cr\work\dunecity-tornie-1.0.524-23\build-test-win\bin\/../../mods/Tornie/data/ALOCATED.VOC'
FileManager: ignoring tiny external VOC placeholder 'C:\Users\canti\Documents\Codex\2026-07-31\cr\work\dunecity-tornie-1.0.524-23\build-test-win\bin\/data/ALOCATED.VOC'
FileManager: ignoring tiny VOC placeholder 'ALOCATED.VOC' from TORNIE.PAK
FileManager: ignoring tiny active-mod VOC placeholder 'C:\Users\canti\AppData\Roaming\DuneCity\mods/Tornie/data/AWARNING.VOC'
FileManager: ignoring tiny active-mod VOC placeholder 'C:\Users\canti\Documents\Codex\2026-07-31\cr\work\dunecity-tornie-1.0.524-23\build-test-win\bin\/mods/Tornie/data/AWARNING.VOC'
FileManager: ignoring tiny active-mod VOC placeholder 'C:\Users\canti\Documents\Codex\2026-07-31\cr\work\dunecity-tornie-1.0.524-23\build-test-win\bin\/../../mods/Tornie/data/AWARNING.VOC'
FileManager: ignoring tiny external VOC placeholder 'C:\Users\canti\Documents\Codex\2026-07-31\cr\work\dunecity-tornie-1.0.524-23\build-test-win\bin\/data/AWARNING.VOC'
FileManager: ignoring tiny VOC placeholder 'AWARNING.VOC' from TORNIE.PAK
FileManager: ignoring tiny active-mod VOC placeholder 'C:\Users\canti\AppData\Roaming\DuneCity\mods/Tornie/data/AWORMY.VOC'
FileManager: ignoring tiny active-mod VOC placeholder 'C:\Users\canti\Documents\Codex\2026-07-31\cr\work\dunecity-tornie-1.0.524-23\build-test-win\bin\/mods/Tornie/data/AWORMY.VOC'
FileManager: ignoring tiny active-mod VOC placeholder 'C:\Users\canti\Documents\Codex\2026-07-31\cr\work\dunecity-tornie-1.0.524-23\build-test-win\bin\/../../mods/Tornie/data/AWORMY.VOC'
FileManager: ignoring tiny external VOC placeholder 'C:\Users\canti\Documents\Codex\2026-07-31\cr\work\dunecity-tornie-1.0.524-23\build-test-win\bin\/data/AWORMY.VOC'
FileManager: ignoring tiny VOC placeholder 'AWORMY.VOC' from TORNIE.PAK
FileManager: ignoring tiny active-mod VOC placeholder 'C:\Users\canti\AppData\Roaming\DuneCity\mods/Tornie/data/AATTACK.VOC'
FileManager: ignoring tiny active-mod VOC placeholder 'C:\Users\canti\Documents\Codex\2026-07-31\cr\work\dunecity-tornie-1.0.524-23\build-test-win\bin\/mods/Tornie/data/AATTACK.VOC'
FileManager: ignoring tiny active-mod VOC placeholder 'C:\Users\canti\Documents\Codex\2026-07-31\cr\work\dunecity-tornie-1.0.524-23\build-test-win\bin\/../../mods/Tornie/data/AATTACK.VOC'
FileManager: ignoring tiny external VOC placeholder 'C:\Users\canti\Documents\Codex\2026-07-31\cr\work\dunecity-tornie-1.0.524-23\build-test-win\bin\/data/AATTACK.VOC'
FileManager: ignoring tiny VOC placeholder 'AATTACK.VOC' from TORNIE.PAK
FileManager: ignoring tiny active-mod VOC placeholder 'C:\Users\canti\AppData\Roaming\DuneCity\mods/Tornie/data/ASABOT.VOC'
FileManager: ignoring tiny active-mod VOC placeholder 'C:\Users\canti\Documents\Codex\2026-07-31\cr\work\dunecity-tornie-1.0.524-23\build-test-win\bin\/mods/Tornie/data/ASABOT.VOC'
FileManager: ignoring tiny active-mod VOC placeholder 'C:\Users\canti\Documents\Codex\2026-07-31\cr\work\dunecity-tornie-1.0.524-23\build-test-win\bin\/../../mods/Tornie/data/ASABOT.VOC'
FileManager: ignoring tiny external VOC placeholder 'C:\Users\canti\Documents\Codex\2026-07-31\cr\work\dunecity-tornie-1.0.524-23\build-test-win\bin\/data/ASABOT.VOC'
FileManager: ignoring tiny VOC placeholder 'ASABOT.VOC' from TORNIE.PAK
FileManager: ignoring tiny active-mod VOC placeholder 'C:\Users\canti\AppData\Roaming\DuneCity\mods/Tornie/data/AMISSILE.VOC'
FileManager: ignoring tiny active-mod VOC placeholder 'C:\Users\canti\Documents\Codex\2026-07-31\cr\work\dunecity-tornie-1.0.524-23\build-test-win\bin\/mods/Tornie/data/AMISSILE.VOC'
FileManager: ignoring tiny active-mod VOC placeholder 'C:\Users\canti\Documents\Codex\2026-07-31\cr\work\dunecity-tornie-1.0.524-23\build-test-win\bin\/../../mods/Tornie/data/AMISSILE.VOC'
FileManager: ignoring tiny external VOC placeholder 'C:\Users\canti\Documents\Codex\2026-07-31\cr\work\dunecity-tornie-1.0.524-23\build-test-win\bin\/data/AMISSILE.VOC'
FileManager: ignoring tiny VOC placeholder 'AMISSILE.VOC' from TORNIE.PAK
FileManager: ignoring tiny active-mod VOC placeholder 'C:\Users\canti\AppData\Roaming\DuneCity\mods/Tornie/data/AAPPRCH.VOC'
FileManager: ignoring tiny active-mod VOC placeholder 'C:\Users\canti\Documents\Codex\2026-07-31\cr\work\dunecity-tornie-1.0.524-23\build-test-win\bin\/mods/Tornie/data/AAPPRCH.VOC'
FileManager: ignoring tiny active-mod VOC placeholder 'C:\Users\canti\Documents\Codex\2026-07-31\cr\work\dunecity-tornie-1.0.524-23\build-test-win\bin\/../../mods/Tornie/data/AAPPRCH.VOC'
FileManager: ignoring tiny external VOC placeholder 'C:\Users\canti\Documents\Codex\2026-07-31\cr\work\dunecity-tornie-1.0.524-23\build-test-win\bin\/data/AAPPRCH.VOC'
FileManager: ignoring tiny VOC placeholder 'AAPPRCH.VOC' from TORNIE.PAK
FileManager: ignoring tiny active-mod VOC placeholder 'C:\Users\canti\AppData\Roaming\DuneCity\mods/Tornie/data/HHARVEST.VOC'
FileManager: ignoring tiny active-mod VOC placeholder 'C:\Users\canti\Documents\Codex\2026-07-31\cr\work\dunecity-tornie-1.0.524-23\build-test-win\bin\/mods/Tornie/data/HHARVEST.VOC'
FileManager: ignoring tiny active-mod VOC placeholder 'C:\Users\canti\Documents\Codex\2026-07-31\cr\work\dunecity-tornie-1.0.524-23\build-test-win\bin\/../../mods/Tornie/data/HHARVEST.VOC'
FileManager: ignoring tiny external VOC placeholder 'C:\Users\canti\Documents\Codex\2026-07-31\cr\work\dunecity-tornie-1.0.524-23\build-test-win\bin\/data/HHARVEST.VOC'
FileManager: ignoring tiny VOC placeholder 'HHARVEST.VOC' from TORNIE.PAK
FileManager: ignoring tiny active-mod VOC placeholder 'C:\Users\canti\AppData\Roaming\DuneCity\mods/Tornie/data/HUNIT.VOC'
FileManager: ignoring tiny active-mod VOC placeholder 'C:\Users\canti\Documents\Codex\2026-07-31\cr\work\dunecity-tornie-1.0.524-23\build-test-win\bin\/mods/Tornie/data/HUNIT.VOC'
FileManager: ignoring tiny active-mod VOC placeholder 'C:\Users\canti\Documents\Codex\2026-07-31\cr\work\dunecity-tornie-1.0.524-23\build-test-win\bin\/../../mods/Tornie/data/HUNIT.VOC'
FileManager: ignoring tiny external VOC placeholder 'C:\Users\canti\Documents\Codex\2026-07-31\cr\work\dunecity-tornie-1.0.524-23\build-test-win\bin\/data/HUNIT.VOC'
FileManager: ignoring tiny VOC placeholder 'HUNIT.VOC' from TORNIE.PAK
FileManager: ignoring tiny active-mod VOC placeholder 'C:\Users\canti\AppData\Roaming\DuneCity\mods/Tornie/data/HDEPLOY.VOC'
FileManager: ignoring tiny active-mod VOC placeholder 'C:\Users\canti\Documents\Codex\2026-07-31\cr\work\dunecity-tornie-1.0.524-23\build-test-win\bin\/mods/Tornie/data/HDEPLOY.VOC'
FileManager: ignoring tiny active-mod VOC placeholder 'C:\Users\canti\Documents\Codex\2026-07-31\cr\work\dunecity-tornie-1.0.524-23\build-test-win\bin\/../../mods/Tornie/data/HDEPLOY.VOC'
FileManager: ignoring tiny external VOC placeholder 'C:\Users\canti\Documents\Codex\2026-07-31\cr\work\dunecity-tornie-1.0.524-23\build-test-win\bin\/data/HDEPLOY.VOC'
FileManager: ignoring tiny VOC placeholder 'HDEPLOY.VOC' from TORNIE.PAK
FileManager: ignoring tiny active-mod VOC placeholder 'C:\Users\canti\AppData\Roaming\DuneCity\mods/Tornie/data/HLAUNCH.VOC'
FileManager: ignoring tiny active-mod VOC placeholder 'C:\Users\canti\Documents\Codex\2026-07-31\cr\work\dunecity-tornie-1.0.524-23\build-test-win\bin\/mods/Tornie/data/HLAUNCH.VOC'
FileManager: ignoring tiny active-mod VOC placeholder 'C:\Users\canti\Documents\Codex\2026-07-31\cr\work\dunecity-tornie-1.0.524-23\build-test-win\bin\/../../mods/Tornie/data/HLAUNCH.VOC'
FileManager: ignoring tiny external VOC placeholder 'C:\Users\canti\Documents\Codex\2026-07-31\cr\work\dunecity-tornie-1.0.524-23\build-test-win\bin\/data/HLAUNCH.VOC'
FileManager: ignoring tiny VOC placeholder 'HLAUNCH.VOC' from TORNIE.PAK
FileManager: ignoring tiny active-mod VOC placeholder 'C:\Users\canti\AppData\Roaming\DuneCity\mods/Tornie/data/HCONST.VOC'
FileManager: ignoring tiny active-mod VOC placeholder 'C:\Users\canti\Documents\Codex\2026-07-31\cr\work\dunecity-tornie-1.0.524-23\build-test-win\bin\/mods/Tornie/data/HCONST.VOC'
FileManager: ignoring tiny active-mod VOC placeholder 'C:\Users\canti\Documents\Codex\2026-07-31\cr\work\dunecity-tornie-1.0.524-23\build-test-win\bin\/../../mods/Tornie/data/HCONST.VOC'
FileManager: ignoring tiny external VOC placeholder 'C:\Users\canti\Documents\Codex\2026-07-31\cr\work\dunecity-tornie-1.0.524-23\build-test-win\bin\/data/HCONST.VOC'
FileManager: ignoring tiny VOC placeholder 'HCONST.VOC' from TORNIE.PAK
FileManager: ignoring tiny active-mod VOC placeholder 'C:\Users\canti\AppData\Roaming\DuneCity\mods/Tornie/data/HVEHICLE.VOC'
FileManager: ignoring tiny active-mod VOC placeholder 'C:\Users\canti\Documents\Codex\2026-07-31\cr\work\dunecity-tornie-1.0.524-23\build-test-win\bin\/mods/Tornie/data/HVEHICLE.VOC'
FileManager: ignoring tiny active-mod VOC placeholder 'C:\Users\canti\Documents\Codex\2026-07-31\cr\work\dunecity-tornie-1.0.524-23\build-test-win\bin\/../../mods/Tornie/data/HVEHICLE.VOC'
FileManager: ignoring tiny external VOC placeholder 'C:\Users\canti\Documents\Codex\2026-07-31\cr\work\dunecity-tornie-1.0.524-23\build-test-win\bin\/data/HVEHICLE.VOC'
FileManager: ignoring tiny VOC placeholder 'HVEHICLE.VOC' from TORNIE.PAK
FileManager: ignoring tiny active-mod VOC placeholder 'C:\Users\canti\AppData\Roaming\DuneCity\mods/Tornie/data/HREPAIR.VOC'
FileManager: ignoring tiny active-mod VOC placeholder 'C:\Users\canti\Documents\Codex\2026-07-31\cr\work\dunecity-tornie-1.0.524-23\build-test-win\bin\/mods/Tornie/data/HREPAIR.VOC'
FileManager: ignoring tiny active-mod VOC placeholder 'C:\Users\canti\Documents\Codex\2026-07-31\cr\work\dunecity-tornie-1.0.524-23\build-test-win\bin\/../../mods/Tornie/data/HREPAIR.VOC'
FileManager: ignoring tiny external VOC placeholder 'C:\Users\canti\Documents\Codex\2026-07-31\cr\work\dunecity-tornie-1.0.524-23\build-test-win\bin\/data/HREPAIR.VOC'
FileManager: ignoring tiny VOC placeholder 'HREPAIR.VOC' from TORNIE.PAK
FileManager: ignoring tiny active-mod VOC placeholder 'C:\Users\canti\AppData\Roaming\DuneCity\mods/Tornie/data/HFRIGATE.VOC'
FileManager: ignoring tiny active-mod VOC placeholder 'C:\Users\canti\Documents\Codex\2026-07-31\cr\work\dunecity-tornie-1.0.524-23\build-test-win\bin\/mods/Tornie/data/HFRIGATE.VOC'
FileManager: ignoring tiny active-mod VOC placeholder 'C:\Users\canti\Documents\Codex\2026-07-31\cr\work\dunecity-tornie-1.0.524-23\build-test-win\bin\/../../mods/Tornie/data/HFRIGATE.VOC'
FileManager: ignoring tiny external VOC placeholder 'C:\Users\canti\Documents\Codex\2026-07-31\cr\work\dunecity-tornie-1.0.524-23\build-test-win\bin\/data/HFRIGATE.VOC'
FileManager: ignoring tiny VOC placeholder 'HFRIGATE.VOC' from TORNIE.PAK
FileManager: ignoring tiny active-mod VOC placeholder 'C:\Users\canti\AppData\Roaming\DuneCity\mods/Tornie/data/HARRIVE.VOC'
FileManager: ignoring tiny active-mod VOC placeholder 'C:\Users\canti\Documents\Codex\2026-07-31\cr\work\dunecity-tornie-1.0.524-23\build-test-win\bin\/mods/Tornie/data/HARRIVE.VOC'
FileManager: ignoring tiny active-mod VOC placeholder 'C:\Users\canti\Documents\Codex\2026-07-31\cr\work\dunecity-tornie-1.0.524-23\build-test-win\bin\/../../mods/Tornie/data/HARRIVE.VOC'
FileManager: ignoring tiny external VOC placeholder 'C:\Users\canti\Documents\Codex\2026-07-31\cr\work\dunecity-tornie-1.0.524-23\build-test-win\bin\/data/HARRIVE.VOC'
FileManager: ignoring tiny VOC placeholder 'HARRIVE.VOC' from TORNIE.PAK
FileManager: ignoring tiny active-mod VOC placeholder 'C:\Users\canti\AppData\Roaming\DuneCity\mods/Tornie/data/HWIN.VOC'
FileManager: ignoring tiny active-mod VOC placeholder 'C:\Users\canti\Documents\Codex\2026-07-31\cr\work\dunecity-tornie-1.0.524-23\build-test-win\bin\/mods/Tornie/data/HWIN.VOC'
FileManager: ignoring tiny active-mod VOC placeholder 'C:\Users\canti\Documents\Codex\2026-07-31\cr\work\dunecity-tornie-1.0.524-23\build-test-win\bin\/../../mods/Tornie/data/HWIN.VOC'
FileManager: ignoring tiny external VOC placeholder 'C:\Users\canti\Documents\Codex\2026-07-31\cr\work\dunecity-tornie-1.0.524-23\build-test-win\bin\/data/HWIN.VOC'
FileManager: ignoring tiny VOC placeholder 'HWIN.VOC' from TORNIE.PAK
FileManager: ignoring tiny active-mod VOC placeholder 'C:\Users\canti\AppData\Roaming\DuneCity\mods/Tornie/data/HLOSE.VOC'
FileManager: ignoring tiny active-mod VOC placeholder 'C:\Users\canti\Documents\Codex\2026-07-31\cr\work\dunecity-tornie-1.0.524-23\build-test-win\bin\/mods/Tornie/data/HLOSE.VOC'
FileManager: ignoring tiny active-mod VOC placeholder 'C:\Users\canti\Documents\Codex\2026-07-31\cr\work\dunecity-tornie-1.0.524-23\build-test-win\bin\/../../mods/Tornie/data/HLOSE.VOC'
FileManager: ignoring tiny external VOC placeholder 'C:\Users\canti\Documents\Codex\2026-07-31\cr\work\dunecity-tornie-1.0.524-23\build-test-win\bin\/data/HLOSE.VOC'
FileManager: ignoring tiny VOC placeholder 'HLOSE.VOC' from TORNIE.PAK
FileManager: ignoring tiny active-mod VOC placeholder 'C:\Users\canti\AppData\Roaming\DuneCity\mods/Tornie/data/HRADAR.VOC'
FileManager: ignoring tiny active-mod VOC placeholder 'C:\Users\canti\Documents\Codex\2026-07-31\cr\work\dunecity-tornie-1.0.524-23\build-test-win\bin\/mods/Tornie/data/HRADAR.VOC'
FileManager: ignoring tiny active-mod VOC placeholder 'C:\Users\canti\Documents\Codex\2026-07-31\cr\work\dunecity-tornie-1.0.524-23\build-test-win\bin\/../../mods/Tornie/data/HRADAR.VOC'
FileManager: ignoring tiny external VOC placeholder 'C:\Users\canti\Documents\Codex\2026-07-31\cr\work\dunecity-tornie-1.0.524-23\build-test-win\bin\/data/HRADAR.VOC'
FileManager: ignoring tiny VOC placeholder 'HRADAR.VOC' from TORNIE.PAK
FileManager: ignoring tiny active-mod VOC placeholder 'C:\Users\canti\AppData\Roaming\DuneCity\mods/Tornie/data/HON.VOC'
FileManager: ignoring tiny active-mod VOC placeholder 'C:\Users\canti\Documents\Codex\2026-07-31\cr\work\dunecity-tornie-1.0.524-23\build-test-win\bin\/mods/Tornie/data/HON.VOC'
FileManager: ignoring tiny active-mod VOC placeholder 'C:\Users\canti\Documents\Codex\2026-07-31\cr\work\dunecity-tornie-1.0.524-23\build-test-win\bin\/../../mods/Tornie/data/HON.VOC'
FileManager: ignoring tiny external VOC placeholder 'C:\Users\canti\Documents\Codex\2026-07-31\cr\work\dunecity-tornie-1.0.524-23\build-test-win\bin\/data/HON.VOC'
FileManager: ignoring tiny VOC placeholder 'HON.VOC' from TORNIE.PAK
FileManager: ignoring tiny active-mod VOC placeholder 'C:\Users\canti\AppData\Roaming\DuneCity\mods/Tornie/data/HOFF.VOC'
FileManager: ignoring tiny active-mod VOC placeholder 'C:\Users\canti\Documents\Codex\2026-07-31\cr\work\dunecity-tornie-1.0.524-23\build-test-win\bin\/mods/Tornie/data/HOFF.VOC'
FileManager: ignoring tiny active-mod VOC placeholder 'C:\Users\canti\Documents\Codex\2026-07-31\cr\work\dunecity-tornie-1.0.524-23\build-test-win\bin\/../../mods/Tornie/data/HOFF.VOC'
FileManager: ignoring tiny external VOC placeholder 'C:\Users\canti\Documents\Codex\2026-07-31\cr\work\dunecity-tornie-1.0.524-23\build-test-win\bin\/data/HOFF.VOC'
FileManager: ignoring tiny VOC placeholder 'HOFF.VOC' from TORNIE.PAK
FileManager: ignoring tiny active-mod VOC placeholder 'C:\Users\canti\AppData\Roaming\DuneCity\mods/Tornie/data/HBLOOM.VOC'
FileManager: ignoring tiny active-mod VOC placeholder 'C:\Users\canti\Documents\Codex\2026-07-31\cr\work\dunecity-tornie-1.0.524-23\build-test-win\bin\/mods/Tornie/data/HBLOOM.VOC'
FileManager: ignoring tiny active-mod VOC placeholder 'C:\Users\canti\Documents\Codex\2026-07-31\cr\work\dunecity-tornie-1.0.524-23\build-test-win\bin\/../../mods/Tornie/data/HBLOOM.VOC'
FileManager: ignoring tiny external VOC placeholder 'C:\Users\canti\Documents\Codex\2026-07-31\cr\work\dunecity-tornie-1.0.524-23\build-test-win\bin\/data/HBLOOM.VOC'
FileManager: ignoring tiny VOC placeholder 'HBLOOM.VOC' from TORNIE.PAK
FileManager: ignoring tiny active-mod VOC placeholder 'C:\Users\canti\AppData\Roaming\DuneCity\mods/Tornie/data/HLOCATED.VOC'
FileManager: ignoring tiny active-mod VOC placeholder 'C:\Users\canti\Documents\Codex\2026-07-31\cr\work\dunecity-tornie-1.0.524-23\build-test-win\bin\/mods/Tornie/data/HLOCATED.VOC'
FileManager: ignoring tiny active-mod VOC placeholder 'C:\Users\canti\Documents\Codex\2026-07-31\cr\work\dunecity-tornie-1.0.524-23\build-test-win\bin\/../../mods/Tornie/data/HLOCATED.VOC'
FileManager: ignoring tiny external VOC placeholder 'C:\Users\canti\Documents\Codex\2026-07-31\cr\work\dunecity-tornie-1.0.524-23\build-test-win\bin\/data/HLOCATED.VOC'
FileManager: ignoring tiny VOC placeholder 'HLOCATED.VOC' from TORNIE.PAK
FileManager: ignoring tiny active-mod VOC placeholder 'C:\Users\canti\AppData\Roaming\DuneCity\mods/Tornie/data/HWARNING.VOC'
FileManager: ignoring tiny active-mod VOC placeholder 'C:\Users\canti\Documents\Codex\2026-07-31\cr\work\dunecity-tornie-1.0.524-23\build-test-win\bin\/mods/Tornie/data/HWARNING.VOC'
FileManager: ignoring tiny active-mod VOC placeholder 'C:\Users\canti\Documents\Codex\2026-07-31\cr\work\dunecity-tornie-1.0.524-23\build-test-win\bin\/../../mods/Tornie/data/HWARNING.VOC'
FileManager: ignoring tiny external VOC placeholder 'C:\Users\canti\Documents\Codex\2026-07-31\cr\work\dunecity-tornie-1.0.524-23\build-test-win\bin\/data/HWARNING.VOC'
FileManager: ignoring tiny VOC placeholder 'HWARNING.VOC' from TORNIE.PAK
FileManager: ignoring tiny active-mod VOC placeholder 'C:\Users\canti\AppData\Roaming\DuneCity\mods/Tornie/data/HWORMY.VOC'
FileManager: ignoring tiny active-mod VOC placeholder 'C:\Users\canti\Documents\Codex\2026-07-31\cr\work\dunecity-tornie-1.0.524-23\build-test-win\bin\/mods/Tornie/data/HWORMY.VOC'
FileManager: ignoring tiny active-mod VOC placeholder 'C:\Users\canti\Documents\Codex\2026-07-31\cr\work\dunecity-tornie-1.0.524-23\build-test-win\bin\/../../mods/Tornie/data/HWORMY.VOC'
FileManager: ignoring tiny external VOC placeholder 'C:\Users\canti\Documents\Codex\2026-07-31\cr\work\dunecity-tornie-1.0.524-23\build-test-win\bin\/data/HWORMY.VOC'
FileManager: ignoring tiny VOC placeholder 'HWORMY.VOC' from TORNIE.PAK
FileManager: ignoring tiny active-mod VOC placeholder 'C:\Users\canti\AppData\Roaming\DuneCity\mods/Tornie/data/HATTACK.VOC'
FileManager: ignoring tiny active-mod VOC placeholder 'C:\Users\canti\Documents\Codex\2026-07-31\cr\work\dunecity-tornie-1.0.524-23\build-test-win\bin\/mods/Tornie/data/HATTACK.VOC'
FileManager: ignoring tiny active-mod VOC placeholder 'C:\Users\canti\Documents\Codex\2026-07-31\cr\work\dunecity-tornie-1.0.524-23\build-test-win\bin\/../../mods/Tornie/data/HATTACK.VOC'
FileManager: ignoring tiny external VOC placeholder 'C:\Users\canti\Documents\Codex\2026-07-31\cr\work\dunecity-tornie-1.0.524-23\build-test-win\bin\/data/HATTACK.VOC'
FileManager: ignoring tiny VOC placeholder 'HATTACK.VOC' from TORNIE.PAK
FileManager: ignoring tiny active-mod VOC placeholder 'C:\Users\canti\AppData\Roaming\DuneCity\mods/Tornie/data/HSABOT.VOC'
FileManager: ignoring tiny active-mod VOC placeholder 'C:\Users\canti\Documents\Codex\2026-07-31\cr\work\dunecity-tornie-1.0.524-23\build-test-win\bin\/mods/Tornie/data/HSABOT.VOC'
FileManager: ignoring tiny active-mod VOC placeholder 'C:\Users\canti\Documents\Codex\2026-07-31\cr\work\dunecity-tornie-1.0.524-23\build-test-win\bin\/../../mods/Tornie/data/HSABOT.VOC'
FileManager: ignoring tiny external VOC placeholder 'C:\Users\canti\Documents\Codex\2026-07-31\cr\work\dunecity-tornie-1.0.524-23\build-test-win\bin\/data/HSABOT.VOC'
FileManager: ignoring tiny VOC placeholder 'HSABOT.VOC' from TORNIE.PAK
FileManager: ignoring tiny active-mod VOC placeholder 'C:\Users\canti\AppData\Roaming\DuneCity\mods/Tornie/data/HMISSILE.VOC'
FileManager: ignoring tiny active-mod VOC placeholder 'C:\Users\canti\Documents\Codex\2026-07-31\cr\work\dunecity-tornie-1.0.524-23\build-test-win\bin\/mods/Tornie/data/HMISSILE.VOC'
FileManager: ignoring tiny active-mod VOC placeholder 'C:\Users\canti\Documents\Codex\2026-07-31\cr\work\dunecity-tornie-1.0.524-23\build-test-win\bin\/../../mods/Tornie/data/HMISSILE.VOC'
FileManager: ignoring tiny external VOC placeholder 'C:\Users\canti\Documents\Codex\2026-07-31\cr\work\dunecity-tornie-1.0.524-23\build-test-win\bin\/data/HMISSILE.VOC'
FileManager: ignoring tiny VOC placeholder 'HMISSILE.VOC' from TORNIE.PAK
FileManager: ignoring tiny active-mod VOC placeholder 'C:\Users\canti\AppData\Roaming\DuneCity\mods/Tornie/data/HAPPRCH.VOC'
FileManager: ignoring tiny active-mod VOC placeholder 'C:\Users\canti\Documents\Codex\2026-07-31\cr\work\dunecity-tornie-1.0.524-23\build-test-win\bin\/mods/Tornie/data/HAPPRCH.VOC'
FileManager: ignoring tiny active-mod VOC placeholder 'C:\Users\canti\Documents\Codex\2026-07-31\cr\work\dunecity-tornie-1.0.524-23\build-test-win\bin\/../../mods/Tornie/data/HAPPRCH.VOC'
FileManager: ignoring tiny external VOC placeholder 'C:\Users\canti\Documents\Codex\2026-07-31\cr\work\dunecity-tornie-1.0.524-23\build-test-win\bin\/data/HAPPRCH.VOC'
FileManager: ignoring tiny VOC placeholder 'HAPPRCH.VOC' from TORNIE.PAK
FileManager: ignoring tiny active-mod VOC placeholder 'C:\Users\canti\AppData\Roaming\DuneCity\mods/Tornie/data/OHARVEST.VOC'
FileManager: ignoring tiny active-mod VOC placeholder 'C:\Users\canti\Documents\Codex\2026-07-31\cr\work\dunecity-tornie-1.0.524-23\build-test-win\bin\/mods/Tornie/data/OHARVEST.VOC'
FileManager: ignoring tiny active-mod VOC placeholder 'C:\Users\canti\Documents\Codex\2026-07-31\cr\work\dunecity-tornie-1.0.524-23\build-test-win\bin\/../../mods/Tornie/data/OHARVEST.VOC'
FileManager: ignoring tiny external VOC placeholder 'C:\Users\canti\Documents\Codex\2026-07-31\cr\work\dunecity-tornie-1.0.524-23\build-test-win\bin\/data/OHARVEST.VOC'
FileManager: ignoring tiny VOC placeholder 'OHARVEST.VOC' from TORNIE.PAK
FileManager: ignoring tiny active-mod VOC placeholder 'C:\Users\canti\AppData\Roaming\DuneCity\mods/Tornie/data/OUNIT.VOC'
FileManager: ignoring tiny active-mod VOC placeholder 'C:\Users\canti\Documents\Codex\2026-07-31\cr\work\dunecity-tornie-1.0.524-23\build-test-win\bin\/mods/Tornie/data/OUNIT.VOC'
FileManager: ignoring tiny active-mod VOC placeholder 'C:\Users\canti\Documents\Codex\2026-07-31\cr\work\dunecity-tornie-1.0.524-23\build-test-win\bin\/../../mods/Tornie/data/OUNIT.VOC'
FileManager: ignoring tiny external VOC placeholder 'C:\Users\canti\Documents\Codex\2026-07-31\cr\work\dunecity-tornie-1.0.524-23\build-test-win\bin\/data/OUNIT.VOC'
FileManager: ignoring tiny VOC placeholder 'OUNIT.VOC' from TORNIE.PAK
FileManager: ignoring tiny active-mod VOC placeholder 'C:\Users\canti\AppData\Roaming\DuneCity\mods/Tornie/data/ODEPLOY.VOC'
FileManager: ignoring tiny active-mod VOC placeholder 'C:\Users\canti\Documents\Codex\2026-07-31\cr\work\dunecity-tornie-1.0.524-23\build-test-win\bin\/mods/Tornie/data/ODEPLOY.VOC'
FileManager: ignoring tiny active-mod VOC placeholder 'C:\Users\canti\Documents\Codex\2026-07-31\cr\work\dunecity-tornie-1.0.524-23\build-test-win\bin\/../../mods/Tornie/data/ODEPLOY.VOC'
FileManager: ignoring tiny external VOC placeholder 'C:\Users\canti\Documents\Codex\2026-07-31\cr\work\dunecity-tornie-1.0.524-23\build-test-win\bin\/data/ODEPLOY.VOC'
FileManager: ignoring tiny VOC placeholder 'ODEPLOY.VOC' from TORNIE.PAK
FileManager: ignoring tiny active-mod VOC placeholder 'C:\Users\canti\AppData\Roaming\DuneCity\mods/Tornie/data/OLAUNCH.VOC'
FileManager: ignoring tiny active-mod VOC placeholder 'C:\Users\canti\Documents\Codex\2026-07-31\cr\work\dunecity-tornie-1.0.524-23\build-test-win\bin\/mods/Tornie/data/OLAUNCH.VOC'
FileManager: ignoring tiny active-mod VOC placeholder 'C:\Users\canti\Documents\Codex\2026-07-31\cr\work\dunecity-tornie-1.0.524-23\build-test-win\bin\/../../mods/Tornie/data/OLAUNCH.VOC'
FileManager: ignoring tiny external VOC placeholder 'C:\Users\canti\Documents\Codex\2026-07-31\cr\work\dunecity-tornie-1.0.524-23\build-test-win\bin\/data/OLAUNCH.VOC'
FileManager: ignoring tiny VOC placeholder 'OLAUNCH.VOC' from TORNIE.PAK
FileManager: ignoring tiny active-mod VOC placeholder 'C:\Users\canti\AppData\Roaming\DuneCity\mods/Tornie/data/OCONST.VOC'
FileManager: ignoring tiny active-mod VOC placeholder 'C:\Users\canti\Documents\Codex\2026-07-31\cr\work\dunecity-tornie-1.0.524-23\build-test-win\bin\/mods/Tornie/data/OCONST.VOC'
FileManager: ignoring tiny active-mod VOC placeholder 'C:\Users\canti\Documents\Codex\2026-07-31\cr\work\dunecity-tornie-1.0.524-23\build-test-win\bin\/../../mods/Tornie/data/OCONST.VOC'
FileManager: ignoring tiny external VOC placeholder 'C:\Users\canti\Documents\Codex\2026-07-31\cr\work\dunecity-tornie-1.0.524-23\build-test-win\bin\/data/OCONST.VOC'
FileManager: ignoring tiny VOC placeholder 'OCONST.VOC' from TORNIE.PAK
FileManager: ignoring tiny active-mod VOC placeholder 'C:\Users\canti\AppData\Roaming\DuneCity\mods/Tornie/data/OVEHICLE.VOC'
FileManager: ignoring tiny active-mod VOC placeholder 'C:\Users\canti\Documents\Codex\2026-07-31\cr\work\dunecity-tornie-1.0.524-23\build-test-win\bin\/mods/Tornie/data/OVEHICLE.VOC'
FileManager: ignoring tiny active-mod VOC placeholder 'C:\Users\canti\Documents\Codex\2026-07-31\cr\work\dunecity-tornie-1.0.524-23\build-test-win\bin\/../../mods/Tornie/data/OVEHICLE.VOC'
FileManager: ignoring tiny external VOC placeholder 'C:\Users\canti\Documents\Codex\2026-07-31\cr\work\dunecity-tornie-1.0.524-23\build-test-win\bin\/data/OVEHICLE.VOC'
FileManager: ignoring tiny VOC placeholder 'OVEHICLE.VOC' from TORNIE.PAK
FileManager: ignoring tiny active-mod VOC placeholder 'C:\Users\canti\AppData\Roaming\DuneCity\mods/Tornie/data/OREPAIR.VOC'
FileManager: ignoring tiny active-mod VOC placeholder 'C:\Users\canti\Documents\Codex\2026-07-31\cr\work\dunecity-tornie-1.0.524-23\build-test-win\bin\/mods/Tornie/data/OREPAIR.VOC'
FileManager: ignoring tiny active-mod VOC placeholder 'C:\Users\canti\Documents\Codex\2026-07-31\cr\work\dunecity-tornie-1.0.524-23\build-test-win\bin\/../../mods/Tornie/data/OREPAIR.VOC'
FileManager: ignoring tiny external VOC placeholder 'C:\Users\canti\Documents\Codex\2026-07-31\cr\work\dunecity-tornie-1.0.524-23\build-test-win\bin\/data/OREPAIR.VOC'
FileManager: ignoring tiny VOC placeholder 'OREPAIR.VOC' from TORNIE.PAK
FileManager: ignoring tiny active-mod VOC placeholder 'C:\Users\canti\AppData\Roaming\DuneCity\mods/Tornie/data/OFRIGATE.VOC'
FileManager: ignoring tiny active-mod VOC placeholder 'C:\Users\canti\Documents\Codex\2026-07-31\cr\work\dunecity-tornie-1.0.524-23\build-test-win\bin\/mods/Tornie/data/OFRIGATE.VOC'
FileManager: ignoring tiny active-mod VOC placeholder 'C:\Users\canti\Documents\Codex\2026-07-31\cr\work\dunecity-tornie-1.0.524-23\build-test-win\bin\/../../mods/Tornie/data/OFRIGATE.VOC'
FileManager: ignoring tiny external VOC placeholder 'C:\Users\canti\Documents\Codex\2026-07-31\cr\work\dunecity-tornie-1.0.524-23\build-test-win\bin\/data/OFRIGATE.VOC'
FileManager: ignoring tiny VOC placeholder 'OFRIGATE.VOC' from TORNIE.PAK
FileManager: ignoring tiny active-mod VOC placeholder 'C:\Users\canti\AppData\Roaming\DuneCity\mods/Tornie/data/OARRIVE.VOC'
FileManager: ignoring tiny active-mod VOC placeholder 'C:\Users\canti\Documents\Codex\2026-07-31\cr\work\dunecity-tornie-1.0.524-23\build-test-win\bin\/mods/Tornie/data/OARRIVE.VOC'
FileManager: ignoring tiny active-mod VOC placeholder 'C:\Users\canti\Documents\Codex\2026-07-31\cr\work\dunecity-tornie-1.0.524-23\build-test-win\bin\/../../mods/Tornie/data/OARRIVE.VOC'
FileManager: ignoring tiny external VOC placeholder 'C:\Users\canti\Documents\Codex\2026-07-31\cr\work\dunecity-tornie-1.0.524-23\build-test-win\bin\/data/OARRIVE.VOC'
FileManager: ignoring tiny VOC placeholder 'OARRIVE.VOC' from TORNIE.PAK
FileManager: ignoring tiny active-mod VOC placeholder 'C:\Users\canti\AppData\Roaming\DuneCity\mods/Tornie/data/OWIN.VOC'
FileManager: ignoring tiny active-mod VOC placeholder 'C:\Users\canti\Documents\Codex\2026-07-31\cr\work\dunecity-tornie-1.0.524-23\build-test-win\bin\/mods/Tornie/data/OWIN.VOC'
FileManager: ignoring tiny active-mod VOC placeholder 'C:\Users\canti\Documents\Codex\2026-07-31\cr\work\dunecity-tornie-1.0.524-23\build-test-win\bin\/../../mods/Tornie/data/OWIN.VOC'
FileManager: ignoring tiny external VOC placeholder 'C:\Users\canti\Documents\Codex\2026-07-31\cr\work\dunecity-tornie-1.0.524-23\build-test-win\bin\/data/OWIN.VOC'
FileManager: ignoring tiny VOC placeholder 'OWIN.VOC' from TORNIE.PAK
FileManager: ignoring tiny active-mod VOC placeholder 'C:\Users\canti\AppData\Roaming\DuneCity\mods/Tornie/data/OLOSE.VOC'
FileManager: ignoring tiny active-mod VOC placeholder 'C:\Users\canti\Documents\Codex\2026-07-31\cr\work\dunecity-tornie-1.0.524-23\build-test-win\bin\/mods/Tornie/data/OLOSE.VOC'
FileManager: ignoring tiny active-mod VOC placeholder 'C:\Users\canti\Documents\Codex\2026-07-31\cr\work\dunecity-tornie-1.0.524-23\build-test-win\bin\/../../mods/Tornie/data/OLOSE.VOC'
FileManager: ignoring tiny external VOC placeholder 'C:\Users\canti\Documents\Codex\2026-07-31\cr\work\dunecity-tornie-1.0.524-23\build-test-win\bin\/data/OLOSE.VOC'
FileManager: ignoring tiny VOC placeholder 'OLOSE.VOC' from TORNIE.PAK
FileManager: ignoring tiny active-mod VOC placeholder 'C:\Users\canti\AppData\Roaming\DuneCity\mods/Tornie/data/ORADAR.VOC'
FileManager: ignoring tiny active-mod VOC placeholder 'C:\Users\canti\Documents\Codex\2026-07-31\cr\work\dunecity-tornie-1.0.524-23\build-test-win\bin\/mods/Tornie/data/ORADAR.VOC'
FileManager: ignoring tiny active-mod VOC placeholder 'C:\Users\canti\Documents\Codex\2026-07-31\cr\work\dunecity-tornie-1.0.524-23\build-test-win\bin\/../../mods/Tornie/data/ORADAR.VOC'
FileManager: ignoring tiny external VOC placeholder 'C:\Users\canti\Documents\Codex\2026-07-31\cr\work\dunecity-tornie-1.0.524-23\build-test-win\bin\/data/ORADAR.VOC'
FileManager: ignoring tiny VOC placeholder 'ORADAR.VOC' from TORNIE.PAK
FileManager: ignoring tiny active-mod VOC placeholder 'C:\Users\canti\AppData\Roaming\DuneCity\mods/Tornie/data/OON.VOC'
FileManager: ignoring tiny active-mod VOC placeholder 'C:\Users\canti\Documents\Codex\2026-07-31\cr\work\dunecity-tornie-1.0.524-23\build-test-win\bin\/mods/Tornie/data/OON.VOC'
FileManager: ignoring tiny active-mod VOC placeholder 'C:\Users\canti\Documents\Codex\2026-07-31\cr\work\dunecity-tornie-1.0.524-23\build-test-win\bin\/../../mods/Tornie/data/OON.VOC'
FileManager: ignoring tiny external VOC placeholder 'C:\Users\canti\Documents\Codex\2026-07-31\cr\work\dunecity-tornie-1.0.524-23\build-test-win\bin\/data/OON.VOC'
FileManager: ignoring tiny VOC placeholder 'OON.VOC' from TORNIE.PAK
FileManager: ignoring tiny active-mod VOC placeholder 'C:\Users\canti\AppData\Roaming\DuneCity\mods/Tornie/data/OOFF.VOC'
FileManager: ignoring tiny active-mod VOC placeholder 'C:\Users\canti\Documents\Codex\2026-07-31\cr\work\dunecity-tornie-1.0.524-23\build-test-win\bin\/mods/Tornie/data/OOFF.VOC'
FileManager: ignoring tiny active-mod VOC placeholder 'C:\Users\canti\Documents\Codex\2026-07-31\cr\work\dunecity-tornie-1.0.524-23\build-test-win\bin\/../../mods/Tornie/data/OOFF.VOC'
FileManager: ignoring tiny external VOC placeholder 'C:\Users\canti\Documents\Codex\2026-07-31\cr\work\dunecity-tornie-1.0.524-23\build-test-win\bin\/data/OOFF.VOC'
FileManager: ignoring tiny VOC placeholder 'OOFF.VOC' from TORNIE.PAK
FileManager: ignoring tiny active-mod VOC placeholder 'C:\Users\canti\AppData\Roaming\DuneCity\mods/Tornie/data/OBLOOM.VOC'
FileManager: ignoring tiny active-mod VOC placeholder 'C:\Users\canti\Documents\Codex\2026-07-31\cr\work\dunecity-tornie-1.0.524-23\build-test-win\bin\/mods/Tornie/data/OBLOOM.VOC'
FileManager: ignoring tiny active-mod VOC placeholder 'C:\Users\canti\Documents\Codex\2026-07-31\cr\work\dunecity-tornie-1.0.524-23\build-test-win\bin\/../../mods/Tornie/data/OBLOOM.VOC'
FileManager: ignoring tiny external VOC placeholder 'C:\Users\canti\Documents\Codex\2026-07-31\cr\work\dunecity-tornie-1.0.524-23\build-test-win\bin\/data/OBLOOM.VOC'
FileManager: ignoring tiny VOC placeholder 'OBLOOM.VOC' from TORNIE.PAK
FileManager: ignoring tiny active-mod VOC placeholder 'C:\Users\canti\AppData\Roaming\DuneCity\mods/Tornie/data/OLOCATED.VOC'
FileManager: ignoring tiny active-mod VOC placeholder 'C:\Users\canti\Documents\Codex\2026-07-31\cr\work\dunecity-tornie-1.0.524-23\build-test-win\bin\/mods/Tornie/data/OLOCATED.VOC'
FileManager: ignoring tiny active-mod VOC placeholder 'C:\Users\canti\Documents\Codex\2026-07-31\cr\work\dunecity-tornie-1.0.524-23\build-test-win\bin\/../../mods/Tornie/data/OLOCATED.VOC'
FileManager: ignoring tiny external VOC placeholder 'C:\Users\canti\Documents\Codex\2026-07-31\cr\work\dunecity-tornie-1.0.524-23\build-test-win\bin\/data/OLOCATED.VOC'
FileManager: ignoring tiny VOC placeholder 'OLOCATED.VOC' from TORNIE.PAK
FileManager: ignoring tiny active-mod VOC placeholder 'C:\Users\canti\AppData\Roaming\DuneCity\mods/Tornie/data/OWARNING.VOC'
FileManager: ignoring tiny active-mod VOC placeholder 'C:\Users\canti\Documents\Codex\2026-07-31\cr\work\dunecity-tornie-1.0.524-23\build-test-win\bin\/mods/Tornie/data/OWARNING.VOC'
FileManager: ignoring tiny active-mod VOC placeholder 'C:\Users\canti\Documents\Codex\2026-07-31\cr\work\dunecity-tornie-1.0.524-23\build-test-win\bin\/../../mods/Tornie/data/OWARNING.VOC'
FileManager: ignoring tiny external VOC placeholder 'C:\Users\canti\Documents\Codex\2026-07-31\cr\work\dunecity-tornie-1.0.524-23\build-test-win\bin\/data/OWARNING.VOC'
FileManager: ignoring tiny VOC placeholder 'OWARNING.VOC' from TORNIE.PAK
FileManager: ignoring tiny active-mod VOC placeholder 'C:\Users\canti\AppData\Roaming\DuneCity\mods/Tornie/data/OWORMY.VOC'
FileManager: ignoring tiny active-mod VOC placeholder 'C:\Users\canti\Documents\Codex\2026-07-31\cr\work\dunecity-tornie-1.0.524-23\build-test-win\bin\/mods/Tornie/data/OWORMY.VOC'
FileManager: ignoring tiny active-mod VOC placeholder 'C:\Users\canti\Documents\Codex\2026-07-31\cr\work\dunecity-tornie-1.0.524-23\build-test-win\bin\/../../mods/Tornie/data/OWORMY.VOC'
FileManager: ignoring tiny external VOC placeholder 'C:\Users\canti\Documents\Codex\2026-07-31\cr\work\dunecity-tornie-1.0.524-23\build-test-win\bin\/data/OWORMY.VOC'
FileManager: ignoring tiny VOC placeholder 'OWORMY.VOC' from TORNIE.PAK
FileManager: ignoring tiny active-mod VOC placeholder 'C:\Users\canti\AppData\Roaming\DuneCity\mods/Tornie/data/OATTACK.VOC'
FileManager: ignoring tiny active-mod VOC placeholder 'C:\Users\canti\Documents\Codex\2026-07-31\cr\work\dunecity-tornie-1.0.524-23\build-test-win\bin\/mods/Tornie/data/OATTACK.VOC'
FileManager: ignoring tiny active-mod VOC placeholder 'C:\Users\canti\Documents\Codex\2026-07-31\cr\work\dunecity-tornie-1.0.524-23\build-test-win\bin\/../../mods/Tornie/data/OATTACK.VOC'
FileManager: ignoring tiny external VOC placeholder 'C:\Users\canti\Documents\Codex\2026-07-31\cr\work\dunecity-tornie-1.0.524-23\build-test-win\bin\/data/OATTACK.VOC'
FileManager: ignoring tiny VOC placeholder 'OATTACK.VOC' from TORNIE.PAK
FileManager: ignoring tiny active-mod VOC placeholder 'C:\Users\canti\AppData\Roaming\DuneCity\mods/Tornie/data/OSABOT.VOC'
FileManager: ignoring tiny active-mod VOC placeholder 'C:\Users\canti\Documents\Codex\2026-07-31\cr\work\dunecity-tornie-1.0.524-23\build-test-win\bin\/mods/Tornie/data/OSABOT.VOC'
FileManager: ignoring tiny active-mod VOC placeholder 'C:\Users\canti\Documents\Codex\2026-07-31\cr\work\dunecity-tornie-1.0.524-23\build-test-win\bin\/../../mods/Tornie/data/OSABOT.VOC'
FileManager: ignoring tiny external VOC placeholder 'C:\Users\canti\Documents\Codex\2026-07-31\cr\work\dunecity-tornie-1.0.524-23\build-test-win\bin\/data/OSABOT.VOC'
FileManager: ignoring tiny VOC placeholder 'OSABOT.VOC' from TORNIE.PAK
FileManager: ignoring tiny active-mod VOC placeholder 'C:\Users\canti\AppData\Roaming\DuneCity\mods/Tornie/data/OMISSILE.VOC'
FileManager: ignoring tiny active-mod VOC placeholder 'C:\Users\canti\Documents\Codex\2026-07-31\cr\work\dunecity-tornie-1.0.524-23\build-test-win\bin\/mods/Tornie/data/OMISSILE.VOC'
FileManager: ignoring tiny active-mod VOC placeholder 'C:\Users\canti\Documents\Codex\2026-07-31\cr\work\dunecity-tornie-1.0.524-23\build-test-win\bin\/../../mods/Tornie/data/OMISSILE.VOC'
FileManager: ignoring tiny external VOC placeholder 'C:\Users\canti\Documents\Codex\2026-07-31\cr\work\dunecity-tornie-1.0.524-23\build-test-win\bin\/data/OMISSILE.VOC'
FileManager: ignoring tiny VOC placeholder 'OMISSILE.VOC' from TORNIE.PAK
FileManager: ignoring tiny active-mod VOC placeholder 'C:\Users\canti\AppData\Roaming\DuneCity\mods/Tornie/data/OAPPRCH.VOC'
FileManager: ignoring tiny active-mod VOC placeholder 'C:\Users\canti\Documents\Codex\2026-07-31\cr\work\dunecity-tornie-1.0.524-23\build-test-win\bin\/mods/Tornie/data/OAPPRCH.VOC'
FileManager: ignoring tiny active-mod VOC placeholder 'C:\Users\canti\Documents\Codex\2026-07-31\cr\work\dunecity-tornie-1.0.524-23\build-test-win\bin\/../../mods/Tornie/data/OAPPRCH.VOC'
FileManager: ignoring tiny external VOC placeholder 'C:\Users\canti\Documents\Codex\2026-07-31\cr\work\dunecity-tornie-1.0.524-23\build-test-win\bin\/data/OAPPRCH.VOC'
FileManager: ignoring tiny VOC placeholder 'OAPPRCH.VOC' from TORNIE.PAK
FileManager: using active-mod asset 'C:\Users\canti\AppData\Roaming\DuneCity\mods/Tornie/data/WILDSPADE.VOC'
FileManager: using active-mod asset 'C:\Users\canti\AppData\Roaming\DuneCity\mods/Tornie/data/ANEU.VOC'
FileManager: ignoring tiny active-mod VOC placeholder 'C:\Users\canti\AppData\Roaming\DuneCity\mods/Tornie/data/AHARVEST.VOC'
FileManager: ignoring tiny active-mod VOC placeholder 'C:\Users\canti\Documents\Codex\2026-07-31\cr\work\dunecity-tornie-1.0.524-23\build-test-win\bin\/mods/Tornie/data/AHARVEST.VOC'
FileManager: ignoring tiny active-mod VOC placeholder 'C:\Users\canti\Documents\Codex\2026-07-31\cr\work\dunecity-tornie-1.0.524-23\build-test-win\bin\/../../mods/Tornie/data/AHARVEST.VOC'
FileManager: ignoring tiny external VOC placeholder 'C:\Users\canti\Documents\Codex\2026-07-31\cr\work\dunecity-tornie-1.0.524-23\build-test-win\bin\/data/AHARVEST.VOC'
FileManager: ignoring tiny VOC placeholder 'AHARVEST.VOC' from TORNIE.PAK
FileManager: ignoring tiny active-mod VOC placeholder 'C:\Users\canti\AppData\Roaming\DuneCity\mods/Tornie/data/AUNIT.VOC'
FileManager: ignoring tiny active-mod VOC placeholder 'C:\Users\canti\Documents\Codex\2026-07-31\cr\work\dunecity-tornie-1.0.524-23\build-test-win\bin\/mods/Tornie/data/AUNIT.VOC'
FileManager: ignoring tiny active-mod VOC placeholder 'C:\Users\canti\Documents\Codex\2026-07-31\cr\work\dunecity-tornie-1.0.524-23\build-test-win\bin\/../../mods/Tornie/data/AUNIT.VOC'
FileManager: ignoring tiny external VOC placeholder 'C:\Users\canti\Documents\Codex\2026-07-31\cr\work\dunecity-tornie-1.0.524-23\build-test-win\bin\/data/AUNIT.VOC'
FileManager: ignoring tiny VOC placeholder 'AUNIT.VOC' from TORNIE.PAK
FileManager: ignoring tiny active-mod VOC placeholder 'C:\Users\canti\AppData\Roaming\DuneCity\mods/Tornie/data/ADEPLOY.VOC'
FileManager: ignoring tiny active-mod VOC placeholder 'C:\Users\canti\Documents\Codex\2026-07-31\cr\work\dunecity-tornie-1.0.524-23\build-test-win\bin\/mods/Tornie/data/ADEPLOY.VOC'
FileManager: ignoring tiny active-mod VOC placeholder 'C:\Users\canti\Documents\Codex\2026-07-31\cr\work\dunecity-tornie-1.0.524-23\build-test-win\bin\/../../mods/Tornie/data/ADEPLOY.VOC'
FileManager: ignoring tiny external VOC placeholder 'C:\Users\canti\Documents\Codex\2026-07-31\cr\work\dunecity-tornie-1.0.524-23\build-test-win\bin\/data/ADEPLOY.VOC'
FileManager: ignoring tiny VOC placeholder 'ADEPLOY.VOC' from TORNIE.PAK
FileManager: ignoring tiny active-mod VOC placeholder 'C:\Users\canti\AppData\Roaming\DuneCity\mods/Tornie/data/ALAUNCH.VOC'
FileManager: ignoring tiny active-mod VOC placeholder 'C:\Users\canti\Documents\Codex\2026-07-31\cr\work\dunecity-tornie-1.0.524-23\build-test-win\bin\/mods/Tornie/data/ALAUNCH.VOC'
FileManager: ignoring tiny active-mod VOC placeholder 'C:\Users\canti\Documents\Codex\2026-07-31\cr\work\dunecity-tornie-1.0.524-23\build-test-win\bin\/../../mods/Tornie/data/ALAUNCH.VOC'
FileManager: ignoring tiny external VOC placeholder 'C:\Users\canti\Documents\Codex\2026-07-31\cr\work\dunecity-tornie-1.0.524-23\build-test-win\bin\/data/ALAUNCH.VOC'
FileManager: ignoring tiny VOC placeholder 'ALAUNCH.VOC' from TORNIE.PAK
FileManager: ignoring tiny active-mod VOC placeholder 'C:\Users\canti\AppData\Roaming\DuneCity\mods/Tornie/data/ACONST.VOC'
FileManager: ignoring tiny active-mod VOC placeholder 'C:\Users\canti\Documents\Codex\2026-07-31\cr\work\dunecity-tornie-1.0.524-23\build-test-win\bin\/mods/Tornie/data/ACONST.VOC'
FileManager: ignoring tiny active-mod VOC placeholder 'C:\Users\canti\Documents\Codex\2026-07-31\cr\work\dunecity-tornie-1.0.524-23\build-test-win\bin\/../../mods/Tornie/data/ACONST.VOC'
FileManager: ignoring tiny external VOC placeholder 'C:\Users\canti\Documents\Codex\2026-07-31\cr\work\dunecity-tornie-1.0.524-23\build-test-win\bin\/data/ACONST.VOC'
FileManager: ignoring tiny VOC placeholder 'ACONST.VOC' from TORNIE.PAK
FileManager: ignoring tiny active-mod VOC placeholder 'C:\Users\canti\AppData\Roaming\DuneCity\mods/Tornie/data/AVEHICLE.VOC'
FileManager: ignoring tiny active-mod VOC placeholder 'C:\Users\canti\Documents\Codex\2026-07-31\cr\work\dunecity-tornie-1.0.524-23\build-test-win\bin\/mods/Tornie/data/AVEHICLE.VOC'
FileManager: ignoring tiny active-mod VOC placeholder 'C:\Users\canti\Documents\Codex\2026-07-31\cr\work\dunecity-tornie-1.0.524-23\build-test-win\bin\/../../mods/Tornie/data/AVEHICLE.VOC'
FileManager: ignoring tiny external VOC placeholder 'C:\Users\canti\Documents\Codex\2026-07-31\cr\work\dunecity-tornie-1.0.524-23\build-test-win\bin\/data/AVEHICLE.VOC'
FileManager: ignoring tiny VOC placeholder 'AVEHICLE.VOC' from TORNIE.PAK
FileManager: ignoring tiny active-mod VOC placeholder 'C:\Users\canti\AppData\Roaming\DuneCity\mods/Tornie/data/AREPAIR.VOC'
FileManager: ignoring tiny active-mod VOC placeholder 'C:\Users\canti\Documents\Codex\2026-07-31\cr\work\dunecity-tornie-1.0.524-23\build-test-win\bin\/mods/Tornie/data/AREPAIR.VOC'
FileManager: ignoring tiny active-mod VOC placeholder 'C:\Users\canti\Documents\Codex\2026-07-31\cr\work\dunecity-tornie-1.0.524-23\build-test-win\bin\/../../mods/Tornie/data/AREPAIR.VOC'
FileManager: ignoring tiny external VOC placeholder 'C:\Users\canti\Documents\Codex\2026-07-31\cr\work\dunecity-tornie-1.0.524-23\build-test-win\bin\/data/AREPAIR.VOC'
FileManager: ignoring tiny VOC placeholder 'AREPAIR.VOC' from TORNIE.PAK
FileManager: ignoring tiny active-mod VOC placeholder 'C:\Users\canti\AppData\Roaming\DuneCity\mods/Tornie/data/AFRIGATE.VOC'
FileManager: ignoring tiny active-mod VOC placeholder 'C:\Users\canti\Documents\Codex\2026-07-31\cr\work\dunecity-tornie-1.0.524-23\build-test-win\bin\/mods/Tornie/data/AFRIGATE.VOC'
FileManager: ignoring tiny active-mod VOC placeholder 'C:\Users\canti\Documents\Codex\2026-07-31\cr\work\dunecity-tornie-1.0.524-23\build-test-win\bin\/../../mods/Tornie/data/AFRIGATE.VOC'
FileManager: ignoring tiny external VOC placeholder 'C:\Users\canti\Documents\Codex\2026-07-31\cr\work\dunecity-tornie-1.0.524-23\build-test-win\bin\/data/AFRIGATE.VOC'
FileManager: ignoring tiny VOC placeholder 'AFRIGATE.VOC' from TORNIE.PAK
FileManager: ignoring tiny active-mod VOC placeholder 'C:\Users\canti\AppData\Roaming\DuneCity\mods/Tornie/data/AARRIVE.VOC'
FileManager: ignoring tiny active-mod VOC placeholder 'C:\Users\canti\Documents\Codex\2026-07-31\cr\work\dunecity-tornie-1.0.524-23\build-test-win\bin\/mods/Tornie/data/AARRIVE.VOC'
FileManager: ignoring tiny active-mod VOC placeholder 'C:\Users\canti\Documents\Codex\2026-07-31\cr\work\dunecity-tornie-1.0.524-23\build-test-win\bin\/../../mods/Tornie/data/AARRIVE.VOC'
FileManager: ignoring tiny external VOC placeholder 'C:\Users\canti\Documents\Codex\2026-07-31\cr\work\dunecity-tornie-1.0.524-23\build-test-win\bin\/data/AARRIVE.VOC'
FileManager: ignoring tiny VOC placeholder 'AARRIVE.VOC' from TORNIE.PAK
FileManager: ignoring tiny active-mod VOC placeholder 'C:\Users\canti\AppData\Roaming\DuneCity\mods/Tornie/data/AWIN.VOC'
FileManager: ignoring tiny active-mod VOC placeholder 'C:\Users\canti\Documents\Codex\2026-07-31\cr\work\dunecity-tornie-1.0.524-23\build-test-win\bin\/mods/Tornie/data/AWIN.VOC'
FileManager: ignoring tiny active-mod VOC placeholder 'C:\Users\canti\Documents\Codex\2026-07-31\cr\work\dunecity-tornie-1.0.524-23\build-test-win\bin\/../../mods/Tornie/data/AWIN.VOC'
FileManager: ignoring tiny external VOC placeholder 'C:\Users\canti\Documents\Codex\2026-07-31\cr\work\dunecity-tornie-1.0.524-23\build-test-win\bin\/data/AWIN.VOC'
FileManager: ignoring tiny VOC placeholder 'AWIN.VOC' from TORNIE.PAK
FileManager: ignoring tiny active-mod VOC placeholder 'C:\Users\canti\AppData\Roaming\DuneCity\mods/Tornie/data/ALOSE.VOC'
FileManager: ignoring tiny active-mod VOC placeholder 'C:\Users\canti\Documents\Codex\2026-07-31\cr\work\dunecity-tornie-1.0.524-23\build-test-win\bin\/mods/Tornie/data/ALOSE.VOC'
FileManager: ignoring tiny active-mod VOC placeholder 'C:\Users\canti\Documents\Codex\2026-07-31\cr\work\dunecity-tornie-1.0.524-23\build-test-win\bin\/../../mods/Tornie/data/ALOSE.VOC'
FileManager: ignoring tiny external VOC placeholder 'C:\Users\canti\Documents\Codex\2026-07-31\cr\work\dunecity-tornie-1.0.524-23\build-test-win\bin\/data/ALOSE.VOC'
FileManager: ignoring tiny VOC placeholder 'ALOSE.VOC' from TORNIE.PAK
FileManager: ignoring tiny active-mod VOC placeholder 'C:\Users\canti\AppData\Roaming\DuneCity\mods/Tornie/data/ARADAR.VOC'
FileManager: ignoring tiny active-mod VOC placeholder 'C:\Users\canti\Documents\Codex\2026-07-31\cr\work\dunecity-tornie-1.0.524-23\build-test-win\bin\/mods/Tornie/data/ARADAR.VOC'
FileManager: ignoring tiny active-mod VOC placeholder 'C:\Users\canti\Documents\Codex\2026-07-31\cr\work\dunecity-tornie-1.0.524-23\build-test-win\bin\/../../mods/Tornie/data/ARADAR.VOC'
FileManager: ignoring tiny external VOC placeholder 'C:\Users\canti\Documents\Codex\2026-07-31\cr\work\dunecity-tornie-1.0.524-23\build-test-win\bin\/data/ARADAR.VOC'
FileManager: ignoring tiny VOC placeholder 'ARADAR.VOC' from TORNIE.PAK
FileManager: ignoring tiny active-mod VOC placeholder 'C:\Users\canti\AppData\Roaming\DuneCity\mods/Tornie/data/AON.VOC'
FileManager: ignoring tiny active-mod VOC placeholder 'C:\Users\canti\Documents\Codex\2026-07-31\cr\work\dunecity-tornie-1.0.524-23\build-test-win\bin\/mods/Tornie/data/AON.VOC'
FileManager: ignoring tiny active-mod VOC placeholder 'C:\Users\canti\Documents\Codex\2026-07-31\cr\work\dunecity-tornie-1.0.524-23\build-test-win\bin\/../../mods/Tornie/data/AON.VOC'
FileManager: ignoring tiny external VOC placeholder 'C:\Users\canti\Documents\Codex\2026-07-31\cr\work\dunecity-tornie-1.0.524-23\build-test-win\bin\/data/AON.VOC'
FileManager: ignoring tiny VOC placeholder 'AON.VOC' from TORNIE.PAK
FileManager: ignoring tiny active-mod VOC placeholder 'C:\Users\canti\AppData\Roaming\DuneCity\mods/Tornie/data/AOFF.VOC'
FileManager: ignoring tiny active-mod VOC placeholder 'C:\Users\canti\Documents\Codex\2026-07-31\cr\work\dunecity-tornie-1.0.524-23\build-test-win\bin\/mods/Tornie/data/AOFF.VOC'
FileManager: ignoring tiny active-mod VOC placeholder 'C:\Users\canti\Documents\Codex\2026-07-31\cr\work\dunecity-tornie-1.0.524-23\build-test-win\bin\/../../mods/Tornie/data/AOFF.VOC'
FileManager: ignoring tiny external VOC placeholder 'C:\Users\canti\Documents\Codex\2026-07-31\cr\work\dunecity-tornie-1.0.524-23\build-test-win\bin\/data/AOFF.VOC'
FileManager: ignoring tiny VOC placeholder 'AOFF.VOC' from TORNIE.PAK
FileManager: ignoring tiny active-mod VOC placeholder 'C:\Users\canti\AppData\Roaming\DuneCity\mods/Tornie/data/ABLOOM.VOC'
FileManager: ignoring tiny active-mod VOC placeholder 'C:\Users\canti\Documents\Codex\2026-07-31\cr\work\dunecity-tornie-1.0.524-23\build-test-win\bin\/mods/Tornie/data/ABLOOM.VOC'
FileManager: ignoring tiny active-mod VOC placeholder 'C:\Users\canti\Documents\Codex\2026-07-31\cr\work\dunecity-tornie-1.0.524-23\build-test-win\bin\/../../mods/Tornie/data/ABLOOM.VOC'
FileManager: ignoring tiny external VOC placeholder 'C:\Users\canti\Documents\Codex\2026-07-31\cr\work\dunecity-tornie-1.0.524-23\build-test-win\bin\/data/ABLOOM.VOC'
FileManager: ignoring tiny VOC placeholder 'ABLOOM.VOC' from TORNIE.PAK
FileManager: ignoring tiny active-mod VOC placeholder 'C:\Users\canti\AppData\Roaming\DuneCity\mods/Tornie/data/ALOCATED.VOC'
FileManager: ignoring tiny active-mod VOC placeholder 'C:\Users\canti\Documents\Codex\2026-07-31\cr\work\dunecity-tornie-1.0.524-23\build-test-win\bin\/mods/Tornie/data/ALOCATED.VOC'
FileManager: ignoring tiny active-mod VOC placeholder 'C:\Users\canti\Documents\Codex\2026-07-31\cr\work\dunecity-tornie-1.0.524-23\build-test-win\bin\/../../mods/Tornie/data/ALOCATED.VOC'
FileManager: ignoring tiny external VOC placeholder 'C:\Users\canti\Documents\Codex\2026-07-31\cr\work\dunecity-tornie-1.0.524-23\build-test-win\bin\/data/ALOCATED.VOC'
FileManager: ignoring tiny VOC placeholder 'ALOCATED.VOC' from TORNIE.PAK
FileManager: ignoring tiny active-mod VOC placeholder 'C:\Users\canti\AppData\Roaming\DuneCity\mods/Tornie/data/AWARNING.VOC'
FileManager: ignoring tiny active-mod VOC placeholder 'C:\Users\canti\Documents\Codex\2026-07-31\cr\work\dunecity-tornie-1.0.524-23\build-test-win\bin\/mods/Tornie/data/AWARNING.VOC'
FileManager: ignoring tiny active-mod VOC placeholder 'C:\Users\canti\Documents\Codex\2026-07-31\cr\work\dunecity-tornie-1.0.524-23\build-test-win\bin\/../../mods/Tornie/data/AWARNING.VOC'
FileManager: ignoring tiny external VOC placeholder 'C:\Users\canti\Documents\Codex\2026-07-31\cr\work\dunecity-tornie-1.0.524-23\build-test-win\bin\/data/AWARNING.VOC'
FileManager: ignoring tiny VOC placeholder 'AWARNING.VOC' from TORNIE.PAK
FileManager: ignoring tiny active-mod VOC placeholder 'C:\Users\canti\AppData\Roaming\DuneCity\mods/Tornie/data/AWORMY.VOC'
FileManager: ignoring tiny active-mod VOC placeholder 'C:\Users\canti\Documents\Codex\2026-07-31\cr\work\dunecity-tornie-1.0.524-23\build-test-win\bin\/mods/Tornie/data/AWORMY.VOC'
FileManager: ignoring tiny active-mod VOC placeholder 'C:\Users\canti\Documents\Codex\2026-07-31\cr\work\dunecity-tornie-1.0.524-23\build-test-win\bin\/../../mods/Tornie/data/AWORMY.VOC'
FileManager: ignoring tiny external VOC placeholder 'C:\Users\canti\Documents\Codex\2026-07-31\cr\work\dunecity-tornie-1.0.524-23\build-test-win\bin\/data/AWORMY.VOC'
FileManager: ignoring tiny VOC placeholder 'AWORMY.VOC' from TORNIE.PAK
FileManager: ignoring tiny active-mod VOC placeholder 'C:\Users\canti\AppData\Roaming\DuneCity\mods/Tornie/data/AATTACK.VOC'
FileManager: ignoring tiny active-mod VOC placeholder 'C:\Users\canti\Documents\Codex\2026-07-31\cr\work\dunecity-tornie-1.0.524-23\build-test-win\bin\/mods/Tornie/data/AATTACK.VOC'
FileManager: ignoring tiny active-mod VOC placeholder 'C:\Users\canti\Documents\Codex\2026-07-31\cr\work\dunecity-tornie-1.0.524-23\build-test-win\bin\/../../mods/Tornie/data/AATTACK.VOC'
FileManager: ignoring tiny external VOC placeholder 'C:\Users\canti\Documents\Codex\2026-07-31\cr\work\dunecity-tornie-1.0.524-23\build-test-win\bin\/data/AATTACK.VOC'
FileManager: ignoring tiny VOC placeholder 'AATTACK.VOC' from TORNIE.PAK
FileManager: ignoring tiny active-mod VOC placeholder 'C:\Users\canti\AppData\Roaming\DuneCity\mods/Tornie/data/ASABOT.VOC'
FileManager: ignoring tiny active-mod VOC placeholder 'C:\Users\canti\Documents\Codex\2026-07-31\cr\work\dunecity-tornie-1.0.524-23\build-test-win\bin\/mods/Tornie/data/ASABOT.VOC'
FileManager: ignoring tiny active-mod VOC placeholder 'C:\Users\canti\Documents\Codex\2026-07-31\cr\work\dunecity-tornie-1.0.524-23\build-test-win\bin\/../../mods/Tornie/data/ASABOT.VOC'
FileManager: ignoring tiny external VOC placeholder 'C:\Users\canti\Documents\Codex\2026-07-31\cr\work\dunecity-tornie-1.0.524-23\build-test-win\bin\/data/ASABOT.VOC'
FileManager: ignoring tiny VOC placeholder 'ASABOT.VOC' from TORNIE.PAK
FileManager: ignoring tiny active-mod VOC placeholder 'C:\Users\canti\AppData\Roaming\DuneCity\mods/Tornie/data/AMISSILE.VOC'
FileManager: ignoring tiny active-mod VOC placeholder 'C:\Users\canti\Documents\Codex\2026-07-31\cr\work\dunecity-tornie-1.0.524-23\build-test-win\bin\/mods/Tornie/data/AMISSILE.VOC'
FileManager: ignoring tiny active-mod VOC placeholder 'C:\Users\canti\Documents\Codex\2026-07-31\cr\work\dunecity-tornie-1.0.524-23\build-test-win\bin\/../../mods/Tornie/data/AMISSILE.VOC'
FileManager: ignoring tiny external VOC placeholder 'C:\Users\canti\Documents\Codex\2026-07-31\cr\work\dunecity-tornie-1.0.524-23\build-test-win\bin\/data/AMISSILE.VOC'
FileManager: ignoring tiny VOC placeholder 'AMISSILE.VOC' from TORNIE.PAK
FileManager: ignoring tiny active-mod VOC placeholder 'C:\Users\canti\AppData\Roaming\DuneCity\mods/Tornie/data/AAPPRCH.VOC'
FileManager: ignoring tiny active-mod VOC placeholder 'C:\Users\canti\Documents\Codex\2026-07-31\cr\work\dunecity-tornie-1.0.524-23\build-test-win\bin\/mods/Tornie/data/AAPPRCH.VOC'
FileManager: ignoring tiny active-mod VOC placeholder 'C:\Users\canti\Documents\Codex\2026-07-31\cr\work\dunecity-tornie-1.0.524-23\build-test-win\bin\/../../mods/Tornie/data/AAPPRCH.VOC'
FileManager: ignoring tiny external VOC placeholder 'C:\Users\canti\Documents\Codex\2026-07-31\cr\work\dunecity-tornie-1.0.524-23\build-test-win\bin\/data/AAPPRCH.VOC'
FileManager: ignoring tiny VOC placeholder 'AAPPRCH.VOC' from TORNIE.PAK
FileManager: using active-mod asset 'C:\Users\canti\AppData\Roaming\DuneCity\mods/Tornie/data/ANEU.VOC'
FileManager: using active-mod asset 'C:\Users\canti\AppData\Roaming\DuneCity\mods/Tornie/data/KLESHMERSH.VOC'
FileManager: using active-mod asset 'C:\Users\canti\AppData\Roaming\DuneCity\mods/Tornie/data/RREBELS.VOC'
FileManager: ignoring tiny active-mod VOC placeholder 'C:\Users\canti\AppData\Roaming\DuneCity\mods/Tornie/data/HHARVEST.VOC'
FileManager: ignoring tiny active-mod VOC placeholder 'C:\Users\canti\Documents\Codex\2026-07-31\cr\work\dunecity-tornie-1.0.524-23\build-test-win\bin\/mods/Tornie/data/HHARVEST.VOC'
FileManager: ignoring tiny active-mod VOC placeholder 'C:\Users\canti\Documents\Codex\2026-07-31\cr\work\dunecity-tornie-1.0.524-23\build-test-win\bin\/../../mods/Tornie/data/HHARVEST.VOC'
FileManager: ignoring tiny external VOC placeholder 'C:\Users\canti\Documents\Codex\2026-07-31\cr\work\dunecity-tornie-1.0.524-23\build-test-win\bin\/data/HHARVEST.VOC'
FileManager: ignoring tiny VOC placeholder 'HHARVEST.VOC' from TORNIE.PAK
FileManager: ignoring tiny active-mod VOC placeholder 'C:\Users\canti\AppData\Roaming\DuneCity\mods/Tornie/data/HUNIT.VOC'
FileManager: ignoring tiny active-mod VOC placeholder 'C:\Users\canti\Documents\Codex\2026-07-31\cr\work\dunecity-tornie-1.0.524-23\build-test-win\bin\/mods/Tornie/data/HUNIT.VOC'
FileManager: ignoring tiny active-mod VOC placeholder 'C:\Users\canti\Documents\Codex\2026-07-31\cr\work\dunecity-tornie-1.0.524-23\build-test-win\bin\/../../mods/Tornie/data/HUNIT.VOC'
FileManager: ignoring tiny external VOC placeholder 'C:\Users\canti\Documents\Codex\2026-07-31\cr\work\dunecity-tornie-1.0.524-23\build-test-win\bin\/data/HUNIT.VOC'
FileManager: ignoring tiny VOC placeholder 'HUNIT.VOC' from TORNIE.PAK
FileManager: ignoring tiny active-mod VOC placeholder 'C:\Users\canti\AppData\Roaming\DuneCity\mods/Tornie/data/HDEPLOY.VOC'
FileManager: ignoring tiny active-mod VOC placeholder 'C:\Users\canti\Documents\Codex\2026-07-31\cr\work\dunecity-tornie-1.0.524-23\build-test-win\bin\/mods/Tornie/data/HDEPLOY.VOC'
FileManager: ignoring tiny active-mod VOC placeholder 'C:\Users\canti\Documents\Codex\2026-07-31\cr\work\dunecity-tornie-1.0.524-23\build-test-win\bin\/../../mods/Tornie/data/HDEPLOY.VOC'
FileManager: ignoring tiny external VOC placeholder 'C:\Users\canti\Documents\Codex\2026-07-31\cr\work\dunecity-tornie-1.0.524-23\build-test-win\bin\/data/HDEPLOY.VOC'
FileManager: ignoring tiny VOC placeholder 'HDEPLOY.VOC' from TORNIE.PAK
FileManager: ignoring tiny active-mod VOC placeholder 'C:\Users\canti\AppData\Roaming\DuneCity\mods/Tornie/data/HLAUNCH.VOC'
FileManager: ignoring tiny active-mod VOC placeholder 'C:\Users\canti\Documents\Codex\2026-07-31\cr\work\dunecity-tornie-1.0.524-23\build-test-win\bin\/mods/Tornie/data/HLAUNCH.VOC'
FileManager: ignoring tiny active-mod VOC placeholder 'C:\Users\canti\Documents\Codex\2026-07-31\cr\work\dunecity-tornie-1.0.524-23\build-test-win\bin\/../../mods/Tornie/data/HLAUNCH.VOC'
FileManager: ignoring tiny external VOC placeholder 'C:\Users\canti\Documents\Codex\2026-07-31\cr\work\dunecity-tornie-1.0.524-23\build-test-win\bin\/data/HLAUNCH.VOC'
FileManager: ignoring tiny VOC placeholder 'HLAUNCH.VOC' from TORNIE.PAK
FileManager: ignoring tiny active-mod VOC placeholder 'C:\Users\canti\AppData\Roaming\DuneCity\mods/Tornie/data/HCONST.VOC'
FileManager: ignoring tiny active-mod VOC placeholder 'C:\Users\canti\Documents\Codex\2026-07-31\cr\work\dunecity-tornie-1.0.524-23\build-test-win\bin\/mods/Tornie/data/HCONST.VOC'
FileManager: ignoring tiny active-mod VOC placeholder 'C:\Users\canti\Documents\Codex\2026-07-31\cr\work\dunecity-tornie-1.0.524-23\build-test-win\bin\/../../mods/Tornie/data/HCONST.VOC'
FileManager: ignoring tiny external VOC placeholder 'C:\Users\canti\Documents\Codex\2026-07-31\cr\work\dunecity-tornie-1.0.524-23\build-test-win\bin\/data/HCONST.VOC'
FileManager: ignoring tiny VOC placeholder 'HCONST.VOC' from TORNIE.PAK
FileManager: ignoring tiny active-mod VOC placeholder 'C:\Users\canti\AppData\Roaming\DuneCity\mods/Tornie/data/HVEHICLE.VOC'
FileManager: ignoring tiny active-mod VOC placeholder 'C:\Users\canti\Documents\Codex\2026-07-31\cr\work\dunecity-tornie-1.0.524-23\build-test-win\bin\/mods/Tornie/data/HVEHICLE.VOC'
FileManager: ignoring tiny active-mod VOC placeholder 'C:\Users\canti\Documents\Codex\2026-07-31\cr\work\dunecity-tornie-1.0.524-23\build-test-win\bin\/../../mods/Tornie/data/HVEHICLE.VOC'
FileManager: ignoring tiny external VOC placeholder 'C:\Users\canti\Documents\Codex\2026-07-31\cr\work\dunecity-tornie-1.0.524-23\build-test-win\bin\/data/HVEHICLE.VOC'
FileManager: ignoring tiny VOC placeholder 'HVEHICLE.VOC' from TORNIE.PAK
FileManager: ignoring tiny active-mod VOC placeholder 'C:\Users\canti\AppData\Roaming\DuneCity\mods/Tornie/data/HREPAIR.VOC'
FileManager: ignoring tiny active-mod VOC placeholder 'C:\Users\canti\Documents\Codex\2026-07-31\cr\work\dunecity-tornie-1.0.524-23\build-test-win\bin\/mods/Tornie/data/HREPAIR.VOC'
FileManager: ignoring tiny active-mod VOC placeholder 'C:\Users\canti\Documents\Codex\2026-07-31\cr\work\dunecity-tornie-1.0.524-23\build-test-win\bin\/../../mods/Tornie/data/HREPAIR.VOC'
FileManager: ignoring tiny external VOC placeholder 'C:\Users\canti\Documents\Codex\2026-07-31\cr\work\dunecity-tornie-1.0.524-23\build-test-win\bin\/data/HREPAIR.VOC'
FileManager: ignoring tiny VOC placeholder 'HREPAIR.VOC' from TORNIE.PAK
FileManager: ignoring tiny active-mod VOC placeholder 'C:\Users\canti\AppData\Roaming\DuneCity\mods/Tornie/data/HFRIGATE.VOC'
FileManager: ignoring tiny active-mod VOC placeholder 'C:\Users\canti\Documents\Codex\2026-07-31\cr\work\dunecity-tornie-1.0.524-23\build-test-win\bin\/mods/Tornie/data/HFRIGATE.VOC'
FileManager: ignoring tiny active-mod VOC placeholder 'C:\Users\canti\Documents\Codex\2026-07-31\cr\work\dunecity-tornie-1.0.524-23\build-test-win\bin\/../../mods/Tornie/data/HFRIGATE.VOC'
FileManager: ignoring tiny external VOC placeholder 'C:\Users\canti\Documents\Codex\2026-07-31\cr\work\dunecity-tornie-1.0.524-23\build-test-win\bin\/data/HFRIGATE.VOC'
FileManager: ignoring tiny VOC placeholder 'HFRIGATE.VOC' from TORNIE.PAK
FileManager: ignoring tiny active-mod VOC placeholder 'C:\Users\canti\AppData\Roaming\DuneCity\mods/Tornie/data/HARRIVE.VOC'
FileManager: ignoring tiny active-mod VOC placeholder 'C:\Users\canti\Documents\Codex\2026-07-31\cr\work\dunecity-tornie-1.0.524-23\build-test-win\bin\/mods/Tornie/data/HARRIVE.VOC'
FileManager: ignoring tiny active-mod VOC placeholder 'C:\Users\canti\Documents\Codex\2026-07-31\cr\work\dunecity-tornie-1.0.524-23\build-test-win\bin\/../../mods/Tornie/data/HARRIVE.VOC'
FileManager: ignoring tiny external VOC placeholder 'C:\Users\canti\Documents\Codex\2026-07-31\cr\work\dunecity-tornie-1.0.524-23\build-test-win\bin\/data/HARRIVE.VOC'
FileManager: ignoring tiny VOC placeholder 'HARRIVE.VOC' from TORNIE.PAK
FileManager: ignoring tiny active-mod VOC placeholder 'C:\Users\canti\AppData\Roaming\DuneCity\mods/Tornie/data/HWIN.VOC'
FileManager: ignoring tiny active-mod VOC placeholder 'C:\Users\canti\Documents\Codex\2026-07-31\cr\work\dunecity-tornie-1.0.524-23\build-test-win\bin\/mods/Tornie/data/HWIN.VOC'
FileManager: ignoring tiny active-mod VOC placeholder 'C:\Users\canti\Documents\Codex\2026-07-31\cr\work\dunecity-tornie-1.0.524-23\build-test-win\bin\/../../mods/Tornie/data/HWIN.VOC'
FileManager: ignoring tiny external VOC placeholder 'C:\Users\canti\Documents\Codex\2026-07-31\cr\work\dunecity-tornie-1.0.524-23\build-test-win\bin\/data/HWIN.VOC'
FileManager: ignoring tiny VOC placeholder 'HWIN.VOC' from TORNIE.PAK
FileManager: ignoring tiny active-mod VOC placeholder 'C:\Users\canti\AppData\Roaming\DuneCity\mods/Tornie/data/HLOSE.VOC'
FileManager: ignoring tiny active-mod VOC placeholder 'C:\Users\canti\Documents\Codex\2026-07-31\cr\work\dunecity-tornie-1.0.524-23\build-test-win\bin\/mods/Tornie/data/HLOSE.VOC'
FileManager: ignoring tiny active-mod VOC placeholder 'C:\Users\canti\Documents\Codex\2026-07-31\cr\work\dunecity-tornie-1.0.524-23\build-test-win\bin\/../../mods/Tornie/data/HLOSE.VOC'
FileManager: ignoring tiny external VOC placeholder 'C:\Users\canti\Documents\Codex\2026-07-31\cr\work\dunecity-tornie-1.0.524-23\build-test-win\bin\/data/HLOSE.VOC'
FileManager: ignoring tiny VOC placeholder 'HLOSE.VOC' from TORNIE.PAK
FileManager: ignoring tiny active-mod VOC placeholder 'C:\Users\canti\AppData\Roaming\DuneCity\mods/Tornie/data/HRADAR.VOC'
FileManager: ignoring tiny active-mod VOC placeholder 'C:\Users\canti\Documents\Codex\2026-07-31\cr\work\dunecity-tornie-1.0.524-23\build-test-win\bin\/mods/Tornie/data/HRADAR.VOC'
FileManager: ignoring tiny active-mod VOC placeholder 'C:\Users\canti\Documents\Codex\2026-07-31\cr\work\dunecity-tornie-1.0.524-23\build-test-win\bin\/../../mods/Tornie/data/HRADAR.VOC'
FileManager: ignoring tiny external VOC placeholder 'C:\Users\canti\Documents\Codex\2026-07-31\cr\work\dunecity-tornie-1.0.524-23\build-test-win\bin\/data/HRADAR.VOC'
FileManager: ignoring tiny VOC placeholder 'HRADAR.VOC' from TORNIE.PAK
FileManager: ignoring tiny active-mod VOC placeholder 'C:\Users\canti\AppData\Roaming\DuneCity\mods/Tornie/data/HON.VOC'
FileManager: ignoring tiny active-mod VOC placeholder 'C:\Users\canti\Documents\Codex\2026-07-31\cr\work\dunecity-tornie-1.0.524-23\build-test-win\bin\/mods/Tornie/data/HON.VOC'
FileManager: ignoring tiny active-mod VOC placeholder 'C:\Users\canti\Documents\Codex\2026-07-31\cr\work\dunecity-tornie-1.0.524-23\build-test-win\bin\/../../mods/Tornie/data/HON.VOC'
FileManager: ignoring tiny external VOC placeholder 'C:\Users\canti\Documents\Codex\2026-07-31\cr\work\dunecity-tornie-1.0.524-23\build-test-win\bin\/data/HON.VOC'
FileManager: ignoring tiny VOC placeholder 'HON.VOC' from TORNIE.PAK
FileManager: ignoring tiny active-mod VOC placeholder 'C:\Users\canti\AppData\Roaming\DuneCity\mods/Tornie/data/HOFF.VOC'
FileManager: ignoring tiny active-mod VOC placeholder 'C:\Users\canti\Documents\Codex\2026-07-31\cr\work\dunecity-tornie-1.0.524-23\build-test-win\bin\/mods/Tornie/data/HOFF.VOC'
FileManager: ignoring tiny active-mod VOC placeholder 'C:\Users\canti\Documents\Codex\2026-07-31\cr\work\dunecity-tornie-1.0.524-23\build-test-win\bin\/../../mods/Tornie/data/HOFF.VOC'
FileManager: ignoring tiny external VOC placeholder 'C:\Users\canti\Documents\Codex\2026-07-31\cr\work\dunecity-tornie-1.0.524-23\build-test-win\bin\/data/HOFF.VOC'
FileManager: ignoring tiny VOC placeholder 'HOFF.VOC' from TORNIE.PAK
FileManager: ignoring tiny active-mod VOC placeholder 'C:\Users\canti\AppData\Roaming\DuneCity\mods/Tornie/data/HBLOOM.VOC'
FileManager: ignoring tiny active-mod VOC placeholder 'C:\Users\canti\Documents\Codex\2026-07-31\cr\work\dunecity-tornie-1.0.524-23\build-test-win\bin\/mods/Tornie/data/HBLOOM.VOC'
FileManager: ignoring tiny active-mod VOC placeholder 'C:\Users\canti\Documents\Codex\2026-07-31\cr\work\dunecity-tornie-1.0.524-23\build-test-win\bin\/../../mods/Tornie/data/HBLOOM.VOC'
FileManager: ignoring tiny external VOC placeholder 'C:\Users\canti\Documents\Codex\2026-07-31\cr\work\dunecity-tornie-1.0.524-23\build-test-win\bin\/data/HBLOOM.VOC'
FileManager: ignoring tiny VOC placeholder 'HBLOOM.VOC' from TORNIE.PAK
FileManager: ignoring tiny active-mod VOC placeholder 'C:\Users\canti\AppData\Roaming\DuneCity\mods/Tornie/data/HLOCATED.VOC'
FileManager: ignoring tiny active-mod VOC placeholder 'C:\Users\canti\Documents\Codex\2026-07-31\cr\work\dunecity-tornie-1.0.524-23\build-test-win\bin\/mods/Tornie/data/HLOCATED.VOC'
FileManager: ignoring tiny active-mod VOC placeholder 'C:\Users\canti\Documents\Codex\2026-07-31\cr\work\dunecity-tornie-1.0.524-23\build-test-win\bin\/../../mods/Tornie/data/HLOCATED.VOC'
FileManager: ignoring tiny external VOC placeholder 'C:\Users\canti\Documents\Codex\2026-07-31\cr\work\dunecity-tornie-1.0.524-23\build-test-win\bin\/data/HLOCATED.VOC'
FileManager: ignoring tiny VOC placeholder 'HLOCATED.VOC' from TORNIE.PAK
FileManager: ignoring tiny active-mod VOC placeholder 'C:\Users\canti\AppData\Roaming\DuneCity\mods/Tornie/data/HWARNING.VOC'
FileManager: ignoring tiny active-mod VOC placeholder 'C:\Users\canti\Documents\Codex\2026-07-31\cr\work\dunecity-tornie-1.0.524-23\build-test-win\bin\/mods/Tornie/data/HWARNING.VOC'
FileManager: ignoring tiny active-mod VOC placeholder 'C:\Users\canti\Documents\Codex\2026-07-31\cr\work\dunecity-tornie-1.0.524-23\build-test-win\bin\/../../mods/Tornie/data/HWARNING.VOC'
FileManager: ignoring tiny external VOC placeholder 'C:\Users\canti\Documents\Codex\2026-07-31\cr\work\dunecity-tornie-1.0.524-23\build-test-win\bin\/data/HWARNING.VOC'
FileManager: ignoring tiny VOC placeholder 'HWARNING.VOC' from TORNIE.PAK
FileManager: ignoring tiny active-mod VOC placeholder 'C:\Users\canti\AppData\Roaming\DuneCity\mods/Tornie/data/HWORMY.VOC'
FileManager: ignoring tiny active-mod VOC placeholder 'C:\Users\canti\Documents\Codex\2026-07-31\cr\work\dunecity-tornie-1.0.524-23\build-test-win\bin\/mods/Tornie/data/HWORMY.VOC'
FileManager: ignoring tiny active-mod VOC placeholder 'C:\Users\canti\Documents\Codex\2026-07-31\cr\work\dunecity-tornie-1.0.524-23\build-test-win\bin\/../../mods/Tornie/data/HWORMY.VOC'
FileManager: ignoring tiny external VOC placeholder 'C:\Users\canti\Documents\Codex\2026-07-31\cr\work\dunecity-tornie-1.0.524-23\build-test-win\bin\/data/HWORMY.VOC'
FileManager: ignoring tiny VOC placeholder 'HWORMY.VOC' from TORNIE.PAK
FileManager: ignoring tiny active-mod VOC placeholder 'C:\Users\canti\AppData\Roaming\DuneCity\mods/Tornie/data/HATTACK.VOC'
FileManager: ignoring tiny active-mod VOC placeholder 'C:\Users\canti\Documents\Codex\2026-07-31\cr\work\dunecity-tornie-1.0.524-23\build-test-win\bin\/mods/Tornie/data/HATTACK.VOC'
FileManager: ignoring tiny active-mod VOC placeholder 'C:\Users\canti\Documents\Codex\2026-07-31\cr\work\dunecity-tornie-1.0.524-23\build-test-win\bin\/../../mods/Tornie/data/HATTACK.VOC'
FileManager: ignoring tiny external VOC placeholder 'C:\Users\canti\Documents\Codex\2026-07-31\cr\work\dunecity-tornie-1.0.524-23\build-test-win\bin\/data/HATTACK.VOC'
FileManager: ignoring tiny VOC placeholder 'HATTACK.VOC' from TORNIE.PAK
FileManager: ignoring tiny active-mod VOC placeholder 'C:\Users\canti\AppData\Roaming\DuneCity\mods/Tornie/data/HSABOT.VOC'
FileManager: ignoring tiny active-mod VOC placeholder 'C:\Users\canti\Documents\Codex\2026-07-31\cr\work\dunecity-tornie-1.0.524-23\build-test-win\bin\/mods/Tornie/data/HSABOT.VOC'
FileManager: ignoring tiny active-mod VOC placeholder 'C:\Users\canti\Documents\Codex\2026-07-31\cr\work\dunecity-tornie-1.0.524-23\build-test-win\bin\/../../mods/Tornie/data/HSABOT.VOC'
FileManager: ignoring tiny external VOC placeholder 'C:\Users\canti\Documents\Codex\2026-07-31\cr\work\dunecity-tornie-1.0.524-23\build-test-win\bin\/data/HSABOT.VOC'
FileManager: ignoring tiny VOC placeholder 'HSABOT.VOC' from TORNIE.PAK
FileManager: ignoring tiny active-mod VOC placeholder 'C:\Users\canti\AppData\Roaming\DuneCity\mods/Tornie/data/HMISSILE.VOC'
FileManager: ignoring tiny active-mod VOC placeholder 'C:\Users\canti\Documents\Codex\2026-07-31\cr\work\dunecity-tornie-1.0.524-23\build-test-win\bin\/mods/Tornie/data/HMISSILE.VOC'
FileManager: ignoring tiny active-mod VOC placeholder 'C:\Users\canti\Documents\Codex\2026-07-31\cr\work\dunecity-tornie-1.0.524-23\build-test-win\bin\/../../mods/Tornie/data/HMISSILE.VOC'
FileManager: ignoring tiny external VOC placeholder 'C:\Users\canti\Documents\Codex\2026-07-31\cr\work\dunecity-tornie-1.0.524-23\build-test-win\bin\/data/HMISSILE.VOC'
FileManager: ignoring tiny VOC placeholder 'HMISSILE.VOC' from TORNIE.PAK
FileManager: ignoring tiny active-mod VOC placeholder 'C:\Users\canti\AppData\Roaming\DuneCity\mods/Tornie/data/HAPPRCH.VOC'
FileManager: ignoring tiny active-mod VOC placeholder 'C:\Users\canti\Documents\Codex\2026-07-31\cr\work\dunecity-tornie-1.0.524-23\build-test-win\bin\/mods/Tornie/data/HAPPRCH.VOC'
FileManager: ignoring tiny active-mod VOC placeholder 'C:\Users\canti\Documents\Codex\2026-07-31\cr\work\dunecity-tornie-1.0.524-23\build-test-win\bin\/../../mods/Tornie/data/HAPPRCH.VOC'
FileManager: ignoring tiny external VOC placeholder 'C:\Users\canti\Documents\Codex\2026-07-31\cr\work\dunecity-tornie-1.0.524-23\build-test-win\bin\/data/HAPPRCH.VOC'
FileManager: ignoring tiny VOC placeholder 'HAPPRCH.VOC' from TORNIE.PAK
FileManager: using active-mod asset 'C:\Users\canti\AppData\Roaming\DuneCity\mods/Tornie/data/RREBELS.VOC'
FileManager: using active-mod asset 'C:\Users\canti\AppData\Roaming\DuneCity\mods/Tornie/data/CORRUPT.VOC'
FileManager: ignoring tiny active-mod VOC placeholder 'C:\Users\canti\AppData\Roaming\DuneCity\mods/Tornie/data/OHARVEST.VOC'
FileManager: ignoring tiny active-mod VOC placeholder 'C:\Users\canti\Documents\Codex\2026-07-31\cr\work\dunecity-tornie-1.0.524-23\build-test-win\bin\/mods/Tornie/data/OHARVEST.VOC'
FileManager: ignoring tiny active-mod VOC placeholder 'C:\Users\canti\Documents\Codex\2026-07-31\cr\work\dunecity-tornie-1.0.524-23\build-test-win\bin\/../../mods/Tornie/data/OHARVEST.VOC'
FileManager: ignoring tiny external VOC placeholder 'C:\Users\canti\Documents\Codex\2026-07-31\cr\work\dunecity-tornie-1.0.524-23\build-test-win\bin\/data/OHARVEST.VOC'
FileManager: ignoring tiny VOC placeholder 'OHARVEST.VOC' from TORNIE.PAK
FileManager: ignoring tiny active-mod VOC placeholder 'C:\Users\canti\AppData\Roaming\DuneCity\mods/Tornie/data/OUNIT.VOC'
FileManager: ignoring tiny active-mod VOC placeholder 'C:\Users\canti\Documents\Codex\2026-07-31\cr\work\dunecity-tornie-1.0.524-23\build-test-win\bin\/mods/Tornie/data/OUNIT.VOC'
FileManager: ignoring tiny active-mod VOC placeholder 'C:\Users\canti\Documents\Codex\2026-07-31\cr\work\dunecity-tornie-1.0.524-23\build-test-win\bin\/../../mods/Tornie/data/OUNIT.VOC'
FileManager: ignoring tiny external VOC placeholder 'C:\Users\canti\Documents\Codex\2026-07-31\cr\work\dunecity-tornie-1.0.524-23\build-test-win\bin\/data/OUNIT.VOC'
FileManager: ignoring tiny VOC placeholder 'OUNIT.VOC' from TORNIE.PAK
FileManager: ignoring tiny active-mod VOC placeholder 'C:\Users\canti\AppData\Roaming\DuneCity\mods/Tornie/data/ODEPLOY.VOC'
FileManager: ignoring tiny active-mod VOC placeholder 'C:\Users\canti\Documents\Codex\2026-07-31\cr\work\dunecity-tornie-1.0.524-23\build-test-win\bin\/mods/Tornie/data/ODEPLOY.VOC'
FileManager: ignoring tiny active-mod VOC placeholder 'C:\Users\canti\Documents\Codex\2026-07-31\cr\work\dunecity-tornie-1.0.524-23\build-test-win\bin\/../../mods/Tornie/data/ODEPLOY.VOC'
FileManager: ignoring tiny external VOC placeholder 'C:\Users\canti\Documents\Codex\2026-07-31\cr\work\dunecity-tornie-1.0.524-23\build-test-win\bin\/data/ODEPLOY.VOC'
FileManager: ignoring tiny VOC placeholder 'ODEPLOY.VOC' from TORNIE.PAK
FileManager: ignoring tiny active-mod VOC placeholder 'C:\Users\canti\AppData\Roaming\DuneCity\mods/Tornie/data/OLAUNCH.VOC'
FileManager: ignoring tiny active-mod VOC placeholder 'C:\Users\canti\Documents\Codex\2026-07-31\cr\work\dunecity-tornie-1.0.524-23\build-test-win\bin\/mods/Tornie/data/OLAUNCH.VOC'
FileManager: ignoring tiny active-mod VOC placeholder 'C:\Users\canti\Documents\Codex\2026-07-31\cr\work\dunecity-tornie-1.0.524-23\build-test-win\bin\/../../mods/Tornie/data/OLAUNCH.VOC'
FileManager: ignoring tiny external VOC placeholder 'C:\Users\canti\Documents\Codex\2026-07-31\cr\work\dunecity-tornie-1.0.524-23\build-test-win\bin\/data/OLAUNCH.VOC'
FileManager: ignoring tiny VOC placeholder 'OLAUNCH.VOC' from TORNIE.PAK
FileManager: ignoring tiny active-mod VOC placeholder 'C:\Users\canti\AppData\Roaming\DuneCity\mods/Tornie/data/OCONST.VOC'
FileManager: ignoring tiny active-mod VOC placeholder 'C:\Users\canti\Documents\Codex\2026-07-31\cr\work\dunecity-tornie-1.0.524-23\build-test-win\bin\/mods/Tornie/data/OCONST.VOC'
FileManager: ignoring tiny active-mod VOC placeholder 'C:\Users\canti\Documents\Codex\2026-07-31\cr\work\dunecity-tornie-1.0.524-23\build-test-win\bin\/../../mods/Tornie/data/OCONST.VOC'
FileManager: ignoring tiny external VOC placeholder 'C:\Users\canti\Documents\Codex\2026-07-31\cr\work\dunecity-tornie-1.0.524-23\build-test-win\bin\/data/OCONST.VOC'
FileManager: ignoring tiny VOC placeholder 'OCONST.VOC' from TORNIE.PAK
FileManager: ignoring tiny active-mod VOC placeholder 'C:\Users\canti\AppData\Roaming\DuneCity\mods/Tornie/data/OVEHICLE.VOC'
FileManager: ignoring tiny active-mod VOC placeholder 'C:\Users\canti\Documents\Codex\2026-07-31\cr\work\dunecity-tornie-1.0.524-23\build-test-win\bin\/mods/Tornie/data/OVEHICLE.VOC'
FileManager: ignoring tiny active-mod VOC placeholder 'C:\Users\canti\Documents\Codex\2026-07-31\cr\work\dunecity-tornie-1.0.524-23\build-test-win\bin\/../../mods/Tornie/data/OVEHICLE.VOC'
FileManager: ignoring tiny external VOC placeholder 'C:\Users\canti\Documents\Codex\2026-07-31\cr\work\dunecity-tornie-1.0.524-23\build-test-win\bin\/data/OVEHICLE.VOC'
FileManager: ignoring tiny VOC placeholder 'OVEHICLE.VOC' from TORNIE.PAK
FileManager: ignoring tiny active-mod VOC placeholder 'C:\Users\canti\AppData\Roaming\DuneCity\mods/Tornie/data/OREPAIR.VOC'
FileManager: ignoring tiny active-mod VOC placeholder 'C:\Users\canti\Documents\Codex\2026-07-31\cr\work\dunecity-tornie-1.0.524-23\build-test-win\bin\/mods/Tornie/data/OREPAIR.VOC'
FileManager: ignoring tiny active-mod VOC placeholder 'C:\Users\canti\Documents\Codex\2026-07-31\cr\work\dunecity-tornie-1.0.524-23\build-test-win\bin\/../../mods/Tornie/data/OREPAIR.VOC'
FileManager: ignoring tiny external VOC placeholder 'C:\Users\canti\Documents\Codex\2026-07-31\cr\work\dunecity-tornie-1.0.524-23\build-test-win\bin\/data/OREPAIR.VOC'
FileManager: ignoring tiny VOC placeholder 'OREPAIR.VOC' from TORNIE.PAK
FileManager: ignoring tiny active-mod VOC placeholder 'C:\Users\canti\AppData\Roaming\DuneCity\mods/Tornie/data/OFRIGATE.VOC'
FileManager: ignoring tiny active-mod VOC placeholder 'C:\Users\canti\Documents\Codex\2026-07-31\cr\work\dunecity-tornie-1.0.524-23\build-test-win\bin\/mods/Tornie/data/OFRIGATE.VOC'
FileManager: ignoring tiny active-mod VOC placeholder 'C:\Users\canti\Documents\Codex\2026-07-31\cr\work\dunecity-tornie-1.0.524-23\build-test-win\bin\/../../mods/Tornie/data/OFRIGATE.VOC'
FileManager: ignoring tiny external VOC placeholder 'C:\Users\canti\Documents\Codex\2026-07-31\cr\work\dunecity-tornie-1.0.524-23\build-test-win\bin\/data/OFRIGATE.VOC'
FileManager: ignoring tiny VOC placeholder 'OFRIGATE.VOC' from TORNIE.PAK
FileManager: ignoring tiny active-mod VOC placeholder 'C:\Users\canti\AppData\Roaming\DuneCity\mods/Tornie/data/OARRIVE.VOC'
FileManager: ignoring tiny active-mod VOC placeholder 'C:\Users\canti\Documents\Codex\2026-07-31\cr\work\dunecity-tornie-1.0.524-23\build-test-win\bin\/mods/Tornie/data/OARRIVE.VOC'
FileManager: ignoring tiny active-mod VOC placeholder 'C:\Users\canti\Documents\Codex\2026-07-31\cr\work\dunecity-tornie-1.0.524-23\build-test-win\bin\/../../mods/Tornie/data/OARRIVE.VOC'
FileManager: ignoring tiny external VOC placeholder 'C:\Users\canti\Documents\Codex\2026-07-31\cr\work\dunecity-tornie-1.0.524-23\build-test-win\bin\/data/OARRIVE.VOC'
FileManager: ignoring tiny VOC placeholder 'OARRIVE.VOC' from TORNIE.PAK
FileManager: ignoring tiny active-mod VOC placeholder 'C:\Users\canti\AppData\Roaming\DuneCity\mods/Tornie/data/OWIN.VOC'
FileManager: ignoring tiny active-mod VOC placeholder 'C:\Users\canti\Documents\Codex\2026-07-31\cr\work\dunecity-tornie-1.0.524-23\build-test-win\bin\/mods/Tornie/data/OWIN.VOC'
FileManager: ignoring tiny active-mod VOC placeholder 'C:\Users\canti\Documents\Codex\2026-07-31\cr\work\dunecity-tornie-1.0.524-23\build-test-win\bin\/../../mods/Tornie/data/OWIN.VOC'
FileManager: ignoring tiny external VOC placeholder 'C:\Users\canti\Documents\Codex\2026-07-31\cr\work\dunecity-tornie-1.0.524-23\build-test-win\bin\/data/OWIN.VOC'
FileManager: ignoring tiny VOC placeholder 'OWIN.VOC' from TORNIE.PAK
FileManager: ignoring tiny active-mod VOC placeholder 'C:\Users\canti\AppData\Roaming\DuneCity\mods/Tornie/data/OLOSE.VOC'
FileManager: ignoring tiny active-mod VOC placeholder 'C:\Users\canti\Documents\Codex\2026-07-31\cr\work\dunecity-tornie-1.0.524-23\build-test-win\bin\/mods/Tornie/data/OLOSE.VOC'
FileManager: ignoring tiny active-mod VOC placeholder 'C:\Users\canti\Documents\Codex\2026-07-31\cr\work\dunecity-tornie-1.0.524-23\build-test-win\bin\/../../mods/Tornie/data/OLOSE.VOC'
FileManager: ignoring tiny external VOC placeholder 'C:\Users\canti\Documents\Codex\2026-07-31\cr\work\dunecity-tornie-1.0.524-23\build-test-win\bin\/data/OLOSE.VOC'
FileManager: ignoring tiny VOC placeholder 'OLOSE.VOC' from TORNIE.PAK
FileManager: ignoring tiny active-mod VOC placeholder 'C:\Users\canti\AppData\Roaming\DuneCity\mods/Tornie/data/ORADAR.VOC'
FileManager: ignoring tiny active-mod VOC placeholder 'C:\Users\canti\Documents\Codex\2026-07-31\cr\work\dunecity-tornie-1.0.524-23\build-test-win\bin\/mods/Tornie/data/ORADAR.VOC'
FileManager: ignoring tiny active-mod VOC placeholder 'C:\Users\canti\Documents\Codex\2026-07-31\cr\work\dunecity-tornie-1.0.524-23\build-test-win\bin\/../../mods/Tornie/data/ORADAR.VOC'
FileManager: ignoring tiny external VOC placeholder 'C:\Users\canti\Documents\Codex\2026-07-31\cr\work\dunecity-tornie-1.0.524-23\build-test-win\bin\/data/ORADAR.VOC'
FileManager: ignoring tiny VOC placeholder 'ORADAR.VOC' from TORNIE.PAK
FileManager: ignoring tiny active-mod VOC placeholder 'C:\Users\canti\AppData\Roaming\DuneCity\mods/Tornie/data/OON.VOC'
FileManager: ignoring tiny active-mod VOC placeholder 'C:\Users\canti\Documents\Codex\2026-07-31\cr\work\dunecity-tornie-1.0.524-23\build-test-win\bin\/mods/Tornie/data/OON.VOC'
FileManager: ignoring tiny active-mod VOC placeholder 'C:\Users\canti\Documents\Codex\2026-07-31\cr\work\dunecity-tornie-1.0.524-23\build-test-win\bin\/../../mods/Tornie/data/OON.VOC'
FileManager: ignoring tiny external VOC placeholder 'C:\Users\canti\Documents\Codex\2026-07-31\cr\work\dunecity-tornie-1.0.524-23\build-test-win\bin\/data/OON.VOC'
FileManager: ignoring tiny VOC placeholder 'OON.VOC' from TORNIE.PAK
FileManager: ignoring tiny active-mod VOC placeholder 'C:\Users\canti\AppData\Roaming\DuneCity\mods/Tornie/data/OOFF.VOC'
FileManager: ignoring tiny active-mod VOC placeholder 'C:\Users\canti\Documents\Codex\2026-07-31\cr\work\dunecity-tornie-1.0.524-23\build-test-win\bin\/mods/Tornie/data/OOFF.VOC'
FileManager: ignoring tiny active-mod VOC placeholder 'C:\Users\canti\Documents\Codex\2026-07-31\cr\work\dunecity-tornie-1.0.524-23\build-test-win\bin\/../../mods/Tornie/data/OOFF.VOC'
FileManager: ignoring tiny external VOC placeholder 'C:\Users\canti\Documents\Codex\2026-07-31\cr\work\dunecity-tornie-1.0.524-23\build-test-win\bin\/data/OOFF.VOC'
FileManager: ignoring tiny VOC placeholder 'OOFF.VOC' from TORNIE.PAK
FileManager: ignoring tiny active-mod VOC placeholder 'C:\Users\canti\AppData\Roaming\DuneCity\mods/Tornie/data/OBLOOM.VOC'
FileManager: ignoring tiny active-mod VOC placeholder 'C:\Users\canti\Documents\Codex\2026-07-31\cr\work\dunecity-tornie-1.0.524-23\build-test-win\bin\/mods/Tornie/data/OBLOOM.VOC'
FileManager: ignoring tiny active-mod VOC placeholder 'C:\Users\canti\Documents\Codex\2026-07-31\cr\work\dunecity-tornie-1.0.524-23\build-test-win\bin\/../../mods/Tornie/data/OBLOOM.VOC'
FileManager: ignoring tiny external VOC placeholder 'C:\Users\canti\Documents\Codex\2026-07-31\cr\work\dunecity-tornie-1.0.524-23\build-test-win\bin\/data/OBLOOM.VOC'
FileManager: ignoring tiny VOC placeholder 'OBLOOM.VOC' from TORNIE.PAK
FileManager: ignoring tiny active-mod VOC placeholder 'C:\Users\canti\AppData\Roaming\DuneCity\mods/Tornie/data/OLOCATED.VOC'
FileManager: ignoring tiny active-mod VOC placeholder 'C:\Users\canti\Documents\Codex\2026-07-31\cr\work\dunecity-tornie-1.0.524-23\build-test-win\bin\/mods/Tornie/data/OLOCATED.VOC'
FileManager: ignoring tiny active-mod VOC placeholder 'C:\Users\canti\Documents\Codex\2026-07-31\cr\work\dunecity-tornie-1.0.524-23\build-test-win\bin\/../../mods/Tornie/data/OLOCATED.VOC'
FileManager: ignoring tiny external VOC placeholder 'C:\Users\canti\Documents\Codex\2026-07-31\cr\work\dunecity-tornie-1.0.524-23\build-test-win\bin\/data/OLOCATED.VOC'
FileManager: ignoring tiny VOC placeholder 'OLOCATED.VOC' from TORNIE.PAK
FileManager: ignoring tiny active-mod VOC placeholder 'C:\Users\canti\AppData\Roaming\DuneCity\mods/Tornie/data/OWARNING.VOC'
FileManager: ignoring tiny active-mod VOC placeholder 'C:\Users\canti\Documents\Codex\2026-07-31\cr\work\dunecity-tornie-1.0.524-23\build-test-win\bin\/mods/Tornie/data/OWARNING.VOC'
FileManager: ignoring tiny active-mod VOC placeholder 'C:\Users\canti\Documents\Codex\2026-07-31\cr\work\dunecity-tornie-1.0.524-23\build-test-win\bin\/../../mods/Tornie/data/OWARNING.VOC'
FileManager: ignoring tiny external VOC placeholder 'C:\Users\canti\Documents\Codex\2026-07-31\cr\work\dunecity-tornie-1.0.524-23\build-test-win\bin\/data/OWARNING.VOC'
FileManager: ignoring tiny VOC placeholder 'OWARNING.VOC' from TORNIE.PAK
FileManager: ignoring tiny active-mod VOC placeholder 'C:\Users\canti\AppData\Roaming\DuneCity\mods/Tornie/data/OWORMY.VOC'
FileManager: ignoring tiny active-mod VOC placeholder 'C:\Users\canti\Documents\Codex\2026-07-31\cr\work\dunecity-tornie-1.0.524-23\build-test-win\bin\/mods/Tornie/data/OWORMY.VOC'
FileManager: ignoring tiny active-mod VOC placeholder 'C:\Users\canti\Documents\Codex\2026-07-31\cr\work\dunecity-tornie-1.0.524-23\build-test-win\bin\/../../mods/Tornie/data/OWORMY.VOC'
FileManager: ignoring tiny external VOC placeholder 'C:\Users\canti\Documents\Codex\2026-07-31\cr\work\dunecity-tornie-1.0.524-23\build-test-win\bin\/data/OWORMY.VOC'
FileManager: ignoring tiny VOC placeholder 'OWORMY.VOC' from TORNIE.PAK
FileManager: ignoring tiny active-mod VOC placeholder 'C:\Users\canti\AppData\Roaming\DuneCity\mods/Tornie/data/OATTACK.VOC'
FileManager: ignoring tiny active-mod VOC placeholder 'C:\Users\canti\Documents\Codex\2026-07-31\cr\work\dunecity-tornie-1.0.524-23\build-test-win\bin\/mods/Tornie/data/OATTACK.VOC'
FileManager: ignoring tiny active-mod VOC placeholder 'C:\Users\canti\Documents\Codex\2026-07-31\cr\work\dunecity-tornie-1.0.524-23\build-test-win\bin\/../../mods/Tornie/data/OATTACK.VOC'
FileManager: ignoring tiny external VOC placeholder 'C:\Users\canti\Documents\Codex\2026-07-31\cr\work\dunecity-tornie-1.0.524-23\build-test-win\bin\/data/OATTACK.VOC'
FileManager: ignoring tiny VOC placeholder 'OATTACK.VOC' from TORNIE.PAK
FileManager: ignoring tiny active-mod VOC placeholder 'C:\Users\canti\AppData\Roaming\DuneCity\mods/Tornie/data/OSABOT.VOC'
FileManager: ignoring tiny active-mod VOC placeholder 'C:\Users\canti\Documents\Codex\2026-07-31\cr\work\dunecity-tornie-1.0.524-23\build-test-win\bin\/mods/Tornie/data/OSABOT.VOC'
FileManager: ignoring tiny active-mod VOC placeholder 'C:\Users\canti\Documents\Codex\2026-07-31\cr\work\dunecity-tornie-1.0.524-23\build-test-win\bin\/../../mods/Tornie/data/OSABOT.VOC'
FileManager: ignoring tiny external VOC placeholder 'C:\Users\canti\Documents\Codex\2026-07-31\cr\work\dunecity-tornie-1.0.524-23\build-test-win\bin\/data/OSABOT.VOC'
FileManager: ignoring tiny VOC placeholder 'OSABOT.VOC' from TORNIE.PAK
FileManager: ignoring tiny active-mod VOC placeholder 'C:\Users\canti\AppData\Roaming\DuneCity\mods/Tornie/data/OMISSILE.VOC'
FileManager: ignoring tiny active-mod VOC placeholder 'C:\Users\canti\Documents\Codex\2026-07-31\cr\work\dunecity-tornie-1.0.524-23\build-test-win\bin\/mods/Tornie/data/OMISSILE.VOC'
FileManager: ignoring tiny active-mod VOC placeholder 'C:\Users\canti\Documents\Codex\2026-07-31\cr\work\dunecity-tornie-1.0.524-23\build-test-win\bin\/../../mods/Tornie/data/OMISSILE.VOC'
FileManager: ignoring tiny external VOC placeholder 'C:\Users\canti\Documents\Codex\2026-07-31\cr\work\dunecity-tornie-1.0.524-23\build-test-win\bin\/data/OMISSILE.VOC'
FileManager: ignoring tiny VOC placeholder 'OMISSILE.VOC' from TORNIE.PAK
FileManager: ignoring tiny active-mod VOC placeholder 'C:\Users\canti\AppData\Roaming\DuneCity\mods/Tornie/data/OAPPRCH.VOC'
FileManager: ignoring tiny active-mod VOC placeholder 'C:\Users\canti\Documents\Codex\2026-07-31\cr\work\dunecity-tornie-1.0.524-23\build-test-win\bin\/mods/Tornie/data/OAPPRCH.VOC'
FileManager: ignoring tiny active-mod VOC placeholder 'C:\Users\canti\Documents\Codex\2026-07-31\cr\work\dunecity-tornie-1.0.524-23\build-test-win\bin\/../../mods/Tornie/data/OAPPRCH.VOC'
FileManager: ignoring tiny external VOC placeholder 'C:\Users\canti\Documents\Codex\2026-07-31\cr\work\dunecity-tornie-1.0.524-23\build-test-win\bin\/data/OAPPRCH.VOC'
FileManager: ignoring tiny VOC placeholder 'OAPPRCH.VOC' from TORNIE.PAK
FileManager: using active-mod asset 'C:\Users\canti\AppData\Roaming\DuneCity\mods/Tornie/data/CORRUPT.VOC'
FileManager: using active-mod asset 'C:\Users\canti\AppData\Roaming\DuneCity\mods/Tornie/data/WILDSPADE.VOC'
FileManager: using active-mod asset 'C:\Users\canti\AppData\Roaming\DuneCity\mods/Tornie/data/WILDSPADE.VOC'
FileManager: ignoring tiny active-mod VOC placeholder 'C:\Users\canti\AppData\Roaming\DuneCity\mods/Tornie/data/AHARVEST.VOC'
FileManager: ignoring tiny active-mod VOC placeholder 'C:\Users\canti\Documents\Codex\2026-07-31\cr\work\dunecity-tornie-1.0.524-23\build-test-win\bin\/mods/Tornie/data/AHARVEST.VOC'
FileManager: ignoring tiny active-mod VOC placeholder 'C:\Users\canti\Documents\Codex\2026-07-31\cr\work\dunecity-tornie-1.0.524-23\build-test-win\bin\/../../mods/Tornie/data/AHARVEST.VOC'
FileManager: ignoring tiny external VOC placeholder 'C:\Users\canti\Documents\Codex\2026-07-31\cr\work\dunecity-tornie-1.0.524-23\build-test-win\bin\/data/AHARVEST.VOC'
FileManager: ignoring tiny VOC placeholder 'AHARVEST.VOC' from TORNIE.PAK
FileManager: ignoring tiny active-mod VOC placeholder 'C:\Users\canti\AppData\Roaming\DuneCity\mods/Tornie/data/AUNIT.VOC'
FileManager: ignoring tiny active-mod VOC placeholder 'C:\Users\canti\Documents\Codex\2026-07-31\cr\work\dunecity-tornie-1.0.524-23\build-test-win\bin\/mods/Tornie/data/AUNIT.VOC'
FileManager: ignoring tiny active-mod VOC placeholder 'C:\Users\canti\Documents\Codex\2026-07-31\cr\work\dunecity-tornie-1.0.524-23\build-test-win\bin\/../../mods/Tornie/data/AUNIT.VOC'
FileManager: ignoring tiny external VOC placeholder 'C:\Users\canti\Documents\Codex\2026-07-31\cr\work\dunecity-tornie-1.0.524-23\build-test-win\bin\/data/AUNIT.VOC'
FileManager: ignoring tiny VOC placeholder 'AUNIT.VOC' from TORNIE.PAK
FileManager: ignoring tiny active-mod VOC placeholder 'C:\Users\canti\AppData\Roaming\DuneCity\mods/Tornie/data/ADEPLOY.VOC'
FileManager: ignoring tiny active-mod VOC placeholder 'C:\Users\canti\Documents\Codex\2026-07-31\cr\work\dunecity-tornie-1.0.524-23\build-test-win\bin\/mods/Tornie/data/ADEPLOY.VOC'
FileManager: ignoring tiny active-mod VOC placeholder 'C:\Users\canti\Documents\Codex\2026-07-31\cr\work\dunecity-tornie-1.0.524-23\build-test-win\bin\/../../mods/Tornie/data/ADEPLOY.VOC'
FileManager: ignoring tiny external VOC placeholder 'C:\Users\canti\Documents\Codex\2026-07-31\cr\work\dunecity-tornie-1.0.524-23\build-test-win\bin\/data/ADEPLOY.VOC'
FileManager: ignoring tiny VOC placeholder 'ADEPLOY.VOC' from TORNIE.PAK
FileManager: ignoring tiny active-mod VOC placeholder 'C:\Users\canti\AppData\Roaming\DuneCity\mods/Tornie/data/ALAUNCH.VOC'
FileManager: ignoring tiny active-mod VOC placeholder 'C:\Users\canti\Documents\Codex\2026-07-31\cr\work\dunecity-tornie-1.0.524-23\build-test-win\bin\/mods/Tornie/data/ALAUNCH.VOC'
FileManager: ignoring tiny active-mod VOC placeholder 'C:\Users\canti\Documents\Codex\2026-07-31\cr\work\dunecity-tornie-1.0.524-23\build-test-win\bin\/../../mods/Tornie/data/ALAUNCH.VOC'
FileManager: ignoring tiny external VOC placeholder 'C:\Users\canti\Documents\Codex\2026-07-31\cr\work\dunecity-tornie-1.0.524-23\build-test-win\bin\/data/ALAUNCH.VOC'
FileManager: ignoring tiny VOC placeholder 'ALAUNCH.VOC' from TORNIE.PAK
FileManager: ignoring tiny active-mod VOC placeholder 'C:\Users\canti\AppData\Roaming\DuneCity\mods/Tornie/data/ACONST.VOC'
FileManager: ignoring tiny active-mod VOC placeholder 'C:\Users\canti\Documents\Codex\2026-07-31\cr\work\dunecity-tornie-1.0.524-23\build-test-win\bin\/mods/Tornie/data/ACONST.VOC'
FileManager: ignoring tiny active-mod VOC placeholder 'C:\Users\canti\Documents\Codex\2026-07-31\cr\work\dunecity-tornie-1.0.524-23\build-test-win\bin\/../../mods/Tornie/data/ACONST.VOC'
FileManager: ignoring tiny external VOC placeholder 'C:\Users\canti\Documents\Codex\2026-07-31\cr\work\dunecity-tornie-1.0.524-23\build-test-win\bin\/data/ACONST.VOC'
FileManager: ignoring tiny VOC placeholder 'ACONST.VOC' from TORNIE.PAK
FileManager: ignoring tiny active-mod VOC placeholder 'C:\Users\canti\AppData\Roaming\DuneCity\mods/Tornie/data/AVEHICLE.VOC'
FileManager: ignoring tiny active-mod VOC placeholder 'C:\Users\canti\Documents\Codex\2026-07-31\cr\work\dunecity-tornie-1.0.524-23\build-test-win\bin\/mods/Tornie/data/AVEHICLE.VOC'
FileManager: ignoring tiny active-mod VOC placeholder 'C:\Users\canti\Documents\Codex\2026-07-31\cr\work\dunecity-tornie-1.0.524-23\build-test-win\bin\/../../mods/Tornie/data/AVEHICLE.VOC'
FileManager: ignoring tiny external VOC placeholder 'C:\Users\canti\Documents\Codex\2026-07-31\cr\work\dunecity-tornie-1.0.524-23\build-test-win\bin\/data/AVEHICLE.VOC'
FileManager: ignoring tiny VOC placeholder 'AVEHICLE.VOC' from TORNIE.PAK
FileManager: ignoring tiny active-mod VOC placeholder 'C:\Users\canti\AppData\Roaming\DuneCity\mods/Tornie/data/AREPAIR.VOC'
FileManager: ignoring tiny active-mod VOC placeholder 'C:\Users\canti\Documents\Codex\2026-07-31\cr\work\dunecity-tornie-1.0.524-23\build-test-win\bin\/mods/Tornie/data/AREPAIR.VOC'
FileManager: ignoring tiny active-mod VOC placeholder 'C:\Users\canti\Documents\Codex\2026-07-31\cr\work\dunecity-tornie-1.0.524-23\build-test-win\bin\/../../mods/Tornie/data/AREPAIR.VOC'
FileManager: ignoring tiny external VOC placeholder 'C:\Users\canti\Documents\Codex\2026-07-31\cr\work\dunecity-tornie-1.0.524-23\build-test-win\bin\/data/AREPAIR.VOC'
FileManager: ignoring tiny VOC placeholder 'AREPAIR.VOC' from TORNIE.PAK
FileManager: ignoring tiny active-mod VOC placeholder 'C:\Users\canti\AppData\Roaming\DuneCity\mods/Tornie/data/AFRIGATE.VOC'
FileManager: ignoring tiny active-mod VOC placeholder 'C:\Users\canti\Documents\Codex\2026-07-31\cr\work\dunecity-tornie-1.0.524-23\build-test-win\bin\/mods/Tornie/data/AFRIGATE.VOC'
FileManager: ignoring tiny active-mod VOC placeholder 'C:\Users\canti\Documents\Codex\2026-07-31\cr\work\dunecity-tornie-1.0.524-23\build-test-win\bin\/../../mods/Tornie/data/AFRIGATE.VOC'
FileManager: ignoring tiny external VOC placeholder 'C:\Users\canti\Documents\Codex\2026-07-31\cr\work\dunecity-tornie-1.0.524-23\build-test-win\bin\/data/AFRIGATE.VOC'
FileManager: ignoring tiny VOC placeholder 'AFRIGATE.VOC' from TORNIE.PAK
FileManager: ignoring tiny active-mod VOC placeholder 'C:\Users\canti\AppData\Roaming\DuneCity\mods/Tornie/data/AARRIVE.VOC'
FileManager: ignoring tiny active-mod VOC placeholder 'C:\Users\canti\Documents\Codex\2026-07-31\cr\work\dunecity-tornie-1.0.524-23\build-test-win\bin\/mods/Tornie/data/AARRIVE.VOC'
FileManager: ignoring tiny active-mod VOC placeholder 'C:\Users\canti\Documents\Codex\2026-07-31\cr\work\dunecity-tornie-1.0.524-23\build-test-win\bin\/../../mods/Tornie/data/AARRIVE.VOC'
FileManager: ignoring tiny external VOC placeholder 'C:\Users\canti\Documents\Codex\2026-07-31\cr\work\dunecity-tornie-1.0.524-23\build-test-win\bin\/data/AARRIVE.VOC'
FileManager: ignoring tiny VOC placeholder 'AARRIVE.VOC' from TORNIE.PAK
FileManager: ignoring tiny active-mod VOC placeholder 'C:\Users\canti\AppData\Roaming\DuneCity\mods/Tornie/data/AWIN.VOC'
FileManager: ignoring tiny active-mod VOC placeholder 'C:\Users\canti\Documents\Codex\2026-07-31\cr\work\dunecity-tornie-1.0.524-23\build-test-win\bin\/mods/Tornie/data/AWIN.VOC'
FileManager: ignoring tiny active-mod VOC placeholder 'C:\Users\canti\Documents\Codex\2026-07-31\cr\work\dunecity-tornie-1.0.524-23\build-test-win\bin\/../../mods/Tornie/data/AWIN.VOC'
FileManager: ignoring tiny external VOC placeholder 'C:\Users\canti\Documents\Codex\2026-07-31\cr\work\dunecity-tornie-1.0.524-23\build-test-win\bin\/data/AWIN.VOC'
FileManager: ignoring tiny VOC placeholder 'AWIN.VOC' from TORNIE.PAK
FileManager: ignoring tiny active-mod VOC placeholder 'C:\Users\canti\AppData\Roaming\DuneCity\mods/Tornie/data/ALOSE.VOC'
FileManager: ignoring tiny active-mod VOC placeholder 'C:\Users\canti\Documents\Codex\2026-07-31\cr\work\dunecity-tornie-1.0.524-23\build-test-win\bin\/mods/Tornie/data/ALOSE.VOC'
FileManager: ignoring tiny active-mod VOC placeholder 'C:\Users\canti\Documents\Codex\2026-07-31\cr\work\dunecity-tornie-1.0.524-23\build-test-win\bin\/../../mods/Tornie/data/ALOSE.VOC'
FileManager: ignoring tiny external VOC placeholder 'C:\Users\canti\Documents\Codex\2026-07-31\cr\work\dunecity-tornie-1.0.524-23\build-test-win\bin\/data/ALOSE.VOC'
FileManager: ignoring tiny VOC placeholder 'ALOSE.VOC' from TORNIE.PAK
FileManager: ignoring tiny active-mod VOC placeholder 'C:\Users\canti\AppData\Roaming\DuneCity\mods/Tornie/data/ARADAR.VOC'
FileManager: ignoring tiny active-mod VOC placeholder 'C:\Users\canti\Documents\Codex\2026-07-31\cr\work\dunecity-tornie-1.0.524-23\build-test-win\bin\/mods/Tornie/data/ARADAR.VOC'
FileManager: ignoring tiny active-mod VOC placeholder 'C:\Users\canti\Documents\Codex\2026-07-31\cr\work\dunecity-tornie-1.0.524-23\build-test-win\bin\/../../mods/Tornie/data/ARADAR.VOC'
FileManager: ignoring tiny external VOC placeholder 'C:\Users\canti\Documents\Codex\2026-07-31\cr\work\dunecity-tornie-1.0.524-23\build-test-win\bin\/data/ARADAR.VOC'
FileManager: ignoring tiny VOC placeholder 'ARADAR.VOC' from TORNIE.PAK
FileManager: ignoring tiny active-mod VOC placeholder 'C:\Users\canti\AppData\Roaming\DuneCity\mods/Tornie/data/AON.VOC'
FileManager: ignoring tiny active-mod VOC placeholder 'C:\Users\canti\Documents\Codex\2026-07-31\cr\work\dunecity-tornie-1.0.524-23\build-test-win\bin\/mods/Tornie/data/AON.VOC'
FileManager: ignoring tiny active-mod VOC placeholder 'C:\Users\canti\Documents\Codex\2026-07-31\cr\work\dunecity-tornie-1.0.524-23\build-test-win\bin\/../../mods/Tornie/data/AON.VOC'
FileManager: ignoring tiny external VOC placeholder 'C:\Users\canti\Documents\Codex\2026-07-31\cr\work\dunecity-tornie-1.0.524-23\build-test-win\bin\/data/AON.VOC'
FileManager: ignoring tiny VOC placeholder 'AON.VOC' from TORNIE.PAK
FileManager: ignoring tiny active-mod VOC placeholder 'C:\Users\canti\AppData\Roaming\DuneCity\mods/Tornie/data/AOFF.VOC'
FileManager: ignoring tiny active-mod VOC placeholder 'C:\Users\canti\Documents\Codex\2026-07-31\cr\work\dunecity-tornie-1.0.524-23\build-test-win\bin\/mods/Tornie/data/AOFF.VOC'
FileManager: ignoring tiny active-mod VOC placeholder 'C:\Users\canti\Documents\Codex\2026-07-31\cr\work\dunecity-tornie-1.0.524-23\build-test-win\bin\/../../mods/Tornie/data/AOFF.VOC'
FileManager: ignoring tiny external VOC placeholder 'C:\Users\canti\Documents\Codex\2026-07-31\cr\work\dunecity-tornie-1.0.524-23\build-test-win\bin\/data/AOFF.VOC'
FileManager: ignoring tiny VOC placeholder 'AOFF.VOC' from TORNIE.PAK
FileManager: ignoring tiny active-mod VOC placeholder 'C:\Users\canti\AppData\Roaming\DuneCity\mods/Tornie/data/ABLOOM.VOC'
FileManager: ignoring tiny active-mod VOC placeholder 'C:\Users\canti\Documents\Codex\2026-07-31\cr\work\dunecity-tornie-1.0.524-23\build-test-win\bin\/mods/Tornie/data/ABLOOM.VOC'
FileManager: ignoring tiny active-mod VOC placeholder 'C:\Users\canti\Documents\Codex\2026-07-31\cr\work\dunecity-tornie-1.0.524-23\build-test-win\bin\/../../mods/Tornie/data/ABLOOM.VOC'
FileManager: ignoring tiny external VOC placeholder 'C:\Users\canti\Documents\Codex\2026-07-31\cr\work\dunecity-tornie-1.0.524-23\build-test-win\bin\/data/ABLOOM.VOC'
FileManager: ignoring tiny VOC placeholder 'ABLOOM.VOC' from TORNIE.PAK
FileManager: ignoring tiny active-mod VOC placeholder 'C:\Users\canti\AppData\Roaming\DuneCity\mods/Tornie/data/ALOCATED.VOC'
FileManager: ignoring tiny active-mod VOC placeholder 'C:\Users\canti\Documents\Codex\2026-07-31\cr\work\dunecity-tornie-1.0.524-23\build-test-win\bin\/mods/Tornie/data/ALOCATED.VOC'
FileManager: ignoring tiny active-mod VOC placeholder 'C:\Users\canti\Documents\Codex\2026-07-31\cr\work\dunecity-tornie-1.0.524-23\build-test-win\bin\/../../mods/Tornie/data/ALOCATED.VOC'
FileManager: ignoring tiny external VOC placeholder 'C:\Users\canti\Documents\Codex\2026-07-31\cr\work\dunecity-tornie-1.0.524-23\build-test-win\bin\/data/ALOCATED.VOC'
FileManager: ignoring tiny VOC placeholder 'ALOCATED.VOC' from TORNIE.PAK
FileManager: ignoring tiny active-mod VOC placeholder 'C:\Users\canti\AppData\Roaming\DuneCity\mods/Tornie/data/AWARNING.VOC'
FileManager: ignoring tiny active-mod VOC placeholder 'C:\Users\canti\Documents\Codex\2026-07-31\cr\work\dunecity-tornie-1.0.524-23\build-test-win\bin\/mods/Tornie/data/AWARNING.VOC'
FileManager: ignoring tiny active-mod VOC placeholder 'C:\Users\canti\Documents\Codex\2026-07-31\cr\work\dunecity-tornie-1.0.524-23\build-test-win\bin\/../../mods/Tornie/data/AWARNING.VOC'
FileManager: ignoring tiny external VOC placeholder 'C:\Users\canti\Documents\Codex\2026-07-31\cr\work\dunecity-tornie-1.0.524-23\build-test-win\bin\/data/AWARNING.VOC'
FileManager: ignoring tiny VOC placeholder 'AWARNING.VOC' from TORNIE.PAK
FileManager: ignoring tiny active-mod VOC placeholder 'C:\Users\canti\AppData\Roaming\DuneCity\mods/Tornie/data/AWORMY.VOC'
FileManager: ignoring tiny active-mod VOC placeholder 'C:\Users\canti\Documents\Codex\2026-07-31\cr\work\dunecity-tornie-1.0.524-23\build-test-win\bin\/mods/Tornie/data/AWORMY.VOC'
FileManager: ignoring tiny active-mod VOC placeholder 'C:\Users\canti\Documents\Codex\2026-07-31\cr\work\dunecity-tornie-1.0.524-23\build-test-win\bin\/../../mods/Tornie/data/AWORMY.VOC'
FileManager: ignoring tiny external VOC placeholder 'C:\Users\canti\Documents\Codex\2026-07-31\cr\work\dunecity-tornie-1.0.524-23\build-test-win\bin\/data/AWORMY.VOC'
FileManager: ignoring tiny VOC placeholder 'AWORMY.VOC' from TORNIE.PAK
FileManager: ignoring tiny active-mod VOC placeholder 'C:\Users\canti\AppData\Roaming\DuneCity\mods/Tornie/data/AATTACK.VOC'
FileManager: ignoring tiny active-mod VOC placeholder 'C:\Users\canti\Documents\Codex\2026-07-31\cr\work\dunecity-tornie-1.0.524-23\build-test-win\bin\/mods/Tornie/data/AATTACK.VOC'
FileManager: ignoring tiny active-mod VOC placeholder 'C:\Users\canti\Documents\Codex\2026-07-31\cr\work\dunecity-tornie-1.0.524-23\build-test-win\bin\/../../mods/Tornie/data/AATTACK.VOC'
FileManager: ignoring tiny external VOC placeholder 'C:\Users\canti\Documents\Codex\2026-07-31\cr\work\dunecity-tornie-1.0.524-23\build-test-win\bin\/data/AATTACK.VOC'
FileManager: ignoring tiny VOC placeholder 'AATTACK.VOC' from TORNIE.PAK
FileManager: ignoring tiny active-mod VOC placeholder 'C:\Users\canti\AppData\Roaming\DuneCity\mods/Tornie/data/ASABOT.VOC'
FileManager: ignoring tiny active-mod VOC placeholder 'C:\Users\canti\Documents\Codex\2026-07-31\cr\work\dunecity-tornie-1.0.524-23\build-test-win\bin\/mods/Tornie/data/ASABOT.VOC'
FileManager: ignoring tiny active-mod VOC placeholder 'C:\Users\canti\Documents\Codex\2026-07-31\cr\work\dunecity-tornie-1.0.524-23\build-test-win\bin\/../../mods/Tornie/data/ASABOT.VOC'
FileManager: ignoring tiny external VOC placeholder 'C:\Users\canti\Documents\Codex\2026-07-31\cr\work\dunecity-tornie-1.0.524-23\build-test-win\bin\/data/ASABOT.VOC'
FileManager: ignoring tiny VOC placeholder 'ASABOT.VOC' from TORNIE.PAK
FileManager: ignoring tiny active-mod VOC placeholder 'C:\Users\canti\AppData\Roaming\DuneCity\mods/Tornie/data/AMISSILE.VOC'
FileManager: ignoring tiny active-mod VOC placeholder 'C:\Users\canti\Documents\Codex\2026-07-31\cr\work\dunecity-tornie-1.0.524-23\build-test-win\bin\/mods/Tornie/data/AMISSILE.VOC'
FileManager: ignoring tiny active-mod VOC placeholder 'C:\Users\canti\Documents\Codex\2026-07-31\cr\work\dunecity-tornie-1.0.524-23\build-test-win\bin\/../../mods/Tornie/data/AMISSILE.VOC'
FileManager: ignoring tiny external VOC placeholder 'C:\Users\canti\Documents\Codex\2026-07-31\cr\work\dunecity-tornie-1.0.524-23\build-test-win\bin\/data/AMISSILE.VOC'
FileManager: ignoring tiny VOC placeholder 'AMISSILE.VOC' from TORNIE.PAK
FileManager: ignoring tiny active-mod VOC placeholder 'C:\Users\canti\AppData\Roaming\DuneCity\mods/Tornie/data/AAPPRCH.VOC'
FileManager: ignoring tiny active-mod VOC placeholder 'C:\Users\canti\Documents\Codex\2026-07-31\cr\work\dunecity-tornie-1.0.524-23\build-test-win\bin\/mods/Tornie/data/AAPPRCH.VOC'
FileManager: ignoring tiny active-mod VOC placeholder 'C:\Users\canti\Documents\Codex\2026-07-31\cr\work\dunecity-tornie-1.0.524-23\build-test-win\bin\/../../mods/Tornie/data/AAPPRCH.VOC'
FileManager: ignoring tiny external VOC placeholder 'C:\Users\canti\Documents\Codex\2026-07-31\cr\work\dunecity-tornie-1.0.524-23\build-test-win\bin\/data/AAPPRCH.VOC'
FileManager: ignoring tiny VOC placeholder 'AAPPRCH.VOC' from TORNIE.PAK
FileManager: using active-mod asset 'C:\Users\canti\AppData\Roaming\DuneCity\mods/Tornie/data/WILDSPADE.VOC'
FileManager: using active-mod asset 'C:\Users\canti\AppData\Roaming\DuneCity\mods/Tornie/data/KLESHMERSH.VOC'
FileManager: using active-mod asset 'C:\Users\canti\AppData\Roaming\DuneCity\mods/Tornie/data/KLESHMERSH.VOC'
FileManager: ignoring tiny active-mod VOC placeholder 'C:\Users\canti\AppData\Roaming\DuneCity\mods/Tornie/data/HHARVEST.VOC'
FileManager: ignoring tiny active-mod VOC placeholder 'C:\Users\canti\Documents\Codex\2026-07-31\cr\work\dunecity-tornie-1.0.524-23\build-test-win\bin\/mods/Tornie/data/HHARVEST.VOC'
FileManager: ignoring tiny active-mod VOC placeholder 'C:\Users\canti\Documents\Codex\2026-07-31\cr\work\dunecity-tornie-1.0.524-23\build-test-win\bin\/../../mods/Tornie/data/HHARVEST.VOC'
FileManager: ignoring tiny external VOC placeholder 'C:\Users\canti\Documents\Codex\2026-07-31\cr\work\dunecity-tornie-1.0.524-23\build-test-win\bin\/data/HHARVEST.VOC'
FileManager: ignoring tiny VOC placeholder 'HHARVEST.VOC' from TORNIE.PAK
FileManager: ignoring tiny active-mod VOC placeholder 'C:\Users\canti\AppData\Roaming\DuneCity\mods/Tornie/data/HUNIT.VOC'
FileManager: ignoring tiny active-mod VOC placeholder 'C:\Users\canti\Documents\Codex\2026-07-31\cr\work\dunecity-tornie-1.0.524-23\build-test-win\bin\/mods/Tornie/data/HUNIT.VOC'
FileManager: ignoring tiny active-mod VOC placeholder 'C:\Users\canti\Documents\Codex\2026-07-31\cr\work\dunecity-tornie-1.0.524-23\build-test-win\bin\/../../mods/Tornie/data/HUNIT.VOC'
FileManager: ignoring tiny external VOC placeholder 'C:\Users\canti\Documents\Codex\2026-07-31\cr\work\dunecity-tornie-1.0.524-23\build-test-win\bin\/data/HUNIT.VOC'
FileManager: ignoring tiny VOC placeholder 'HUNIT.VOC' from TORNIE.PAK
FileManager: ignoring tiny active-mod VOC placeholder 'C:\Users\canti\AppData\Roaming\DuneCity\mods/Tornie/data/HDEPLOY.VOC'
FileManager: ignoring tiny active-mod VOC placeholder 'C:\Users\canti\Documents\Codex\2026-07-31\cr\work\dunecity-tornie-1.0.524-23\build-test-win\bin\/mods/Tornie/data/HDEPLOY.VOC'
FileManager: ignoring tiny active-mod VOC placeholder 'C:\Users\canti\Documents\Codex\2026-07-31\cr\work\dunecity-tornie-1.0.524-23\build-test-win\bin\/../../mods/Tornie/data/HDEPLOY.VOC'
FileManager: ignoring tiny external VOC placeholder 'C:\Users\canti\Documents\Codex\2026-07-31\cr\work\dunecity-tornie-1.0.524-23\build-test-win\bin\/data/HDEPLOY.VOC'
FileManager: ignoring tiny VOC placeholder 'HDEPLOY.VOC' from TORNIE.PAK
FileManager: ignoring tiny active-mod VOC placeholder 'C:\Users\canti\AppData\Roaming\DuneCity\mods/Tornie/data/HLAUNCH.VOC'
FileManager: ignoring tiny active-mod VOC placeholder 'C:\Users\canti\Documents\Codex\2026-07-31\cr\work\dunecity-tornie-1.0.524-23\build-test-win\bin\/mods/Tornie/data/HLAUNCH.VOC'
FileManager: ignoring tiny active-mod VOC placeholder 'C:\Users\canti\Documents\Codex\2026-07-31\cr\work\dunecity-tornie-1.0.524-23\build-test-win\bin\/../../mods/Tornie/data/HLAUNCH.VOC'
FileManager: ignoring tiny external VOC placeholder 'C:\Users\canti\Documents\Codex\2026-07-31\cr\work\dunecity-tornie-1.0.524-23\build-test-win\bin\/data/HLAUNCH.VOC'
FileManager: ignoring tiny VOC placeholder 'HLAUNCH.VOC' from TORNIE.PAK
FileManager: ignoring tiny active-mod VOC placeholder 'C:\Users\canti\AppData\Roaming\DuneCity\mods/Tornie/data/HCONST.VOC'
FileManager: ignoring tiny active-mod VOC placeholder 'C:\Users\canti\Documents\Codex\2026-07-31\cr\work\dunecity-tornie-1.0.524-23\build-test-win\bin\/mods/Tornie/data/HCONST.VOC'
FileManager: ignoring tiny active-mod VOC placeholder 'C:\Users\canti\Documents\Codex\2026-07-31\cr\work\dunecity-tornie-1.0.524-23\build-test-win\bin\/../../mods/Tornie/data/HCONST.VOC'
FileManager: ignoring tiny external VOC placeholder 'C:\Users\canti\Documents\Codex\2026-07-31\cr\work\dunecity-tornie-1.0.524-23\build-test-win\bin\/data/HCONST.VOC'
FileManager: ignoring tiny VOC placeholder 'HCONST.VOC' from TORNIE.PAK
FileManager: ignoring tiny active-mod VOC placeholder 'C:\Users\canti\AppData\Roaming\DuneCity\mods/Tornie/data/HVEHICLE.VOC'
FileManager: ignoring tiny active-mod VOC placeholder 'C:\Users\canti\Documents\Codex\2026-07-31\cr\work\dunecity-tornie-1.0.524-23\build-test-win\bin\/mods/Tornie/data/HVEHICLE.VOC'
FileManager: ignoring tiny active-mod VOC placeholder 'C:\Users\canti\Documents\Codex\2026-07-31\cr\work\dunecity-tornie-1.0.524-23\build-test-win\bin\/../../mods/Tornie/data/HVEHICLE.VOC'
FileManager: ignoring tiny external VOC placeholder 'C:\Users\canti\Documents\Codex\2026-07-31\cr\work\dunecity-tornie-1.0.524-23\build-test-win\bin\/data/HVEHICLE.VOC'
FileManager: ignoring tiny VOC placeholder 'HVEHICLE.VOC' from TORNIE.PAK
FileManager: ignoring tiny active-mod VOC placeholder 'C:\Users\canti\AppData\Roaming\DuneCity\mods/Tornie/data/HREPAIR.VOC'
FileManager: ignoring tiny active-mod VOC placeholder 'C:\Users\canti\Documents\Codex\2026-07-31\cr\work\dunecity-tornie-1.0.524-23\build-test-win\bin\/mods/Tornie/data/HREPAIR.VOC'
FileManager: ignoring tiny active-mod VOC placeholder 'C:\Users\canti\Documents\Codex\2026-07-31\cr\work\dunecity-tornie-1.0.524-23\build-test-win\bin\/../../mods/Tornie/data/HREPAIR.VOC'
FileManager: ignoring tiny external VOC placeholder 'C:\Users\canti\Documents\Codex\2026-07-31\cr\work\dunecity-tornie-1.0.524-23\build-test-win\bin\/data/HREPAIR.VOC'
FileManager: ignoring tiny VOC placeholder 'HREPAIR.VOC' from TORNIE.PAK
FileManager: ignoring tiny active-mod VOC placeholder 'C:\Users\canti\AppData\Roaming\DuneCity\mods/Tornie/data/HFRIGATE.VOC'
FileManager: ignoring tiny active-mod VOC placeholder 'C:\Users\canti\Documents\Codex\2026-07-31\cr\work\dunecity-tornie-1.0.524-23\build-test-win\bin\/mods/Tornie/data/HFRIGATE.VOC'
FileManager: ignoring tiny active-mod VOC placeholder 'C:\Users\canti\Documents\Codex\2026-07-31\cr\work\dunecity-tornie-1.0.524-23\build-test-win\bin\/../../mods/Tornie/data/HFRIGATE.VOC'
FileManager: ignoring tiny external VOC placeholder 'C:\Users\canti\Documents\Codex\2026-07-31\cr\work\dunecity-tornie-1.0.524-23\build-test-win\bin\/data/HFRIGATE.VOC'
FileManager: ignoring tiny VOC placeholder 'HFRIGATE.VOC' from TORNIE.PAK
FileManager: ignoring tiny active-mod VOC placeholder 'C:\Users\canti\AppData\Roaming\DuneCity\mods/Tornie/data/HARRIVE.VOC'
FileManager: ignoring tiny active-mod VOC placeholder 'C:\Users\canti\Documents\Codex\2026-07-31\cr\work\dunecity-tornie-1.0.524-23\build-test-win\bin\/mods/Tornie/data/HARRIVE.VOC'
FileManager: ignoring tiny active-mod VOC placeholder 'C:\Users\canti\Documents\Codex\2026-07-31\cr\work\dunecity-tornie-1.0.524-23\build-test-win\bin\/../../mods/Tornie/data/HARRIVE.VOC'
FileManager: ignoring tiny external VOC placeholder 'C:\Users\canti\Documents\Codex\2026-07-31\cr\work\dunecity-tornie-1.0.524-23\build-test-win\bin\/data/HARRIVE.VOC'
FileManager: ignoring tiny VOC placeholder 'HARRIVE.VOC' from TORNIE.PAK
FileManager: ignoring tiny active-mod VOC placeholder 'C:\Users\canti\AppData\Roaming\DuneCity\mods/Tornie/data/HWIN.VOC'
FileManager: ignoring tiny active-mod VOC placeholder 'C:\Users\canti\Documents\Codex\2026-07-31\cr\work\dunecity-tornie-1.0.524-23\build-test-win\bin\/mods/Tornie/data/HWIN.VOC'
FileManager: ignoring tiny active-mod VOC placeholder 'C:\Users\canti\Documents\Codex\2026-07-31\cr\work\dunecity-tornie-1.0.524-23\build-test-win\bin\/../../mods/Tornie/data/HWIN.VOC'
FileManager: ignoring tiny external VOC placeholder 'C:\Users\canti\Documents\Codex\2026-07-31\cr\work\dunecity-tornie-1.0.524-23\build-test-win\bin\/data/HWIN.VOC'
FileManager: ignoring tiny VOC placeholder 'HWIN.VOC' from TORNIE.PAK
FileManager: ignoring tiny active-mod VOC placeholder 'C:\Users\canti\AppData\Roaming\DuneCity\mods/Tornie/data/HLOSE.VOC'
FileManager: ignoring tiny active-mod VOC placeholder 'C:\Users\canti\Documents\Codex\2026-07-31\cr\work\dunecity-tornie-1.0.524-23\build-test-win\bin\/mods/Tornie/data/HLOSE.VOC'
FileManager: ignoring tiny active-mod VOC placeholder 'C:\Users\canti\Documents\Codex\2026-07-31\cr\work\dunecity-tornie-1.0.524-23\build-test-win\bin\/../../mods/Tornie/data/HLOSE.VOC'
FileManager: ignoring tiny external VOC placeholder 'C:\Users\canti\Documents\Codex\2026-07-31\cr\work\dunecity-tornie-1.0.524-23\build-test-win\bin\/data/HLOSE.VOC'
FileManager: ignoring tiny VOC placeholder 'HLOSE.VOC' from TORNIE.PAK
FileManager: ignoring tiny active-mod VOC placeholder 'C:\Users\canti\AppData\Roaming\DuneCity\mods/Tornie/data/HRADAR.VOC'
FileManager: ignoring tiny active-mod VOC placeholder 'C:\Users\canti\Documents\Codex\2026-07-31\cr\work\dunecity-tornie-1.0.524-23\build-test-win\bin\/mods/Tornie/data/HRADAR.VOC'
FileManager: ignoring tiny active-mod VOC placeholder 'C:\Users\canti\Documents\Codex\2026-07-31\cr\work\dunecity-tornie-1.0.524-23\build-test-win\bin\/../../mods/Tornie/data/HRADAR.VOC'
FileManager: ignoring tiny external VOC placeholder 'C:\Users\canti\Documents\Codex\2026-07-31\cr\work\dunecity-tornie-1.0.524-23\build-test-win\bin\/data/HRADAR.VOC'
FileManager: ignoring tiny VOC placeholder 'HRADAR.VOC' from TORNIE.PAK
FileManager: ignoring tiny active-mod VOC placeholder 'C:\Users\canti\AppData\Roaming\DuneCity\mods/Tornie/data/HON.VOC'
FileManager: ignoring tiny active-mod VOC placeholder 'C:\Users\canti\Documents\Codex\2026-07-31\cr\work\dunecity-tornie-1.0.524-23\build-test-win\bin\/mods/Tornie/data/HON.VOC'
FileManager: ignoring tiny active-mod VOC placeholder 'C:\Users\canti\Documents\Codex\2026-07-31\cr\work\dunecity-tornie-1.0.524-23\build-test-win\bin\/../../mods/Tornie/data/HON.VOC'
FileManager: ignoring tiny external VOC placeholder 'C:\Users\canti\Documents\Codex\2026-07-31\cr\work\dunecity-tornie-1.0.524-23\build-test-win\bin\/data/HON.VOC'
FileManager: ignoring tiny VOC placeholder 'HON.VOC' from TORNIE.PAK
FileManager: ignoring tiny active-mod VOC placeholder 'C:\Users\canti\AppData\Roaming\DuneCity\mods/Tornie/data/HOFF.VOC'
FileManager: ignoring tiny active-mod VOC placeholder 'C:\Users\canti\Documents\Codex\2026-07-31\cr\work\dunecity-tornie-1.0.524-23\build-test-win\bin\/mods/Tornie/data/HOFF.VOC'
FileManager: ignoring tiny active-mod VOC placeholder 'C:\Users\canti\Documents\Codex\2026-07-31\cr\work\dunecity-tornie-1.0.524-23\build-test-win\bin\/../../mods/Tornie/data/HOFF.VOC'
FileManager: ignoring tiny external VOC placeholder 'C:\Users\canti\Documents\Codex\2026-07-31\cr\work\dunecity-tornie-1.0.524-23\build-test-win\bin\/data/HOFF.VOC'
FileManager: ignoring tiny VOC placeholder 'HOFF.VOC' from TORNIE.PAK
FileManager: ignoring tiny active-mod VOC placeholder 'C:\Users\canti\AppData\Roaming\DuneCity\mods/Tornie/data/HBLOOM.VOC'
FileManager: ignoring tiny active-mod VOC placeholder 'C:\Users\canti\Documents\Codex\2026-07-31\cr\work\dunecity-tornie-1.0.524-23\build-test-win\bin\/mods/Tornie/data/HBLOOM.VOC'
FileManager: ignoring tiny active-mod VOC placeholder 'C:\Users\canti\Documents\Codex\2026-07-31\cr\work\dunecity-tornie-1.0.524-23\build-test-win\bin\/../../mods/Tornie/data/HBLOOM.VOC'
FileManager: ignoring tiny external VOC placeholder 'C:\Users\canti\Documents\Codex\2026-07-31\cr\work\dunecity-tornie-1.0.524-23\build-test-win\bin\/data/HBLOOM.VOC'
FileManager: ignoring tiny VOC placeholder 'HBLOOM.VOC' from TORNIE.PAK
FileManager: ignoring tiny active-mod VOC placeholder 'C:\Users\canti\AppData\Roaming\DuneCity\mods/Tornie/data/HLOCATED.VOC'
FileManager: ignoring tiny active-mod VOC placeholder 'C:\Users\canti\Documents\Codex\2026-07-31\cr\work\dunecity-tornie-1.0.524-23\build-test-win\bin\/mods/Tornie/data/HLOCATED.VOC'
FileManager: ignoring tiny active-mod VOC placeholder 'C:\Users\canti\Documents\Codex\2026-07-31\cr\work\dunecity-tornie-1.0.524-23\build-test-win\bin\/../../mods/Tornie/data/HLOCATED.VOC'
FileManager: ignoring tiny external VOC placeholder 'C:\Users\canti\Documents\Codex\2026-07-31\cr\work\dunecity-tornie-1.0.524-23\build-test-win\bin\/data/HLOCATED.VOC'
FileManager: ignoring tiny VOC placeholder 'HLOCATED.VOC' from TORNIE.PAK
FileManager: ignoring tiny active-mod VOC placeholder 'C:\Users\canti\AppData\Roaming\DuneCity\mods/Tornie/data/HWARNING.VOC'
FileManager: ignoring tiny active-mod VOC placeholder 'C:\Users\canti\Documents\Codex\2026-07-31\cr\work\dunecity-tornie-1.0.524-23\build-test-win\bin\/mods/Tornie/data/HWARNING.VOC'
FileManager: ignoring tiny active-mod VOC placeholder 'C:\Users\canti\Documents\Codex\2026-07-31\cr\work\dunecity-tornie-1.0.524-23\build-test-win\bin\/../../mods/Tornie/data/HWARNING.VOC'
FileManager: ignoring tiny external VOC placeholder 'C:\Users\canti\Documents\Codex\2026-07-31\cr\work\dunecity-tornie-1.0.524-23\build-test-win\bin\/data/HWARNING.VOC'
FileManager: ignoring tiny VOC placeholder 'HWARNING.VOC' from TORNIE.PAK
FileManager: ignoring tiny active-mod VOC placeholder 'C:\Users\canti\AppData\Roaming\DuneCity\mods/Tornie/data/HWORMY.VOC'
FileManager: ignoring tiny active-mod VOC placeholder 'C:\Users\canti\Documents\Codex\2026-07-31\cr\work\dunecity-tornie-1.0.524-23\build-test-win\bin\/mods/Tornie/data/HWORMY.VOC'
FileManager: ignoring tiny active-mod VOC placeholder 'C:\Users\canti\Documents\Codex\2026-07-31\cr\work\dunecity-tornie-1.0.524-23\build-test-win\bin\/../../mods/Tornie/data/HWORMY.VOC'
FileManager: ignoring tiny external VOC placeholder 'C:\Users\canti\Documents\Codex\2026-07-31\cr\work\dunecity-tornie-1.0.524-23\build-test-win\bin\/data/HWORMY.VOC'
FileManager: ignoring tiny VOC placeholder 'HWORMY.VOC' from TORNIE.PAK
FileManager: ignoring tiny active-mod VOC placeholder 'C:\Users\canti\AppData\Roaming\DuneCity\mods/Tornie/data/HATTACK.VOC'
FileManager: ignoring tiny active-mod VOC placeholder 'C:\Users\canti\Documents\Codex\2026-07-31\cr\work\dunecity-tornie-1.0.524-23\build-test-win\bin\/mods/Tornie/data/HATTACK.VOC'
FileManager: ignoring tiny active-mod VOC placeholder 'C:\Users\canti\Documents\Codex\2026-07-31\cr\work\dunecity-tornie-1.0.524-23\build-test-win\bin\/../../mods/Tornie/data/HATTACK.VOC'
FileManager: ignoring tiny external VOC placeholder 'C:\Users\canti\Documents\Codex\2026-07-31\cr\work\dunecity-tornie-1.0.524-23\build-test-win\bin\/data/HATTACK.VOC'
FileManager: ignoring tiny VOC placeholder 'HATTACK.VOC' from TORNIE.PAK
FileManager: ignoring tiny active-mod VOC placeholder 'C:\Users\canti\AppData\Roaming\DuneCity\mods/Tornie/data/HSABOT.VOC'
FileManager: ignoring tiny active-mod VOC placeholder 'C:\Users\canti\Documents\Codex\2026-07-31\cr\work\dunecity-tornie-1.0.524-23\build-test-win\bin\/mods/Tornie/data/HSABOT.VOC'
FileManager: ignoring tiny active-mod VOC placeholder 'C:\Users\canti\Documents\Codex\2026-07-31\cr\work\dunecity-tornie-1.0.524-23\build-test-win\bin\/../../mods/Tornie/data/HSABOT.VOC'
FileManager: ignoring tiny external VOC placeholder 'C:\Users\canti\Documents\Codex\2026-07-31\cr\work\dunecity-tornie-1.0.524-23\build-test-win\bin\/data/HSABOT.VOC'
FileManager: ignoring tiny VOC placeholder 'HSABOT.VOC' from TORNIE.PAK
FileManager: ignoring tiny active-mod VOC placeholder 'C:\Users\canti\AppData\Roaming\DuneCity\mods/Tornie/data/HMISSILE.VOC'
FileManager: ignoring tiny active-mod VOC placeholder 'C:\Users\canti\Documents\Codex\2026-07-31\cr\work\dunecity-tornie-1.0.524-23\build-test-win\bin\/mods/Tornie/data/HMISSILE.VOC'
FileManager: ignoring tiny active-mod VOC placeholder 'C:\Users\canti\Documents\Codex\2026-07-31\cr\work\dunecity-tornie-1.0.524-23\build-test-win\bin\/../../mods/Tornie/data/HMISSILE.VOC'
FileManager: ignoring tiny external VOC placeholder 'C:\Users\canti\Documents\Codex\2026-07-31\cr\work\dunecity-tornie-1.0.524-23\build-test-win\bin\/data/HMISSILE.VOC'
FileManager: ignoring tiny VOC placeholder 'HMISSILE.VOC' from TORNIE.PAK
FileManager: ignoring tiny active-mod VOC placeholder 'C:\Users\canti\AppData\Roaming\DuneCity\mods/Tornie/data/HAPPRCH.VOC'
FileManager: ignoring tiny active-mod VOC placeholder 'C:\Users\canti\Documents\Codex\2026-07-31\cr\work\dunecity-tornie-1.0.524-23\build-test-win\bin\/mods/Tornie/data/HAPPRCH.VOC'
FileManager: ignoring tiny active-mod VOC placeholder 'C:\Users\canti\Documents\Codex\2026-07-31\cr\work\dunecity-tornie-1.0.524-23\build-test-win\bin\/../../mods/Tornie/data/HAPPRCH.VOC'
FileManager: ignoring tiny external VOC placeholder 'C:\Users\canti\Documents\Codex\2026-07-31\cr\work\dunecity-tornie-1.0.524-23\build-test-win\bin\/data/HAPPRCH.VOC'
FileManager: ignoring tiny VOC placeholder 'HAPPRCH.VOC' from TORNIE.PAK
FileManager: using active-mod asset 'C:\Users\canti\AppData\Roaming\DuneCity\mods/Tornie/data/KLESHMERSH.VOC'
FileManager: using active-mod asset 'C:\Users\canti\AppData\Roaming\DuneCity\mods/Tornie/data/OTHARP.VOC'
FileManager: ignoring tiny active-mod VOC placeholder 'C:\Users\canti\AppData\Roaming\DuneCity\mods/Tornie/data/OHARVEST.VOC'
FileManager: ignoring tiny active-mod VOC placeholder 'C:\Users\canti\Documents\Codex\2026-07-31\cr\work\dunecity-tornie-1.0.524-23\build-test-win\bin\/mods/Tornie/data/OHARVEST.VOC'
FileManager: ignoring tiny active-mod VOC placeholder 'C:\Users\canti\Documents\Codex\2026-07-31\cr\work\dunecity-tornie-1.0.524-23\build-test-win\bin\/../../mods/Tornie/data/OHARVEST.VOC'
FileManager: ignoring tiny external VOC placeholder 'C:\Users\canti\Documents\Codex\2026-07-31\cr\work\dunecity-tornie-1.0.524-23\build-test-win\bin\/data/OHARVEST.VOC'
FileManager: ignoring tiny VOC placeholder 'OHARVEST.VOC' from TORNIE.PAK
FileManager: ignoring tiny active-mod VOC placeholder 'C:\Users\canti\AppData\Roaming\DuneCity\mods/Tornie/data/OUNIT.VOC'
FileManager: ignoring tiny active-mod VOC placeholder 'C:\Users\canti\Documents\Codex\2026-07-31\cr\work\dunecity-tornie-1.0.524-23\build-test-win\bin\/mods/Tornie/data/OUNIT.VOC'
FileManager: ignoring tiny active-mod VOC placeholder 'C:\Users\canti\Documents\Codex\2026-07-31\cr\work\dunecity-tornie-1.0.524-23\build-test-win\bin\/../../mods/Tornie/data/OUNIT.VOC'
FileManager: ignoring tiny external VOC placeholder 'C:\Users\canti\Documents\Codex\2026-07-31\cr\work\dunecity-tornie-1.0.524-23\build-test-win\bin\/data/OUNIT.VOC'
FileManager: ignoring tiny VOC placeholder 'OUNIT.VOC' from TORNIE.PAK
FileManager: ignoring tiny active-mod VOC placeholder 'C:\Users\canti\AppData\Roaming\DuneCity\mods/Tornie/data/ODEPLOY.VOC'
FileManager: ignoring tiny active-mod VOC placeholder 'C:\Users\canti\Documents\Codex\2026-07-31\cr\work\dunecity-tornie-1.0.524-23\build-test-win\bin\/mods/Tornie/data/ODEPLOY.VOC'
FileManager: ignoring tiny active-mod VOC placeholder 'C:\Users\canti\Documents\Codex\2026-07-31\cr\work\dunecity-tornie-1.0.524-23\build-test-win\bin\/../../mods/Tornie/data/ODEPLOY.VOC'
FileManager: ignoring tiny external VOC placeholder 'C:\Users\canti\Documents\Codex\2026-07-31\cr\work\dunecity-tornie-1.0.524-23\build-test-win\bin\/data/ODEPLOY.VOC'
FileManager: ignoring tiny VOC placeholder 'ODEPLOY.VOC' from TORNIE.PAK
FileManager: ignoring tiny active-mod VOC placeholder 'C:\Users\canti\AppData\Roaming\DuneCity\mods/Tornie/data/OLAUNCH.VOC'
FileManager: ignoring tiny active-mod VOC placeholder 'C:\Users\canti\Documents\Codex\2026-07-31\cr\work\dunecity-tornie-1.0.524-23\build-test-win\bin\/mods/Tornie/data/OLAUNCH.VOC'
FileManager: ignoring tiny active-mod VOC placeholder 'C:\Users\canti\Documents\Codex\2026-07-31\cr\work\dunecity-tornie-1.0.524-23\build-test-win\bin\/../../mods/Tornie/data/OLAUNCH.VOC'
FileManager: ignoring tiny external VOC placeholder 'C:\Users\canti\Documents\Codex\2026-07-31\cr\work\dunecity-tornie-1.0.524-23\build-test-win\bin\/data/OLAUNCH.VOC'
FileManager: ignoring tiny VOC placeholder 'OLAUNCH.VOC' from TORNIE.PAK
FileManager: ignoring tiny active-mod VOC placeholder 'C:\Users\canti\AppData\Roaming\DuneCity\mods/Tornie/data/OCONST.VOC'
FileManager: ignoring tiny active-mod VOC placeholder 'C:\Users\canti\Documents\Codex\2026-07-31\cr\work\dunecity-tornie-1.0.524-23\build-test-win\bin\/mods/Tornie/data/OCONST.VOC'
FileManager: ignoring tiny active-mod VOC placeholder 'C:\Users\canti\Documents\Codex\2026-07-31\cr\work\dunecity-tornie-1.0.524-23\build-test-win\bin\/../../mods/Tornie/data/OCONST.VOC'
FileManager: ignoring tiny external VOC placeholder 'C:\Users\canti\Documents\Codex\2026-07-31\cr\work\dunecity-tornie-1.0.524-23\build-test-win\bin\/data/OCONST.VOC'
FileManager: ignoring tiny VOC placeholder 'OCONST.VOC' from TORNIE.PAK
FileManager: ignoring tiny active-mod VOC placeholder 'C:\Users\canti\AppData\Roaming\DuneCity\mods/Tornie/data/OVEHICLE.VOC'
FileManager: ignoring tiny active-mod VOC placeholder 'C:\Users\canti\Documents\Codex\2026-07-31\cr\work\dunecity-tornie-1.0.524-23\build-test-win\bin\/mods/Tornie/data/OVEHICLE.VOC'
FileManager: ignoring tiny active-mod VOC placeholder 'C:\Users\canti\Documents\Codex\2026-07-31\cr\work\dunecity-tornie-1.0.524-23\build-test-win\bin\/../../mods/Tornie/data/OVEHICLE.VOC'
FileManager: ignoring tiny external VOC placeholder 'C:\Users\canti\Documents\Codex\2026-07-31\cr\work\dunecity-tornie-1.0.524-23\build-test-win\bin\/data/OVEHICLE.VOC'
FileManager: ignoring tiny VOC placeholder 'OVEHICLE.VOC' from TORNIE.PAK
FileManager: ignoring tiny active-mod VOC placeholder 'C:\Users\canti\AppData\Roaming\DuneCity\mods/Tornie/data/OREPAIR.VOC'
FileManager: ignoring tiny active-mod VOC placeholder 'C:\Users\canti\Documents\Codex\2026-07-31\cr\work\dunecity-tornie-1.0.524-23\build-test-win\bin\/mods/Tornie/data/OREPAIR.VOC'
FileManager: ignoring tiny active-mod VOC placeholder 'C:\Users\canti\Documents\Codex\2026-07-31\cr\work\dunecity-tornie-1.0.524-23\build-test-win\bin\/../../mods/Tornie/data/OREPAIR.VOC'
FileManager: ignoring tiny external VOC placeholder 'C:\Users\canti\Documents\Codex\2026-07-31\cr\work\dunecity-tornie-1.0.524-23\build-test-win\bin\/data/OREPAIR.VOC'
FileManager: ignoring tiny VOC placeholder 'OREPAIR.VOC' from TORNIE.PAK
FileManager: ignoring tiny active-mod VOC placeholder 'C:\Users\canti\AppData\Roaming\DuneCity\mods/Tornie/data/OFRIGATE.VOC'
FileManager: ignoring tiny active-mod VOC placeholder 'C:\Users\canti\Documents\Codex\2026-07-31\cr\work\dunecity-tornie-1.0.524-23\build-test-win\bin\/mods/Tornie/data/OFRIGATE.VOC'
FileManager: ignoring tiny active-mod VOC placeholder 'C:\Users\canti\Documents\Codex\2026-07-31\cr\work\dunecity-tornie-1.0.524-23\build-test-win\bin\/../../mods/Tornie/data/OFRIGATE.VOC'
FileManager: ignoring tiny external VOC placeholder 'C:\Users\canti\Documents\Codex\2026-07-31\cr\work\dunecity-tornie-1.0.524-23\build-test-win\bin\/data/OFRIGATE.VOC'
FileManager: ignoring tiny VOC placeholder 'OFRIGATE.VOC' from TORNIE.PAK
FileManager: ignoring tiny active-mod VOC placeholder 'C:\Users\canti\AppData\Roaming\DuneCity\mods/Tornie/data/OARRIVE.VOC'
FileManager: ignoring tiny active-mod VOC placeholder 'C:\Users\canti\Documents\Codex\2026-07-31\cr\work\dunecity-tornie-1.0.524-23\build-test-win\bin\/mods/Tornie/data/OARRIVE.VOC'
FileManager: ignoring tiny active-mod VOC placeholder 'C:\Users\canti\Documents\Codex\2026-07-31\cr\work\dunecity-tornie-1.0.524-23\build-test-win\bin\/../../mods/Tornie/data/OARRIVE.VOC'
FileManager: ignoring tiny external VOC placeholder 'C:\Users\canti\Documents\Codex\2026-07-31\cr\work\dunecity-tornie-1.0.524-23\build-test-win\bin\/data/OARRIVE.VOC'
FileManager: ignoring tiny VOC placeholder 'OARRIVE.VOC' from TORNIE.PAK
FileManager: ignoring tiny active-mod VOC placeholder 'C:\Users\canti\AppData\Roaming\DuneCity\mods/Tornie/data/OWIN.VOC'
FileManager: ignoring tiny active-mod VOC placeholder 'C:\Users\canti\Documents\Codex\2026-07-31\cr\work\dunecity-tornie-1.0.524-23\build-test-win\bin\/mods/Tornie/data/OWIN.VOC'
FileManager: ignoring tiny active-mod VOC placeholder 'C:\Users\canti\Documents\Codex\2026-07-31\cr\work\dunecity-tornie-1.0.524-23\build-test-win\bin\/../../mods/Tornie/data/OWIN.VOC'
FileManager: ignoring tiny external VOC placeholder 'C:\Users\canti\Documents\Codex\2026-07-31\cr\work\dunecity-tornie-1.0.524-23\build-test-win\bin\/data/OWIN.VOC'
FileManager: ignoring tiny VOC placeholder 'OWIN.VOC' from TORNIE.PAK
FileManager: ignoring tiny active-mod VOC placeholder 'C:\Users\canti\AppData\Roaming\DuneCity\mods/Tornie/data/OLOSE.VOC'
FileManager: ignoring tiny active-mod VOC placeholder 'C:\Users\canti\Documents\Codex\2026-07-31\cr\work\dunecity-tornie-1.0.524-23\build-test-win\bin\/mods/Tornie/data/OLOSE.VOC'
FileManager: ignoring tiny active-mod VOC placeholder 'C:\Users\canti\Documents\Codex\2026-07-31\cr\work\dunecity-tornie-1.0.524-23\build-test-win\bin\/../../mods/Tornie/data/OLOSE.VOC'
FileManager: ignoring tiny external VOC placeholder 'C:\Users\canti\Documents\Codex\2026-07-31\cr\work\dunecity-tornie-1.0.524-23\build-test-win\bin\/data/OLOSE.VOC'
FileManager: ignoring tiny VOC placeholder 'OLOSE.VOC' from TORNIE.PAK
FileManager: ignoring tiny active-mod VOC placeholder 'C:\Users\canti\AppData\Roaming\DuneCity\mods/Tornie/data/ORADAR.VOC'
FileManager: ignoring tiny active-mod VOC placeholder 'C:\Users\canti\Documents\Codex\2026-07-31\cr\work\dunecity-tornie-1.0.524-23\build-test-win\bin\/mods/Tornie/data/ORADAR.VOC'
FileManager: ignoring tiny active-mod VOC placeholder 'C:\Users\canti\Documents\Codex\2026-07-31\cr\work\dunecity-tornie-1.0.524-23\build-test-win\bin\/../../mods/Tornie/data/ORADAR.VOC'
FileManager: ignoring tiny external VOC placeholder 'C:\Users\canti\Documents\Codex\2026-07-31\cr\work\dunecity-tornie-1.0.524-23\build-test-win\bin\/data/ORADAR.VOC'
FileManager: ignoring tiny VOC placeholder 'ORADAR.VOC' from TORNIE.PAK
FileManager: ignoring tiny active-mod VOC placeholder 'C:\Users\canti\AppData\Roaming\DuneCity\mods/Tornie/data/OON.VOC'
FileManager: ignoring tiny active-mod VOC placeholder 'C:\Users\canti\Documents\Codex\2026-07-31\cr\work\dunecity-tornie-1.0.524-23\build-test-win\bin\/mods/Tornie/data/OON.VOC'
FileManager: ignoring tiny active-mod VOC placeholder 'C:\Users\canti\Documents\Codex\2026-07-31\cr\work\dunecity-tornie-1.0.524-23\build-test-win\bin\/../../mods/Tornie/data/OON.VOC'
FileManager: ignoring tiny external VOC placeholder 'C:\Users\canti\Documents\Codex\2026-07-31\cr\work\dunecity-tornie-1.0.524-23\build-test-win\bin\/data/OON.VOC'
FileManager: ignoring tiny VOC placeholder 'OON.VOC' from TORNIE.PAK
FileManager: ignoring tiny active-mod VOC placeholder 'C:\Users\canti\AppData\Roaming\DuneCity\mods/Tornie/data/OOFF.VOC'
FileManager: ignoring tiny active-mod VOC placeholder 'C:\Users\canti\Documents\Codex\2026-07-31\cr\work\dunecity-tornie-1.0.524-23\build-test-win\bin\/mods/Tornie/data/OOFF.VOC'
FileManager: ignoring tiny active-mod VOC placeholder 'C:\Users\canti\Documents\Codex\2026-07-31\cr\work\dunecity-tornie-1.0.524-23\build-test-win\bin\/../../mods/Tornie/data/OOFF.VOC'
FileManager: ignoring tiny external VOC placeholder 'C:\Users\canti\Documents\Codex\2026-07-31\cr\work\dunecity-tornie-1.0.524-23\build-test-win\bin\/data/OOFF.VOC'
FileManager: ignoring tiny VOC placeholder 'OOFF.VOC' from TORNIE.PAK
FileManager: ignoring tiny active-mod VOC placeholder 'C:\Users\canti\AppData\Roaming\DuneCity\mods/Tornie/data/OBLOOM.VOC'
FileManager: ignoring tiny active-mod VOC placeholder 'C:\Users\canti\Documents\Codex\2026-07-31\cr\work\dunecity-tornie-1.0.524-23\build-test-win\bin\/mods/Tornie/data/OBLOOM.VOC'
FileManager: ignoring tiny active-mod VOC placeholder 'C:\Users\canti\Documents\Codex\2026-07-31\cr\work\dunecity-tornie-1.0.524-23\build-test-win\bin\/../../mods/Tornie/data/OBLOOM.VOC'
FileManager: ignoring tiny external VOC placeholder 'C:\Users\canti\Documents\Codex\2026-07-31\cr\work\dunecity-tornie-1.0.524-23\build-test-win\bin\/data/OBLOOM.VOC'
FileManager: ignoring tiny VOC placeholder 'OBLOOM.VOC' from TORNIE.PAK
FileManager: ignoring tiny active-mod VOC placeholder 'C:\Users\canti\AppData\Roaming\DuneCity\mods/Tornie/data/OLOCATED.VOC'
FileManager: ignoring tiny active-mod VOC placeholder 'C:\Users\canti\Documents\Codex\2026-07-31\cr\work\dunecity-tornie-1.0.524-23\build-test-win\bin\/mods/Tornie/data/OLOCATED.VOC'
FileManager: ignoring tiny active-mod VOC placeholder 'C:\Users\canti\Documents\Codex\2026-07-31\cr\work\dunecity-tornie-1.0.524-23\build-test-win\bin\/../../mods/Tornie/data/OLOCATED.VOC'
FileManager: ignoring tiny external VOC placeholder 'C:\Users\canti\Documents\Codex\2026-07-31\cr\work\dunecity-tornie-1.0.524-23\build-test-win\bin\/data/OLOCATED.VOC'
FileManager: ignoring tiny VOC placeholder 'OLOCATED.VOC' from TORNIE.PAK
FileManager: ignoring tiny active-mod VOC placeholder 'C:\Users\canti\AppData\Roaming\DuneCity\mods/Tornie/data/OWARNING.VOC'
FileManager: ignoring tiny active-mod VOC placeholder 'C:\Users\canti\Documents\Codex\2026-07-31\cr\work\dunecity-tornie-1.0.524-23\build-test-win\bin\/mods/Tornie/data/OWARNING.VOC'
FileManager: ignoring tiny active-mod VOC placeholder 'C:\Users\canti\Documents\Codex\2026-07-31\cr\work\dunecity-tornie-1.0.524-23\build-test-win\bin\/../../mods/Tornie/data/OWARNING.VOC'
FileManager: ignoring tiny external VOC placeholder 'C:\Users\canti\Documents\Codex\2026-07-31\cr\work\dunecity-tornie-1.0.524-23\build-test-win\bin\/data/OWARNING.VOC'
FileManager: ignoring tiny VOC placeholder 'OWARNING.VOC' from TORNIE.PAK
FileManager: ignoring tiny active-mod VOC placeholder 'C:\Users\canti\AppData\Roaming\DuneCity\mods/Tornie/data/OWORMY.VOC'
FileManager: ignoring tiny active-mod VOC placeholder 'C:\Users\canti\Documents\Codex\2026-07-31\cr\work\dunecity-tornie-1.0.524-23\build-test-win\bin\/mods/Tornie/data/OWORMY.VOC'
FileManager: ignoring tiny active-mod VOC placeholder 'C:\Users\canti\Documents\Codex\2026-07-31\cr\work\dunecity-tornie-1.0.524-23\build-test-win\bin\/../../mods/Tornie/data/OWORMY.VOC'
FileManager: ignoring tiny external VOC placeholder 'C:\Users\canti\Documents\Codex\2026-07-31\cr\work\dunecity-tornie-1.0.524-23\build-test-win\bin\/data/OWORMY.VOC'
FileManager: ignoring tiny VOC placeholder 'OWORMY.VOC' from TORNIE.PAK
FileManager: ignoring tiny active-mod VOC placeholder 'C:\Users\canti\AppData\Roaming\DuneCity\mods/Tornie/data/OATTACK.VOC'
FileManager: ignoring tiny active-mod VOC placeholder 'C:\Users\canti\Documents\Codex\2026-07-31\cr\work\dunecity-tornie-1.0.524-23\build-test-win\bin\/mods/Tornie/data/OATTACK.VOC'
FileManager: ignoring tiny active-mod VOC placeholder 'C:\Users\canti\Documents\Codex\2026-07-31\cr\work\dunecity-tornie-1.0.524-23\build-test-win\bin\/../../mods/Tornie/data/OATTACK.VOC'
FileManager: ignoring tiny external VOC placeholder 'C:\Users\canti\Documents\Codex\2026-07-31\cr\work\dunecity-tornie-1.0.524-23\build-test-win\bin\/data/OATTACK.VOC'
FileManager: ignoring tiny VOC placeholder 'OATTACK.VOC' from TORNIE.PAK
FileManager: ignoring tiny active-mod VOC placeholder 'C:\Users\canti\AppData\Roaming\DuneCity\mods/Tornie/data/OSABOT.VOC'
FileManager: ignoring tiny active-mod VOC placeholder 'C:\Users\canti\Documents\Codex\2026-07-31\cr\work\dunecity-tornie-1.0.524-23\build-test-win\bin\/mods/Tornie/data/OSABOT.VOC'
FileManager: ignoring tiny active-mod VOC placeholder 'C:\Users\canti\Documents\Codex\2026-07-31\cr\work\dunecity-tornie-1.0.524-23\build-test-win\bin\/../../mods/Tornie/data/OSABOT.VOC'
FileManager: ignoring tiny external VOC placeholder 'C:\Users\canti\Documents\Codex\2026-07-31\cr\work\dunecity-tornie-1.0.524-23\build-test-win\bin\/data/OSABOT.VOC'
FileManager: ignoring tiny VOC placeholder 'OSABOT.VOC' from TORNIE.PAK
FileManager: ignoring tiny active-mod VOC placeholder 'C:\Users\canti\AppData\Roaming\DuneCity\mods/Tornie/data/OMISSILE.VOC'
FileManager: ignoring tiny active-mod VOC placeholder 'C:\Users\canti\Documents\Codex\2026-07-31\cr\work\dunecity-tornie-1.0.524-23\build-test-win\bin\/mods/Tornie/data/OMISSILE.VOC'
FileManager: ignoring tiny active-mod VOC placeholder 'C:\Users\canti\Documents\Codex\2026-07-31\cr\work\dunecity-tornie-1.0.524-23\build-test-win\bin\/../../mods/Tornie/data/OMISSILE.VOC'
FileManager: ignoring tiny external VOC placeholder 'C:\Users\canti\Documents\Codex\2026-07-31\cr\work\dunecity-tornie-1.0.524-23\build-test-win\bin\/data/OMISSILE.VOC'
FileManager: ignoring tiny VOC placeholder 'OMISSILE.VOC' from TORNIE.PAK
FileManager: ignoring tiny active-mod VOC placeholder 'C:\Users\canti\AppData\Roaming\DuneCity\mods/Tornie/data/OAPPRCH.VOC'
FileManager: ignoring tiny active-mod VOC placeholder 'C:\Users\canti\Documents\Codex\2026-07-31\cr\work\dunecity-tornie-1.0.524-23\build-test-win\bin\/mods/Tornie/data/OAPPRCH.VOC'
FileManager: ignoring tiny active-mod VOC placeholder 'C:\Users\canti\Documents\Codex\2026-07-31\cr\work\dunecity-tornie-1.0.524-23\build-test-win\bin\/../../mods/Tornie/data/OAPPRCH.VOC'
FileManager: ignoring tiny external VOC placeholder 'C:\Users\canti\Documents\Codex\2026-07-31\cr\work\dunecity-tornie-1.0.524-23\build-test-win\bin\/data/OAPPRCH.VOC'
FileManager: ignoring tiny VOC placeholder 'OAPPRCH.VOC' from TORNIE.PAK
FileManager: using active-mod asset 'C:\Users\canti\AppData\Roaming\DuneCity\mods/Tornie/data/OTHARP.VOC'
Starting sound player...
Starting ADL music player...
Playing intro...
FileManager: ignoring tiny active-mod VOC placeholder 'C:\Users\canti\AppData\Roaming\DuneCity\mods/Tornie/data/HARK.VOC'
FileManager: ignoring tiny active-mod VOC placeholder 'C:\Users\canti\Documents\Codex\2026-07-31\cr\work\dunecity-tornie-1.0.524-23\build-test-win\bin\/mods/Tornie/data/HARK.VOC'
FileManager: ignoring tiny active-mod VOC placeholder 'C:\Users\canti\Documents\Codex\2026-07-31\cr\work\dunecity-tornie-1.0.524-23\build-test-win\bin\/../../mods/Tornie/data/HARK.VOC'
FileManager: ignoring tiny external VOC placeholder 'C:\Users\canti\Documents\Codex\2026-07-31\cr\work\dunecity-tornie-1.0.524-23\build-test-win\bin\/data/HARK.VOC'
FileManager: ignoring tiny VOC placeholder 'HARK.VOC' from TORNIE.PAK
Starting main menu...
Now playing DUNE7.ADL!
VersionChecker: Error checking for updates: C:/Users/canti/Documents/Codex/2026-07-31/cr/work/dunecity-tornie-1.0.524-23/src/Network/ENetHttp.cpp:208: HTTP request failed: error adding trust anchors from file: C:/Users/canti/Documents/Codex/2026-07-31/cr/work/dunecity-tornie-1.0.524-23/build-test-win/etc/ssl/certs/ca-bundle.crt
ModManager::listMods() - modsBasePath: C:\Users\canti\AppData\Roaming\DuneCity\mods
getDirectoryList: scanning 'C:\Users\canti\AppData\Roaming\DuneCity\mods'
getDirectoryList: found 6 directories
ModManager::listMods() - found 6 directory entries
ModManager::listMods() - checking entry 'Dune2R', json exists: 1
ModManager::listMods() - checking entry 'dunecity', json exists: 1
ModManager::listMods() - checking entry 'Jericho', json exists: 1
ModManager::listMods() - checking entry 'Tornie', json exists: 1
ModManager::listMods() - checking entry 'TornieLite', json exists: 1
ModManager::listMods() - checking entry 'vanilla', json exists: 1
ModManager::listMods() - returning 6 mods
ModMenu::refreshModList() - starting
ModManager::listMods() - modsBasePath: C:\Users\canti\AppData\Roaming\DuneCity\mods
getDirectoryList: scanning 'C:\Users\canti\AppData\Roaming\DuneCity\mods'
getDirectoryList: found 6 directories
ModManager::listMods() - found 6 directory entries
ModManager::listMods() - checking entry 'Dune2R', json exists: 1
ModManager::listMods() - checking entry 'dunecity', json exists: 1
ModManager::listMods() - checking entry 'Jericho', json exists: 1
ModManager::listMods() - checking entry 'Tornie', json exists: 1
ModManager::listMods() - checking entry 'TornieLite', json exists: 1
ModManager::listMods() - checking entry 'vanilla', json exists: 1
ModManager::listMods() - returning 6 mods
ModMenu::refreshModList() - got 6 mods
ModMenu::refreshModList() - mod[0]: name='Dune2R', displayName='Dune2R'
ModMenu::refreshModList() - mod[1]: name='dunecity', displayName='Dune City'
ModMenu::refreshModList() - mod[2]: name='Jericho', displayName='Jericho'
ModMenu::refreshModList() - mod[3]: name='Tornie', displayName='Tornie'
ModMenu::refreshModList() - mod[4]: name='TornieLite', displayName='Tornie Lite'
ModMenu::refreshModList() - mod[5]: name='vanilla', displayName='Vanilla'
ModMenu::refreshModList() - done, selectedModIndex=3
FileManager: using active-mod asset 'C:\Users\canti\AppData\Roaming\DuneCity\mods/Jericho/data/Custom_IBM.PAL'
GFXManager::invalidateAllSpriteTextures(): clearing textures and derived house sprite caches
GFXManager::reloadModDependentUiGraphics(): reloading active-mod presentation
FileManager: using active-mod asset 'C:\Users\canti\AppData\Roaming\DuneCity\mods/Jericho/data/Green_Post.png'
TornieGFX: rgba-convert Scoutpost house=0 zoom=0 surface=16x32 opaque=512 transparent=0 mask=palette
TornieGFX: rgba-convert Scoutpost house=1 zoom=0 surface=16x32 opaque=512 transparent=0 mask=palette
TornieGFX: rgba-convert Scoutpost house=2 zoom=0 surface=16x32 opaque=512 transparent=0 mask=palette
TornieGFX: rgba-convert Scoutpost house=3 zoom=0 surface=16x32 opaque=512 transparent=0 mask=palette
TornieGFX: rgba-convert Scoutpost house=4 zoom=0 surface=16x32 opaque=512 transparent=0 mask=palette
TornieGFX: rgba-convert Scoutpost house=5 zoom=0 surface=16x32 opaque=512 transparent=0 mask=palette
TornieGFX: rgba-convert Scoutpost house=6 zoom=0 surface=16x32 opaque=512 transparent=0 mask=palette
TornieGFX: rgba-convert Scoutpost house=7 zoom=0 surface=16x32 opaque=512 transparent=0 mask=palette
TornieGFX: rgba-convert Scoutpost house=8 zoom=0 surface=16x32 opaque=512 transparent=0 mask=palette
TornieGFX: rgba-convert Scoutpost house=9 zoom=0 surface=16x32 opaque=512 transparent=0 mask=palette
TornieGFX: rgba-convert Scoutpost house=10 zoom=0 surface=16x32 opaque=512 transparent=0 mask=palette
TornieGFX: rgba-convert Scoutpost house=11 zoom=0 surface=16x32 opaque=512 transparent=0 mask=palette
TornieGFX: rgba-convert Scoutpost house=12 zoom=0 surface=16x32 opaque=512 transparent=0 mask=palette
TornieGFX: rgba-convert Scoutpost house=13 zoom=0 surface=16x32 opaque=512 transparent=0 mask=palette
TornieGFX: rgba-convert Scoutpost house=14 zoom=0 surface=16x32 opaque=512 transparent=0 mask=palette
TornieGFX: rgba-convert Scoutpost house=15 zoom=0 surface=16x32 opaque=512 transparent=0 mask=palette
TornieGFX: rgba-convert Scoutpost house=16 zoom=0 surface=16x32 opaque=512 transparent=0 mask=palette
TornieGFX: rgba-convert Scoutpost house=17 zoom=0 surface=16x32 opaque=512 transparent=0 mask=palette
FileManager: using active-mod asset 'C:\Users\canti\AppData\Roaming\DuneCity\mods/Jericho/data/Flamepost.png'
TornieGFX: rgba-convert Flamepost house=0 zoom=0 surface=16x32 opaque=512 transparent=0 mask=palette
TornieGFX: rgba-convert Flamepost house=1 zoom=0 surface=16x32 opaque=512 transparent=0 mask=palette
TornieGFX: rgba-convert Flamepost house=2 zoom=0 surface=16x32 opaque=512 transparent=0 mask=palette
TornieGFX: rgba-convert Flamepost house=3 zoom=0 surface=16x32 opaque=512 transparent=0 mask=palette
TornieGFX: rgba-convert Flamepost house=4 zoom=0 surface=16x32 opaque=512 transparent=0 mask=palette
TornieGFX: rgba-convert Flamepost house=5 zoom=0 surface=16x32 opaque=512 transparent=0 mask=palette
TornieGFX: rgba-convert Flamepost house=6 zoom=0 surface=16x32 opaque=512 transparent=0 mask=palette
TornieGFX: rgba-convert Flamepost house=7 zoom=0 surface=16x32 opaque=512 transparent=0 mask=palette
TornieGFX: rgba-convert Flamepost house=8 zoom=0 surface=16x32 opaque=512 transparent=0 mask=palette
TornieGFX: rgba-convert Flamepost house=9 zoom=0 surface=16x32 opaque=512 transparent=0 mask=palette
TornieGFX: rgba-convert Flamepost house=10 zoom=0 surface=16x32 opaque=512 transparent=0 mask=palette
TornieGFX: rgba-convert Flamepost house=11 zoom=0 surface=16x32 opaque=512 transparent=0 mask=palette
TornieGFX: rgba-convert Flamepost house=12 zoom=0 surface=16x32 opaque=512 transparent=0 mask=palette
TornieGFX: rgba-convert Flamepost house=13 zoom=0 surface=16x32 opaque=512 transparent=0 mask=palette
TornieGFX: rgba-convert Flamepost house=14 zoom=0 surface=16x32 opaque=512 transparent=0 mask=palette
TornieGFX: rgba-convert Flamepost house=15 zoom=0 surface=16x32 opaque=512 transparent=0 mask=palette
TornieGFX: rgba-convert Flamepost house=16 zoom=0 surface=16x32 opaque=512 transparent=0 mask=palette
TornieGFX: rgba-convert Flamepost house=17 zoom=0 surface=16x32 opaque=512 transparent=0 mask=palette
FileManager: using active-mod asset 'C:\Users\canti\AppData\Roaming\DuneCity\mods/Jericho/data/Chemipost.png'
TornieGFX: rgba-convert Chemipost house=0 zoom=0 surface=16x32 opaque=512 transparent=0 mask=palette
TornieGFX: rgba-convert Chemipost house=1 zoom=0 surface=16x32 opaque=512 transparent=0 mask=palette
TornieGFX: rgba-convert Chemipost house=2 zoom=0 surface=16x32 opaque=512 transparent=0 mask=palette
TornieGFX: rgba-convert Chemipost house=3 zoom=0 surface=16x32 opaque=512 transparent=0 mask=palette
TornieGFX: rgba-convert Chemipost house=4 zoom=0 surface=16x32 opaque=512 transparent=0 mask=palette
TornieGFX: rgba-convert Chemipost house=5 zoom=0 surface=16x32 opaque=512 transparent=0 mask=palette
TornieGFX: rgba-convert Chemipost house=6 zoom=0 surface=16x32 opaque=512 transparent=0 mask=palette
TornieGFX: rgba-convert Chemipost house=7 zoom=0 surface=16x32 opaque=512 transparent=0 mask=palette
TornieGFX: rgba-convert Chemipost house=8 zoom=0 surface=16x32 opaque=512 transparent=0 mask=palette
TornieGFX: rgba-convert Chemipost house=9 zoom=0 surface=16x32 opaque=512 transparent=0 mask=palette
TornieGFX: rgba-convert Chemipost house=10 zoom=0 surface=16x32 opaque=512 transparent=0 mask=palette
TornieGFX: rgba-convert Chemipost house=11 zoom=0 surface=16x32 opaque=512 transparent=0 mask=palette
TornieGFX: rgba-convert Chemipost house=12 zoom=0 surface=16x32 opaque=512 transparent=0 mask=palette
TornieGFX: rgba-convert Chemipost house=13 zoom=0 surface=16x32 opaque=512 transparent=0 mask=palette
TornieGFX: rgba-convert Chemipost house=14 zoom=0 surface=16x32 opaque=512 transparent=0 mask=palette
TornieGFX: rgba-convert Chemipost house=15 zoom=0 surface=16x32 opaque=512 transparent=0 mask=palette
TornieGFX: rgba-convert Chemipost house=16 zoom=0 surface=16x32 opaque=512 transparent=0 mask=palette
TornieGFX: rgba-convert Chemipost house=17 zoom=0 surface=16x32 opaque=512 transparent=0 mask=palette
FileManager: using active-mod asset 'C:\Users\canti\AppData\Roaming\DuneCity\mods/Jericho/data/ChaosFactory.png'
TornieGFX: rgba-convert ChaosFactory house=0 zoom=0 surface=48x64 opaque=3072 transparent=0 mask=palette
TornieGFX: rgba-convert ChaosFactory house=1 zoom=0 surface=48x64 opaque=3072 transparent=0 mask=palette
TornieGFX: rgba-convert ChaosFactory house=2 zoom=0 surface=48x64 opaque=3072 transparent=0 mask=palette
TornieGFX: rgba-convert ChaosFactory house=3 zoom=0 surface=48x64 opaque=3072 transparent=0 mask=palette
TornieGFX: rgba-convert ChaosFactory house=4 zoom=0 surface=48x64 opaque=3072 transparent=0 mask=palette
TornieGFX: rgba-convert ChaosFactory house=5 zoom=0 surface=48x64 opaque=3072 transparent=0 mask=palette
TornieGFX: rgba-convert ChaosFactory house=6 zoom=0 surface=48x64 opaque=3072 transparent=0 mask=palette
TornieGFX: rgba-convert ChaosFactory house=7 zoom=0 surface=48x64 opaque=3072 transparent=0 mask=palette
TornieGFX: rgba-convert ChaosFactory house=8 zoom=0 surface=48x64 opaque=3072 transparent=0 mask=palette
TornieGFX: rgba-convert ChaosFactory house=9 zoom=0 surface=48x64 opaque=3072 transparent=0 mask=palette
TornieGFX: rgba-convert ChaosFactory house=10 zoom=0 surface=48x64 opaque=3072 transparent=0 mask=palette
TornieGFX: rgba-convert ChaosFactory house=11 zoom=0 surface=48x64 opaque=3072 transparent=0 mask=palette
TornieGFX: rgba-convert ChaosFactory house=12 zoom=0 surface=48x64 opaque=3072 transparent=0 mask=palette
TornieGFX: rgba-convert ChaosFactory house=13 zoom=0 surface=48x64 opaque=3072 transparent=0 mask=palette
TornieGFX: rgba-convert ChaosFactory house=14 zoom=0 surface=48x64 opaque=3072 transparent=0 mask=palette
TornieGFX: rgba-convert ChaosFactory house=15 zoom=0 surface=48x64 opaque=3072 transparent=0 mask=palette
TornieGFX: rgba-convert ChaosFactory house=16 zoom=0 surface=48x64 opaque=3072 transparent=0 mask=palette
TornieGFX: rgba-convert ChaosFactory house=17 zoom=0 surface=48x64 opaque=3072 transparent=0 mask=palette
FileManager: using active-mod asset 'C:\Users\canti\AppData\Roaming\DuneCity\mods/Jericho/data/ChemicalCarryall.png'
GFXManager: reloaded Chemical Carryall graphics for the active mod
FileManager: using active-mod asset 'C:\Users\canti\AppData\Roaming\DuneCity\mods/Jericho/data/HeraldWildspade.png'
FileManager: using active-mod asset 'C:\Users\canti\AppData\Roaming\DuneCity\mods/Jericho/data/HeraldKleshmersh.png'
FileManager: using active-mod asset 'C:\Users\canti\AppData\Roaming\DuneCity\mods/Jericho/data/HeraldNeu.png'
FileManager: using active-mod asset 'C:\Users\canti\AppData\Roaming\DuneCity\mods/Jericho/data/HeraldRebels.png'
FileManager: using active-mod asset 'C:\Users\canti\AppData\Roaming\DuneCity\mods/Jericho/data/RocketTrikeIcon.png'
FileManager: using active-mod asset 'C:\Users\canti\AppData\Roaming\DuneCity\mods/Jericho/data/SonicTrikeIcon.png'
FileManager: using active-mod asset 'C:\Users\canti\AppData\Roaming\DuneCity\mods/Jericho/data/FlameTankIcon.png'
FileManager: using active-mod asset 'C:\Users\canti\AppData\Roaming\DuneCity\mods/Jericho/data/EliteLauncherIcon.png'
FileManager: using active-mod asset 'C:\Users\canti\AppData\Roaming\DuneCity\mods/Jericho/data/EliteSiegeTankIcon.png'
FileManager: using active-mod asset 'C:\Users\canti\AppData\Roaming\DuneCity\mods/Jericho/data/ChemicalSiegeTankIcon.png'
FileManager: using active-mod asset 'C:\Users\canti\AppData\Roaming\DuneCity\mods/Jericho/data/ChemicalCarryallIcon.png'
FileManager: using active-mod asset 'C:\Users\canti\AppData\Roaming\DuneCity\mods/Jericho/data/Tornie_AdvancedWindtrap_icon.png'
FileManager: using active-mod asset 'C:\Users\canti\AppData\Roaming\DuneCity\mods/Jericho/data/WorfineryIcon.png'
FileManager: using active-mod asset 'C:\Users\canti\AppData\Roaming\DuneCity\mods/Jericho/data/TechCenterIcon.png'
FileManager: using active-mod asset 'C:\Users\canti\AppData\Roaming\DuneCity\mods/Jericho/data/ScoutpostIcon.png'
FileManager: using active-mod asset 'C:\Users\canti\AppData\Roaming\DuneCity\mods/Jericho/data/FlamepostIcon.png'
FileManager: using active-mod asset 'C:\Users\canti\AppData\Roaming\DuneCity\mods/Jericho/data/ChemipostIcon.png'
FileManager: using active-mod asset 'C:\Users\canti\AppData\Roaming\DuneCity\mods/Jericho/data/ChaosFactoryIcon.png'
FileManager: using active-mod asset 'C:\Users\canti\AppData\Roaming\DuneCity\mods/Jericho/data/LoveFactoryIcon.png'
FileManager: using active-mod asset 'C:\Users\canti\AppData\Roaming\DuneCity\mods/Jericho/data/PalaceTrikeAndQuadIcon.png'
FileManager: using active-mod asset 'C:\Users\canti\AppData\Roaming\DuneCity\mods/Jericho/data/PalaceRebelsChargingIcon.png'
FileManager: using active-mod asset 'C:\Users\canti\AppData\Roaming\DuneCity\mods/Jericho/data/HarvestankIcon.png'
FileManager: using active-mod asset 'C:\Users\canti\AppData\Roaming\DuneCity\mods/Jericho/data/HeraldTharpique.png'
FileManager: using active-mod asset 'C:\Users\canti\AppData\Roaming\DuneCity\mods/Jericho/data/HeraldCorruptique.png'
FileManager: using active-mod asset 'C:\Users\canti\AppData\Roaming\DuneCity\mods/Jericho/data/MENTATH.CPS'
FileManager: using active-mod asset 'C:\Users\canti\AppData\Roaming\DuneCity\mods/Jericho/data/MENTATA.CPS'
FileManager: using active-mod asset 'C:\Users\canti\AppData\Roaming\DuneCity\mods/Jericho/data/MENTATO.CPS'
FileManager: using active-mod asset 'C:\Users\canti\AppData\Roaming\DuneCity\mods/Jericho/data/PaulAtreidesMentat.png'
FileManager: using active-mod asset 'C:\Users\canti\AppData\Roaming\DuneCity\mods/Jericho/data/PaulAtreidesForeground.png'
FileManager: using active-mod asset 'C:\Users\canti\AppData\Roaming\DuneCity\mods/Jericho/data/PaulAtreidesEyes.png'
FileManager: using active-mod asset 'C:\Users\canti\AppData\Roaming\DuneCity\mods/Jericho/data/PaulAtreidesMouth.png'
FileManager: using active-mod asset 'C:\Users\canti\AppData\Roaming\DuneCity\mods/Jericho/data/ChaniMentat.png'
FileManager: using active-mod asset 'C:\Users\canti\AppData\Roaming\DuneCity\mods/Jericho/data/ChaniMentatEyes.png'
FileManager: using active-mod asset 'C:\Users\canti\AppData\Roaming\DuneCity\mods/Jericho/data/ChaniMentatMouth.png'
FileManager: using active-mod asset 'C:\Users\canti\AppData\Roaming\DuneCity\mods/Jericho/data/ChaniMentat.png'
FileManager: using active-mod asset 'C:\Users\canti\AppData\Roaming\DuneCity\mods/Jericho/data/ChaniMentatEyes.png'
FileManager: using active-mod asset 'C:\Users\canti\AppData\Roaming\DuneCity\mods/Jericho/data/ChaniMentatMouth.png'
FileManager: using active-mod asset 'C:\Users\canti\AppData\Roaming\DuneCity\mods/Jericho/data/ChaniMentat.png'
FileManager: using active-mod asset 'C:\Users\canti\AppData\Roaming\DuneCity\mods/Jericho/data/ChaniMentatEyes.png'
FileManager: using active-mod asset 'C:\Users\canti\AppData\Roaming\DuneCity\mods/Jericho/data/ChaniMentatMouth.png'
FileManager: using active-mod asset 'C:\Users\canti\AppData\Roaming\DuneCity\mods/Jericho/data/ChaniMentat.png'
FileManager: using active-mod asset 'C:\Users\canti\AppData\Roaming\DuneCity\mods/Jericho/data/ChaniMentatEyes.png'
FileManager: using active-mod asset 'C:\Users\canti\AppData\Roaming\DuneCity\mods/Jericho/data/ChaniMentatMouth.png'
FileManager: using active-mod asset 'C:\Users\canti\AppData\Roaming\DuneCity\mods/Jericho/data/ChaniMentat.png'
FileManager: using active-mod asset 'C:\Users\canti\AppData\Roaming\DuneCity\mods/Jericho/data/ChaniMentatEyes.png'
FileManager: using active-mod asset 'C:\Users\canti\AppData\Roaming\DuneCity\mods/Jericho/data/ChaniMentatMouth.png'
FileManager: using active-mod asset 'C:\Users\canti\AppData\Roaming\DuneCity\mods/Jericho/data/ChaniMentat.png'
FileManager: using active-mod asset 'C:\Users\canti\AppData\Roaming\DuneCity\mods/Jericho/data/ChaniMentatEyes.png'
FileManager: using active-mod asset 'C:\Users\canti\AppData\Roaming\DuneCity\mods/Jericho/data/ChaniMentatMouth.png'
FileManager: ignoring tiny active-mod VOC placeholder 'C:\Users\canti\AppData\Roaming\DuneCity\mods/Jericho/data/HHARVEST.VOC'
FileManager: ignoring tiny active-mod VOC placeholder 'C:\Users\canti\Documents\Codex\2026-07-31\cr\work\dunecity-tornie-1.0.524-23\build-test-win\bin\/mods/Jericho/data/HHARVEST.VOC'
FileManager: ignoring tiny active-mod VOC placeholder 'C:\Users\canti\Documents\Codex\2026-07-31\cr\work\dunecity-tornie-1.0.524-23\build-test-win\bin\/../../mods/Jericho/data/HHARVEST.VOC'
FileManager: ignoring tiny external VOC placeholder 'C:\Users\canti\Documents\Codex\2026-07-31\cr\work\dunecity-tornie-1.0.524-23\build-test-win\bin\/data/HHARVEST.VOC'
FileManager: ignoring tiny VOC placeholder 'HHARVEST.VOC' from TORNIE.PAK
FileManager: ignoring tiny active-mod VOC placeholder 'C:\Users\canti\AppData\Roaming\DuneCity\mods/Jericho/data/HUNIT.VOC'
FileManager: ignoring tiny active-mod VOC placeholder 'C:\Users\canti\Documents\Codex\2026-07-31\cr\work\dunecity-tornie-1.0.524-23\build-test-win\bin\/mods/Jericho/data/HUNIT.VOC'
FileManager: ignoring tiny active-mod VOC placeholder 'C:\Users\canti\Documents\Codex\2026-07-31\cr\work\dunecity-tornie-1.0.524-23\build-test-win\bin\/../../mods/Jericho/data/HUNIT.VOC'
FileManager: ignoring tiny external VOC placeholder 'C:\Users\canti\Documents\Codex\2026-07-31\cr\work\dunecity-tornie-1.0.524-23\build-test-win\bin\/data/HUNIT.VOC'
FileManager: ignoring tiny VOC placeholder 'HUNIT.VOC' from TORNIE.PAK
FileManager: ignoring tiny active-mod VOC placeholder 'C:\Users\canti\AppData\Roaming\DuneCity\mods/Jericho/data/HDEPLOY.VOC'
FileManager: ignoring tiny active-mod VOC placeholder 'C:\Users\canti\Documents\Codex\2026-07-31\cr\work\dunecity-tornie-1.0.524-23\build-test-win\bin\/mods/Jericho/data/HDEPLOY.VOC'
FileManager: ignoring tiny active-mod VOC placeholder 'C:\Users\canti\Documents\Codex\2026-07-31\cr\work\dunecity-tornie-1.0.524-23\build-test-win\bin\/../../mods/Jericho/data/HDEPLOY.VOC'
FileManager: ignoring tiny external VOC placeholder 'C:\Users\canti\Documents\Codex\2026-07-31\cr\work\dunecity-tornie-1.0.524-23\build-test-win\bin\/data/HDEPLOY.VOC'
FileManager: ignoring tiny VOC placeholder 'HDEPLOY.VOC' from TORNIE.PAK
FileManager: ignoring tiny active-mod VOC placeholder 'C:\Users\canti\AppData\Roaming\DuneCity\mods/Jericho/data/HLAUNCH.VOC'
FileManager: ignoring tiny active-mod VOC placeholder 'C:\Users\canti\Documents\Codex\2026-07-31\cr\work\dunecity-tornie-1.0.524-23\build-test-win\bin\/mods/Jericho/data/HLAUNCH.VOC'
FileManager: ignoring tiny active-mod VOC placeholder 'C:\Users\canti\Documents\Codex\2026-07-31\cr\work\dunecity-tornie-1.0.524-23\build-test-win\bin\/../../mods/Jericho/data/HLAUNCH.VOC'
FileManager: ignoring tiny external VOC placeholder 'C:\Users\canti\Documents\Codex\2026-07-31\cr\work\dunecity-tornie-1.0.524-23\build-test-win\bin\/data/HLAUNCH.VOC'
FileManager: ignoring tiny VOC placeholder 'HLAUNCH.VOC' from TORNIE.PAK
FileManager: ignoring tiny active-mod VOC placeholder 'C:\Users\canti\AppData\Roaming\DuneCity\mods/Jericho/data/HCONST.VOC'
FileManager: ignoring tiny active-mod VOC placeholder 'C:\Users\canti\Documents\Codex\2026-07-31\cr\work\dunecity-tornie-1.0.524-23\build-test-win\bin\/mods/Jericho/data/HCONST.VOC'
FileManager: ignoring tiny active-mod VOC placeholder 'C:\Users\canti\Documents\Codex\2026-07-31\cr\work\dunecity-tornie-1.0.524-23\build-test-win\bin\/../../mods/Jericho/data/HCONST.VOC'
FileManager: ignoring tiny external VOC placeholder 'C:\Users\canti\Documents\Codex\2026-07-31\cr\work\dunecity-tornie-1.0.524-23\build-test-win\bin\/data/HCONST.VOC'
FileManager: ignoring tiny VOC placeholder 'HCONST.VOC' from TORNIE.PAK
FileManager: ignoring tiny active-mod VOC placeholder 'C:\Users\canti\AppData\Roaming\DuneCity\mods/Jericho/data/HVEHICLE.VOC'
FileManager: ignoring tiny active-mod VOC placeholder 'C:\Users\canti\Documents\Codex\2026-07-31\cr\work\dunecity-tornie-1.0.524-23\build-test-win\bin\/mods/Jericho/data/HVEHICLE.VOC'
FileManager: ignoring tiny active-mod VOC placeholder 'C:\Users\canti\Documents\Codex\2026-07-31\cr\work\dunecity-tornie-1.0.524-23\build-test-win\bin\/../../mods/Jericho/data/HVEHICLE.VOC'
FileManager: ignoring tiny external VOC placeholder 'C:\Users\canti\Documents\Codex\2026-07-31\cr\work\dunecity-tornie-1.0.524-23\build-test-win\bin\/data/HVEHICLE.VOC'
FileManager: ignoring tiny VOC placeholder 'HVEHICLE.VOC' from TORNIE.PAK
FileManager: ignoring tiny active-mod VOC placeholder 'C:\Users\canti\AppData\Roaming\DuneCity\mods/Jericho/data/HREPAIR.VOC'
FileManager: ignoring tiny active-mod VOC placeholder 'C:\Users\canti\Documents\Codex\2026-07-31\cr\work\dunecity-tornie-1.0.524-23\build-test-win\bin\/mods/Jericho/data/HREPAIR.VOC'
FileManager: ignoring tiny active-mod VOC placeholder 'C:\Users\canti\Documents\Codex\2026-07-31\cr\work\dunecity-tornie-1.0.524-23\build-test-win\bin\/../../mods/Jericho/data/HREPAIR.VOC'
FileManager: ignoring tiny external VOC placeholder 'C:\Users\canti\Documents\Codex\2026-07-31\cr\work\dunecity-tornie-1.0.524-23\build-test-win\bin\/data/HREPAIR.VOC'
FileManager: ignoring tiny VOC placeholder 'HREPAIR.VOC' from TORNIE.PAK
FileManager: ignoring tiny active-mod VOC placeholder 'C:\Users\canti\AppData\Roaming\DuneCity\mods/Jericho/data/HFRIGATE.VOC'
FileManager: ignoring tiny active-mod VOC placeholder 'C:\Users\canti\Documents\Codex\2026-07-31\cr\work\dunecity-tornie-1.0.524-23\build-test-win\bin\/mods/Jericho/data/HFRIGATE.VOC'
FileManager: ignoring tiny active-mod VOC placeholder 'C:\Users\canti\Documents\Codex\2026-07-31\cr\work\dunecity-tornie-1.0.524-23\build-test-win\bin\/../../mods/Jericho/data/HFRIGATE.VOC'
FileManager: ignoring tiny external VOC placeholder 'C:\Users\canti\Documents\Codex\2026-07-31\cr\work\dunecity-tornie-1.0.524-23\build-test-win\bin\/data/HFRIGATE.VOC'
FileManager: ignoring tiny VOC placeholder 'HFRIGATE.VOC' from TORNIE.PAK
FileManager: ignoring tiny active-mod VOC placeholder 'C:\Users\canti\AppData\Roaming\DuneCity\mods/Jericho/data/HARRIVE.VOC'
FileManager: ignoring tiny active-mod VOC placeholder 'C:\Users\canti\Documents\Codex\2026-07-31\cr\work\dunecity-tornie-1.0.524-23\build-test-win\bin\/mods/Jericho/data/HARRIVE.VOC'
FileManager: ignoring tiny active-mod VOC placeholder 'C:\Users\canti\Documents\Codex\2026-07-31\cr\work\dunecity-tornie-1.0.524-23\build-test-win\bin\/../../mods/Jericho/data/HARRIVE.VOC'
FileManager: ignoring tiny external VOC placeholder 'C:\Users\canti\Documents\Codex\2026-07-31\cr\work\dunecity-tornie-1.0.524-23\build-test-win\bin\/data/HARRIVE.VOC'
FileManager: ignoring tiny VOC placeholder 'HARRIVE.VOC' from TORNIE.PAK
FileManager: ignoring tiny active-mod VOC placeholder 'C:\Users\canti\AppData\Roaming\DuneCity\mods/Jericho/data/HWIN.VOC'
FileManager: ignoring tiny active-mod VOC placeholder 'C:\Users\canti\Documents\Codex\2026-07-31\cr\work\dunecity-tornie-1.0.524-23\build-test-win\bin\/mods/Jericho/data/HWIN.VOC'
FileManager: ignoring tiny active-mod VOC placeholder 'C:\Users\canti\Documents\Codex\2026-07-31\cr\work\dunecity-tornie-1.0.524-23\build-test-win\bin\/../../mods/Jericho/data/HWIN.VOC'
FileManager: ignoring tiny external VOC placeholder 'C:\Users\canti\Documents\Codex\2026-07-31\cr\work\dunecity-tornie-1.0.524-23\build-test-win\bin\/data/HWIN.VOC'
FileManager: ignoring tiny VOC placeholder 'HWIN.VOC' from TORNIE.PAK
FileManager: ignoring tiny active-mod VOC placeholder 'C:\Users\canti\AppData\Roaming\DuneCity\mods/Jericho/data/HLOSE.VOC'
FileManager: ignoring tiny active-mod VOC placeholder 'C:\Users\canti\Documents\Codex\2026-07-31\cr\work\dunecity-tornie-1.0.524-23\build-test-win\bin\/mods/Jericho/data/HLOSE.VOC'
FileManager: ignoring tiny active-mod VOC placeholder 'C:\Users\canti\Documents\Codex\2026-07-31\cr\work\dunecity-tornie-1.0.524-23\build-test-win\bin\/../../mods/Jericho/data/HLOSE.VOC'
FileManager: ignoring tiny external VOC placeholder 'C:\Users\canti\Documents\Codex\2026-07-31\cr\work\dunecity-tornie-1.0.524-23\build-test-win\bin\/data/HLOSE.VOC'
FileManager: ignoring tiny VOC placeholder 'HLOSE.VOC' from TORNIE.PAK
FileManager: ignoring tiny active-mod VOC placeholder 'C:\Users\canti\AppData\Roaming\DuneCity\mods/Jericho/data/HRADAR.VOC'
FileManager: ignoring tiny active-mod VOC placeholder 'C:\Users\canti\Documents\Codex\2026-07-31\cr\work\dunecity-tornie-1.0.524-23\build-test-win\bin\/mods/Jericho/data/HRADAR.VOC'
FileManager: ignoring tiny active-mod VOC placeholder 'C:\Users\canti\Documents\Codex\2026-07-31\cr\work\dunecity-tornie-1.0.524-23\build-test-win\bin\/../../mods/Jericho/data/HRADAR.VOC'
FileManager: ignoring tiny external VOC placeholder 'C:\Users\canti\Documents\Codex\2026-07-31\cr\work\dunecity-tornie-1.0.524-23\build-test-win\bin\/data/HRADAR.VOC'
FileManager: ignoring tiny VOC placeholder 'HRADAR.VOC' from TORNIE.PAK
FileManager: ignoring tiny active-mod VOC placeholder 'C:\Users\canti\AppData\Roaming\DuneCity\mods/Jericho/data/HON.VOC'
FileManager: ignoring tiny active-mod VOC placeholder 'C:\Users\canti\Documents\Codex\2026-07-31\cr\work\dunecity-tornie-1.0.524-23\build-test-win\bin\/mods/Jericho/data/HON.VOC'
FileManager: ignoring tiny active-mod VOC placeholder 'C:\Users\canti\Documents\Codex\2026-07-31\cr\work\dunecity-tornie-1.0.524-23\build-test-win\bin\/../../mods/Jericho/data/HON.VOC'
FileManager: ignoring tiny external VOC placeholder 'C:\Users\canti\Documents\Codex\2026-07-31\cr\work\dunecity-tornie-1.0.524-23\build-test-win\bin\/data/HON.VOC'
FileManager: ignoring tiny VOC placeholder 'HON.VOC' from TORNIE.PAK
FileManager: ignoring tiny active-mod VOC placeholder 'C:\Users\canti\AppData\Roaming\DuneCity\mods/Jericho/data/HOFF.VOC'
FileManager: ignoring tiny active-mod VOC placeholder 'C:\Users\canti\Documents\Codex\2026-07-31\cr\work\dunecity-tornie-1.0.524-23\build-test-win\bin\/mods/Jericho/data/HOFF.VOC'
FileManager: ignoring tiny active-mod VOC placeholder 'C:\Users\canti\Documents\Codex\2026-07-31\cr\work\dunecity-tornie-1.0.524-23\build-test-win\bin\/../../mods/Jericho/data/HOFF.VOC'
FileManager: ignoring tiny external VOC placeholder 'C:\Users\canti\Documents\Codex\2026-07-31\cr\work\dunecity-tornie-1.0.524-23\build-test-win\bin\/data/HOFF.VOC'
FileManager: ignoring tiny VOC placeholder 'HOFF.VOC' from TORNIE.PAK
FileManager: ignoring tiny active-mod VOC placeholder 'C:\Users\canti\AppData\Roaming\DuneCity\mods/Jericho/data/HBLOOM.VOC'
FileManager: ignoring tiny active-mod VOC placeholder 'C:\Users\canti\Documents\Codex\2026-07-31\cr\work\dunecity-tornie-1.0.524-23\build-test-win\bin\/mods/Jericho/data/HBLOOM.VOC'
FileManager: ignoring tiny active-mod VOC placeholder 'C:\Users\canti\Documents\Codex\2026-07-31\cr\work\dunecity-tornie-1.0.524-23\build-test-win\bin\/../../mods/Jericho/data/HBLOOM.VOC'
FileManager: ignoring tiny external VOC placeholder 'C:\Users\canti\Documents\Codex\2026-07-31\cr\work\dunecity-tornie-1.0.524-23\build-test-win\bin\/data/HBLOOM.VOC'
FileManager: ignoring tiny VOC placeholder 'HBLOOM.VOC' from TORNIE.PAK
FileManager: ignoring tiny active-mod VOC placeholder 'C:\Users\canti\AppData\Roaming\DuneCity\mods/Jericho/data/HLOCATED.VOC'
FileManager: ignoring tiny active-mod VOC placeholder 'C:\Users\canti\Documents\Codex\2026-07-31\cr\work\dunecity-tornie-1.0.524-23\build-test-win\bin\/mods/Jericho/data/HLOCATED.VOC'
FileManager: ignoring tiny active-mod VOC placeholder 'C:\Users\canti\Documents\Codex\2026-07-31\cr\work\dunecity-tornie-1.0.524-23\build-test-win\bin\/../../mods/Jericho/data/HLOCATED.VOC'
FileManager: ignoring tiny external VOC placeholder 'C:\Users\canti\Documents\Codex\2026-07-31\cr\work\dunecity-tornie-1.0.524-23\build-test-win\bin\/data/HLOCATED.VOC'
FileManager: ignoring tiny VOC placeholder 'HLOCATED.VOC' from TORNIE.PAK
FileManager: ignoring tiny active-mod VOC placeholder 'C:\Users\canti\AppData\Roaming\DuneCity\mods/Jericho/data/HWARNING.VOC'
FileManager: ignoring tiny active-mod VOC placeholder 'C:\Users\canti\Documents\Codex\2026-07-31\cr\work\dunecity-tornie-1.0.524-23\build-test-win\bin\/mods/Jericho/data/HWARNING.VOC'
FileManager: ignoring tiny active-mod VOC placeholder 'C:\Users\canti\Documents\Codex\2026-07-31\cr\work\dunecity-tornie-1.0.524-23\build-test-win\bin\/../../mods/Jericho/data/HWARNING.VOC'
FileManager: ignoring tiny external VOC placeholder 'C:\Users\canti\Documents\Codex\2026-07-31\cr\work\dunecity-tornie-1.0.524-23\build-test-win\bin\/data/HWARNING.VOC'
FileManager: ignoring tiny VOC placeholder 'HWARNING.VOC' from TORNIE.PAK
FileManager: ignoring tiny active-mod VOC placeholder 'C:\Users\canti\AppData\Roaming\DuneCity\mods/Jericho/data/HWORMY.VOC'
FileManager: ignoring tiny active-mod VOC placeholder 'C:\Users\canti\Documents\Codex\2026-07-31\cr\work\dunecity-tornie-1.0.524-23\build-test-win\bin\/mods/Jericho/data/HWORMY.VOC'
FileManager: ignoring tiny active-mod VOC placeholder 'C:\Users\canti\Documents\Codex\2026-07-31\cr\work\dunecity-tornie-1.0.524-23\build-test-win\bin\/../../mods/Jericho/data/HWORMY.VOC'
FileManager: ignoring tiny external VOC placeholder 'C:\Users\canti\Documents\Codex\2026-07-31\cr\work\dunecity-tornie-1.0.524-23\build-test-win\bin\/data/HWORMY.VOC'
FileManager: ignoring tiny VOC placeholder 'HWORMY.VOC' from TORNIE.PAK
FileManager: ignoring tiny active-mod VOC placeholder 'C:\Users\canti\AppData\Roaming\DuneCity\mods/Jericho/data/HATTACK.VOC'
FileManager: ignoring tiny active-mod VOC placeholder 'C:\Users\canti\Documents\Codex\2026-07-31\cr\work\dunecity-tornie-1.0.524-23\build-test-win\bin\/mods/Jericho/data/HATTACK.VOC'
FileManager: ignoring tiny active-mod VOC placeholder 'C:\Users\canti\Documents\Codex\2026-07-31\cr\work\dunecity-tornie-1.0.524-23\build-test-win\bin\/../../mods/Jericho/data/HATTACK.VOC'
FileManager: ignoring tiny external VOC placeholder 'C:\Users\canti\Documents\Codex\2026-07-31\cr\work\dunecity-tornie-1.0.524-23\build-test-win\bin\/data/HATTACK.VOC'
FileManager: ignoring tiny VOC placeholder 'HATTACK.VOC' from TORNIE.PAK
FileManager: ignoring tiny active-mod VOC placeholder 'C:\Users\canti\AppData\Roaming\DuneCity\mods/Jericho/data/HSABOT.VOC'
FileManager: ignoring tiny active-mod VOC placeholder 'C:\Users\canti\Documents\Codex\2026-07-31\cr\work\dunecity-tornie-1.0.524-23\build-test-win\bin\/mods/Jericho/data/HSABOT.VOC'
FileManager: ignoring tiny active-mod VOC placeholder 'C:\Users\canti\Documents\Codex\2026-07-31\cr\work\dunecity-tornie-1.0.524-23\build-test-win\bin\/../../mods/Jericho/data/HSABOT.VOC'
FileManager: ignoring tiny external VOC placeholder 'C:\Users\canti\Documents\Codex\2026-07-31\cr\work\dunecity-tornie-1.0.524-23\build-test-win\bin\/data/HSABOT.VOC'
FileManager: ignoring tiny VOC placeholder 'HSABOT.VOC' from TORNIE.PAK
FileManager: ignoring tiny active-mod VOC placeholder 'C:\Users\canti\AppData\Roaming\DuneCity\mods/Jericho/data/HMISSILE.VOC'
FileManager: ignoring tiny active-mod VOC placeholder 'C:\Users\canti\Documents\Codex\2026-07-31\cr\work\dunecity-tornie-1.0.524-23\build-test-win\bin\/mods/Jericho/data/HMISSILE.VOC'
FileManager: ignoring tiny active-mod VOC placeholder 'C:\Users\canti\Documents\Codex\2026-07-31\cr\work\dunecity-tornie-1.0.524-23\build-test-win\bin\/../../mods/Jericho/data/HMISSILE.VOC'
FileManager: ignoring tiny external VOC placeholder 'C:\Users\canti\Documents\Codex\2026-07-31\cr\work\dunecity-tornie-1.0.524-23\build-test-win\bin\/data/HMISSILE.VOC'
FileManager: ignoring tiny VOC placeholder 'HMISSILE.VOC' from TORNIE.PAK
FileManager: ignoring tiny active-mod VOC placeholder 'C:\Users\canti\AppData\Roaming\DuneCity\mods/Jericho/data/HAPPRCH.VOC'
FileManager: ignoring tiny active-mod VOC placeholder 'C:\Users\canti\Documents\Codex\2026-07-31\cr\work\dunecity-tornie-1.0.524-23\build-test-win\bin\/mods/Jericho/data/HAPPRCH.VOC'
FileManager: ignoring tiny active-mod VOC placeholder 'C:\Users\canti\Documents\Codex\2026-07-31\cr\work\dunecity-tornie-1.0.524-23\build-test-win\bin\/../../mods/Jericho/data/HAPPRCH.VOC'
FileManager: ignoring tiny external VOC placeholder 'C:\Users\canti\Documents\Codex\2026-07-31\cr\work\dunecity-tornie-1.0.524-23\build-test-win\bin\/data/HAPPRCH.VOC'
FileManager: ignoring tiny VOC placeholder 'HAPPRCH.VOC' from TORNIE.PAK
FileManager: ignoring tiny active-mod VOC placeholder 'C:\Users\canti\AppData\Roaming\DuneCity\mods/Jericho/data/AHARVEST.VOC'
FileManager: ignoring tiny active-mod VOC placeholder 'C:\Users\canti\Documents\Codex\2026-07-31\cr\work\dunecity-tornie-1.0.524-23\build-test-win\bin\/mods/Jericho/data/AHARVEST.VOC'
FileManager: ignoring tiny active-mod VOC placeholder 'C:\Users\canti\Documents\Codex\2026-07-31\cr\work\dunecity-tornie-1.0.524-23\build-test-win\bin\/../../mods/Jericho/data/AHARVEST.VOC'
FileManager: ignoring tiny external VOC placeholder 'C:\Users\canti\Documents\Codex\2026-07-31\cr\work\dunecity-tornie-1.0.524-23\build-test-win\bin\/data/AHARVEST.VOC'
FileManager: ignoring tiny VOC placeholder 'AHARVEST.VOC' from TORNIE.PAK
FileManager: ignoring tiny active-mod VOC placeholder 'C:\Users\canti\AppData\Roaming\DuneCity\mods/Jericho/data/AUNIT.VOC'
FileManager: ignoring tiny active-mod VOC placeholder 'C:\Users\canti\Documents\Codex\2026-07-31\cr\work\dunecity-tornie-1.0.524-23\build-test-win\bin\/mods/Jericho/data/AUNIT.VOC'
FileManager: ignoring tiny active-mod VOC placeholder 'C:\Users\canti\Documents\Codex\2026-07-31\cr\work\dunecity-tornie-1.0.524-23\build-test-win\bin\/../../mods/Jericho/data/AUNIT.VOC'
FileManager: ignoring tiny external VOC placeholder 'C:\Users\canti\Documents\Codex\2026-07-31\cr\work\dunecity-tornie-1.0.524-23\build-test-win\bin\/data/AUNIT.VOC'
FileManager: ignoring tiny VOC placeholder 'AUNIT.VOC' from TORNIE.PAK
FileManager: ignoring tiny active-mod VOC placeholder 'C:\Users\canti\AppData\Roaming\DuneCity\mods/Jericho/data/ADEPLOY.VOC'
FileManager: ignoring tiny active-mod VOC placeholder 'C:\Users\canti\Documents\Codex\2026-07-31\cr\work\dunecity-tornie-1.0.524-23\build-test-win\bin\/mods/Jericho/data/ADEPLOY.VOC'
FileManager: ignoring tiny active-mod VOC placeholder 'C:\Users\canti\Documents\Codex\2026-07-31\cr\work\dunecity-tornie-1.0.524-23\build-test-win\bin\/../../mods/Jericho/data/ADEPLOY.VOC'
FileManager: ignoring tiny external VOC placeholder 'C:\Users\canti\Documents\Codex\2026-07-31\cr\work\dunecity-tornie-1.0.524-23\build-test-win\bin\/data/ADEPLOY.VOC'
FileManager: ignoring tiny VOC placeholder 'ADEPLOY.VOC' from TORNIE.PAK
FileManager: ignoring tiny active-mod VOC placeholder 'C:\Users\canti\AppData\Roaming\DuneCity\mods/Jericho/data/ALAUNCH.VOC'
FileManager: ignoring tiny active-mod VOC placeholder 'C:\Users\canti\Documents\Codex\2026-07-31\cr\work\dunecity-tornie-1.0.524-23\build-test-win\bin\/mods/Jericho/data/ALAUNCH.VOC'
FileManager: ignoring tiny active-mod VOC placeholder 'C:\Users\canti\Documents\Codex\2026-07-31\cr\work\dunecity-tornie-1.0.524-23\build-test-win\bin\/../../mods/Jericho/data/ALAUNCH.VOC'
FileManager: ignoring tiny external VOC placeholder 'C:\Users\canti\Documents\Codex\2026-07-31\cr\work\dunecity-tornie-1.0.524-23\build-test-win\bin\/data/ALAUNCH.VOC'
FileManager: ignoring tiny VOC placeholder 'ALAUNCH.VOC' from TORNIE.PAK
FileManager: ignoring tiny active-mod VOC placeholder 'C:\Users\canti\AppData\Roaming\DuneCity\mods/Jericho/data/ACONST.VOC'
FileManager: ignoring tiny active-mod VOC placeholder 'C:\Users\canti\Documents\Codex\2026-07-31\cr\work\dunecity-tornie-1.0.524-23\build-test-win\bin\/mods/Jericho/data/ACONST.VOC'
FileManager: ignoring tiny active-mod VOC placeholder 'C:\Users\canti\Documents\Codex\2026-07-31\cr\work\dunecity-tornie-1.0.524-23\build-test-win\bin\/../../mods/Jericho/data/ACONST.VOC'
FileManager: ignoring tiny external VOC placeholder 'C:\Users\canti\Documents\Codex\2026-07-31\cr\work\dunecity-tornie-1.0.524-23\build-test-win\bin\/data/ACONST.VOC'
FileManager: ignoring tiny VOC placeholder 'ACONST.VOC' from TORNIE.PAK
FileManager: ignoring tiny active-mod VOC placeholder 'C:\Users\canti\AppData\Roaming\DuneCity\mods/Jericho/data/AVEHICLE.VOC'
FileManager: ignoring tiny active-mod VOC placeholder 'C:\Users\canti\Documents\Codex\2026-07-31\cr\work\dunecity-tornie-1.0.524-23\build-test-win\bin\/mods/Jericho/data/AVEHICLE.VOC'
FileManager: ignoring tiny active-mod VOC placeholder 'C:\Users\canti\Documents\Codex\2026-07-31\cr\work\dunecity-tornie-1.0.524-23\build-test-win\bin\/../../mods/Jericho/data/AVEHICLE.VOC'
FileManager: ignoring tiny external VOC placeholder 'C:\Users\canti\Documents\Codex\2026-07-31\cr\work\dunecity-tornie-1.0.524-23\build-test-win\bin\/data/AVEHICLE.VOC'
FileManager: ignoring tiny VOC placeholder 'AVEHICLE.VOC' from TORNIE.PAK
FileManager: ignoring tiny active-mod VOC placeholder 'C:\Users\canti\AppData\Roaming\DuneCity\mods/Jericho/data/AREPAIR.VOC'
FileManager: ignoring tiny active-mod VOC placeholder 'C:\Users\canti\Documents\Codex\2026-07-31\cr\work\dunecity-tornie-1.0.524-23\build-test-win\bin\/mods/Jericho/data/AREPAIR.VOC'
FileManager: ignoring tiny active-mod VOC placeholder 'C:\Users\canti\Documents\Codex\2026-07-31\cr\work\dunecity-tornie-1.0.524-23\build-test-win\bin\/../../mods/Jericho/data/AREPAIR.VOC'
FileManager: ignoring tiny external VOC placeholder 'C:\Users\canti\Documents\Codex\2026-07-31\cr\work\dunecity-tornie-1.0.524-23\build-test-win\bin\/data/AREPAIR.VOC'
FileManager: ignoring tiny VOC placeholder 'AREPAIR.VOC' from TORNIE.PAK
FileManager: ignoring tiny active-mod VOC placeholder 'C:\Users\canti\AppData\Roaming\DuneCity\mods/Jericho/data/AFRIGATE.VOC'
FileManager: ignoring tiny active-mod VOC placeholder 'C:\Users\canti\Documents\Codex\2026-07-31\cr\work\dunecity-tornie-1.0.524-23\build-test-win\bin\/mods/Jericho/data/AFRIGATE.VOC'
FileManager: ignoring tiny active-mod VOC placeholder 'C:\Users\canti\Documents\Codex\2026-07-31\cr\work\dunecity-tornie-1.0.524-23\build-test-win\bin\/../../mods/Jericho/data/AFRIGATE.VOC'
FileManager: ignoring tiny external VOC placeholder 'C:\Users\canti\Documents\Codex\2026-07-31\cr\work\dunecity-tornie-1.0.524-23\build-test-win\bin\/data/AFRIGATE.VOC'
FileManager: ignoring tiny VOC placeholder 'AFRIGATE.VOC' from TORNIE.PAK
FileManager: ignoring tiny active-mod VOC placeholder 'C:\Users\canti\AppData\Roaming\DuneCity\mods/Jericho/data/AARRIVE.VOC'
FileManager: ignoring tiny active-mod VOC placeholder 'C:\Users\canti\Documents\Codex\2026-07-31\cr\work\dunecity-tornie-1.0.524-23\build-test-win\bin\/mods/Jericho/data/AARRIVE.VOC'
FileManager: ignoring tiny active-mod VOC placeholder 'C:\Users\canti\Documents\Codex\2026-07-31\cr\work\dunecity-tornie-1.0.524-23\build-test-win\bin\/../../mods/Jericho/data/AARRIVE.VOC'
FileManager: ignoring tiny external VOC placeholder 'C:\Users\canti\Documents\Codex\2026-07-31\cr\work\dunecity-tornie-1.0.524-23\build-test-win\bin\/data/AARRIVE.VOC'
FileManager: ignoring tiny VOC placeholder 'AARRIVE.VOC' from TORNIE.PAK
FileManager: ignoring tiny active-mod VOC placeholder 'C:\Users\canti\AppData\Roaming\DuneCity\mods/Jericho/data/AWIN.VOC'
FileManager: ignoring tiny active-mod VOC placeholder 'C:\Users\canti\Documents\Codex\2026-07-31\cr\work\dunecity-tornie-1.0.524-23\build-test-win\bin\/mods/Jericho/data/AWIN.VOC'
FileManager: ignoring tiny active-mod VOC placeholder 'C:\Users\canti\Documents\Codex\2026-07-31\cr\work\dunecity-tornie-1.0.524-23\build-test-win\bin\/../../mods/Jericho/data/AWIN.VOC'
FileManager: ignoring tiny external VOC placeholder 'C:\Users\canti\Documents\Codex\2026-07-31\cr\work\dunecity-tornie-1.0.524-23\build-test-win\bin\/data/AWIN.VOC'
FileManager: ignoring tiny VOC placeholder 'AWIN.VOC' from TORNIE.PAK
FileManager: ignoring tiny active-mod VOC placeholder 'C:\Users\canti\AppData\Roaming\DuneCity\mods/Jericho/data/ALOSE.VOC'
FileManager: ignoring tiny active-mod VOC placeholder 'C:\Users\canti\Documents\Codex\2026-07-31\cr\work\dunecity-tornie-1.0.524-23\build-test-win\bin\/mods/Jericho/data/ALOSE.VOC'
FileManager: ignoring tiny active-mod VOC placeholder 'C:\Users\canti\Documents\Codex\2026-07-31\cr\work\dunecity-tornie-1.0.524-23\build-test-win\bin\/../../mods/Jericho/data/ALOSE.VOC'
FileManager: ignoring tiny external VOC placeholder 'C:\Users\canti\Documents\Codex\2026-07-31\cr\work\dunecity-tornie-1.0.524-23\build-test-win\bin\/data/ALOSE.VOC'
FileManager: ignoring tiny VOC placeholder 'ALOSE.VOC' from TORNIE.PAK
FileManager: ignoring tiny active-mod VOC placeholder 'C:\Users\canti\AppData\Roaming\DuneCity\mods/Jericho/data/ARADAR.VOC'
FileManager: ignoring tiny active-mod VOC placeholder 'C:\Users\canti\Documents\Codex\2026-07-31\cr\work\dunecity-tornie-1.0.524-23\build-test-win\bin\/mods/Jericho/data/ARADAR.VOC'
FileManager: ignoring tiny active-mod VOC placeholder 'C:\Users\canti\Documents\Codex\2026-07-31\cr\work\dunecity-tornie-1.0.524-23\build-test-win\bin\/../../mods/Jericho/data/ARADAR.VOC'
FileManager: ignoring tiny external VOC placeholder 'C:\Users\canti\Documents\Codex\2026-07-31\cr\work\dunecity-tornie-1.0.524-23\build-test-win\bin\/data/ARADAR.VOC'
FileManager: ignoring tiny VOC placeholder 'ARADAR.VOC' from TORNIE.PAK
FileManager: ignoring tiny active-mod VOC placeholder 'C:\Users\canti\AppData\Roaming\DuneCity\mods/Jericho/data/AON.VOC'
FileManager: ignoring tiny active-mod VOC placeholder 'C:\Users\canti\Documents\Codex\2026-07-31\cr\work\dunecity-tornie-1.0.524-23\build-test-win\bin\/mods/Jericho/data/AON.VOC'
FileManager: ignoring tiny active-mod VOC placeholder 'C:\Users\canti\Documents\Codex\2026-07-31\cr\work\dunecity-tornie-1.0.524-23\build-test-win\bin\/../../mods/Jericho/data/AON.VOC'
FileManager: ignoring tiny external VOC placeholder 'C:\Users\canti\Documents\Codex\2026-07-31\cr\work\dunecity-tornie-1.0.524-23\build-test-win\bin\/data/AON.VOC'
FileManager: ignoring tiny VOC placeholder 'AON.VOC' from TORNIE.PAK
FileManager: ignoring tiny active-mod VOC placeholder 'C:\Users\canti\AppData\Roaming\DuneCity\mods/Jericho/data/AOFF.VOC'
FileManager: ignoring tiny active-mod VOC placeholder 'C:\Users\canti\Documents\Codex\2026-07-31\cr\work\dunecity-tornie-1.0.524-23\build-test-win\bin\/mods/Jericho/data/AOFF.VOC'
FileManager: ignoring tiny active-mod VOC placeholder 'C:\Users\canti\Documents\Codex\2026-07-31\cr\work\dunecity-tornie-1.0.524-23\build-test-win\bin\/../../mods/Jericho/data/AOFF.VOC'
FileManager: ignoring tiny external VOC placeholder 'C:\Users\canti\Documents\Codex\2026-07-31\cr\work\dunecity-tornie-1.0.524-23\build-test-win\bin\/data/AOFF.VOC'
FileManager: ignoring tiny VOC placeholder 'AOFF.VOC' from TORNIE.PAK
FileManager: ignoring tiny active-mod VOC placeholder 'C:\Users\canti\AppData\Roaming\DuneCity\mods/Jericho/data/ABLOOM.VOC'
FileManager: ignoring tiny active-mod VOC placeholder 'C:\Users\canti\Documents\Codex\2026-07-31\cr\work\dunecity-tornie-1.0.524-23\build-test-win\bin\/mods/Jericho/data/ABLOOM.VOC'
FileManager: ignoring tiny active-mod VOC placeholder 'C:\Users\canti\Documents\Codex\2026-07-31\cr\work\dunecity-tornie-1.0.524-23\build-test-win\bin\/../../mods/Jericho/data/ABLOOM.VOC'
FileManager: ignoring tiny external VOC placeholder 'C:\Users\canti\Documents\Codex\2026-07-31\cr\work\dunecity-tornie-1.0.524-23\build-test-win\bin\/data/ABLOOM.VOC'
FileManager: ignoring tiny VOC placeholder 'ABLOOM.VOC' from TORNIE.PAK
FileManager: ignoring tiny active-mod VOC placeholder 'C:\Users\canti\AppData\Roaming\DuneCity\mods/Jericho/data/ALOCATED.VOC'
FileManager: ignoring tiny active-mod VOC placeholder 'C:\Users\canti\Documents\Codex\2026-07-31\cr\work\dunecity-tornie-1.0.524-23\build-test-win\bin\/mods/Jericho/data/ALOCATED.VOC'
FileManager: ignoring tiny active-mod VOC placeholder 'C:\Users\canti\Documents\Codex\2026-07-31\cr\work\dunecity-tornie-1.0.524-23\build-test-win\bin\/../../mods/Jericho/data/ALOCATED.VOC'
FileManager: ignoring tiny external VOC placeholder 'C:\Users\canti\Documents\Codex\2026-07-31\cr\work\dunecity-tornie-1.0.524-23\build-test-win\bin\/data/ALOCATED.VOC'
FileManager: ignoring tiny VOC placeholder 'ALOCATED.VOC' from TORNIE.PAK
FileManager: ignoring tiny active-mod VOC placeholder 'C:\Users\canti\AppData\Roaming\DuneCity\mods/Jericho/data/AWARNING.VOC'
FileManager: ignoring tiny active-mod VOC placeholder 'C:\Users\canti\Documents\Codex\2026-07-31\cr\work\dunecity-tornie-1.0.524-23\build-test-win\bin\/mods/Jericho/data/AWARNING.VOC'
FileManager: ignoring tiny active-mod VOC placeholder 'C:\Users\canti\Documents\Codex\2026-07-31\cr\work\dunecity-tornie-1.0.524-23\build-test-win\bin\/../../mods/Jericho/data/AWARNING.VOC'
FileManager: ignoring tiny external VOC placeholder 'C:\Users\canti\Documents\Codex\2026-07-31\cr\work\dunecity-tornie-1.0.524-23\build-test-win\bin\/data/AWARNING.VOC'
FileManager: ignoring tiny VOC placeholder 'AWARNING.VOC' from TORNIE.PAK
FileManager: ignoring tiny active-mod VOC placeholder 'C:\Users\canti\AppData\Roaming\DuneCity\mods/Jericho/data/AWORMY.VOC'
FileManager: ignoring tiny active-mod VOC placeholder 'C:\Users\canti\Documents\Codex\2026-07-31\cr\work\dunecity-tornie-1.0.524-23\build-test-win\bin\/mods/Jericho/data/AWORMY.VOC'
FileManager: ignoring tiny active-mod VOC placeholder 'C:\Users\canti\Documents\Codex\2026-07-31\cr\work\dunecity-tornie-1.0.524-23\build-test-win\bin\/../../mods/Jericho/data/AWORMY.VOC'
FileManager: ignoring tiny external VOC placeholder 'C:\Users\canti\Documents\Codex\2026-07-31\cr\work\dunecity-tornie-1.0.524-23\build-test-win\bin\/data/AWORMY.VOC'
FileManager: ignoring tiny VOC placeholder 'AWORMY.VOC' from TORNIE.PAK
FileManager: ignoring tiny active-mod VOC placeholder 'C:\Users\canti\AppData\Roaming\DuneCity\mods/Jericho/data/AATTACK.VOC'
FileManager: ignoring tiny active-mod VOC placeholder 'C:\Users\canti\Documents\Codex\2026-07-31\cr\work\dunecity-tornie-1.0.524-23\build-test-win\bin\/mods/Jericho/data/AATTACK.VOC'
FileManager: ignoring tiny active-mod VOC placeholder 'C:\Users\canti\Documents\Codex\2026-07-31\cr\work\dunecity-tornie-1.0.524-23\build-test-win\bin\/../../mods/Jericho/data/AATTACK.VOC'
FileManager: ignoring tiny external VOC placeholder 'C:\Users\canti\Documents\Codex\2026-07-31\cr\work\dunecity-tornie-1.0.524-23\build-test-win\bin\/data/AATTACK.VOC'
FileManager: ignoring tiny VOC placeholder 'AATTACK.VOC' from TORNIE.PAK
FileManager: ignoring tiny active-mod VOC placeholder 'C:\Users\canti\AppData\Roaming\DuneCity\mods/Jericho/data/ASABOT.VOC'
FileManager: ignoring tiny active-mod VOC placeholder 'C:\Users\canti\Documents\Codex\2026-07-31\cr\work\dunecity-tornie-1.0.524-23\build-test-win\bin\/mods/Jericho/data/ASABOT.VOC'
FileManager: ignoring tiny active-mod VOC placeholder 'C:\Users\canti\Documents\Codex\2026-07-31\cr\work\dunecity-tornie-1.0.524-23\build-test-win\bin\/../../mods/Jericho/data/ASABOT.VOC'
FileManager: ignoring tiny external VOC placeholder 'C:\Users\canti\Documents\Codex\2026-07-31\cr\work\dunecity-tornie-1.0.524-23\build-test-win\bin\/data/ASABOT.VOC'
FileManager: ignoring tiny VOC placeholder 'ASABOT.VOC' from TORNIE.PAK
FileManager: ignoring tiny active-mod VOC placeholder 'C:\Users\canti\AppData\Roaming\DuneCity\mods/Jericho/data/AMISSILE.VOC'
FileManager: ignoring tiny active-mod VOC placeholder 'C:\Users\canti\Documents\Codex\2026-07-31\cr\work\dunecity-tornie-1.0.524-23\build-test-win\bin\/mods/Jericho/data/AMISSILE.VOC'
FileManager: ignoring tiny active-mod VOC placeholder 'C:\Users\canti\Documents\Codex\2026-07-31\cr\work\dunecity-tornie-1.0.524-23\build-test-win\bin\/../../mods/Jericho/data/AMISSILE.VOC'
FileManager: ignoring tiny external VOC placeholder 'C:\Users\canti\Documents\Codex\2026-07-31\cr\work\dunecity-tornie-1.0.524-23\build-test-win\bin\/data/AMISSILE.VOC'
FileManager: ignoring tiny VOC placeholder 'AMISSILE.VOC' from TORNIE.PAK
FileManager: ignoring tiny active-mod VOC placeholder 'C:\Users\canti\AppData\Roaming\DuneCity\mods/Jericho/data/AAPPRCH.VOC'
FileManager: ignoring tiny active-mod VOC placeholder 'C:\Users\canti\Documents\Codex\2026-07-31\cr\work\dunecity-tornie-1.0.524-23\build-test-win\bin\/mods/Jericho/data/AAPPRCH.VOC'
FileManager: ignoring tiny active-mod VOC placeholder 'C:\Users\canti\Documents\Codex\2026-07-31\cr\work\dunecity-tornie-1.0.524-23\build-test-win\bin\/../../mods/Jericho/data/AAPPRCH.VOC'
FileManager: ignoring tiny external VOC placeholder 'C:\Users\canti\Documents\Codex\2026-07-31\cr\work\dunecity-tornie-1.0.524-23\build-test-win\bin\/data/AAPPRCH.VOC'
FileManager: ignoring tiny VOC placeholder 'AAPPRCH.VOC' from TORNIE.PAK
FileManager: ignoring tiny active-mod VOC placeholder 'C:\Users\canti\AppData\Roaming\DuneCity\mods/Jericho/data/OHARVEST.VOC'
FileManager: ignoring tiny active-mod VOC placeholder 'C:\Users\canti\Documents\Codex\2026-07-31\cr\work\dunecity-tornie-1.0.524-23\build-test-win\bin\/mods/Jericho/data/OHARVEST.VOC'
FileManager: ignoring tiny active-mod VOC placeholder 'C:\Users\canti\Documents\Codex\2026-07-31\cr\work\dunecity-tornie-1.0.524-23\build-test-win\bin\/../../mods/Jericho/data/OHARVEST.VOC'
FileManager: ignoring tiny external VOC placeholder 'C:\Users\canti\Documents\Codex\2026-07-31\cr\work\dunecity-tornie-1.0.524-23\build-test-win\bin\/data/OHARVEST.VOC'
FileManager: ignoring tiny VOC placeholder 'OHARVEST.VOC' from TORNIE.PAK
FileManager: ignoring tiny active-mod VOC placeholder 'C:\Users\canti\AppData\Roaming\DuneCity\mods/Jericho/data/OUNIT.VOC'
FileManager: ignoring tiny active-mod VOC placeholder 'C:\Users\canti\Documents\Codex\2026-07-31\cr\work\dunecity-tornie-1.0.524-23\build-test-win\bin\/mods/Jericho/data/OUNIT.VOC'
FileManager: ignoring tiny active-mod VOC placeholder 'C:\Users\canti\Documents\Codex\2026-07-31\cr\work\dunecity-tornie-1.0.524-23\build-test-win\bin\/../../mods/Jericho/data/OUNIT.VOC'
FileManager: ignoring tiny external VOC placeholder 'C:\Users\canti\Documents\Codex\2026-07-31\cr\work\dunecity-tornie-1.0.524-23\build-test-win\bin\/data/OUNIT.VOC'
FileManager: ignoring tiny VOC placeholder 'OUNIT.VOC' from TORNIE.PAK
FileManager: ignoring tiny active-mod VOC placeholder 'C:\Users\canti\AppData\Roaming\DuneCity\mods/Jericho/data/ODEPLOY.VOC'
FileManager: ignoring tiny active-mod VOC placeholder 'C:\Users\canti\Documents\Codex\2026-07-31\cr\work\dunecity-tornie-1.0.524-23\build-test-win\bin\/mods/Jericho/data/ODEPLOY.VOC'
FileManager: ignoring tiny active-mod VOC placeholder 'C:\Users\canti\Documents\Codex\2026-07-31\cr\work\dunecity-tornie-1.0.524-23\build-test-win\bin\/../../mods/Jericho/data/ODEPLOY.VOC'
FileManager: ignoring tiny external VOC placeholder 'C:\Users\canti\Documents\Codex\2026-07-31\cr\work\dunecity-tornie-1.0.524-23\build-test-win\bin\/data/ODEPLOY.VOC'
FileManager: ignoring tiny VOC placeholder 'ODEPLOY.VOC' from TORNIE.PAK
FileManager: ignoring tiny active-mod VOC placeholder 'C:\Users\canti\AppData\Roaming\DuneCity\mods/Jericho/data/OLAUNCH.VOC'
FileManager: ignoring tiny active-mod VOC placeholder 'C:\Users\canti\Documents\Codex\2026-07-31\cr\work\dunecity-tornie-1.0.524-23\build-test-win\bin\/mods/Jericho/data/OLAUNCH.VOC'
FileManager: ignoring tiny active-mod VOC placeholder 'C:\Users\canti\Documents\Codex\2026-07-31\cr\work\dunecity-tornie-1.0.524-23\build-test-win\bin\/../../mods/Jericho/data/OLAUNCH.VOC'
FileManager: ignoring tiny external VOC placeholder 'C:\Users\canti\Documents\Codex\2026-07-31\cr\work\dunecity-tornie-1.0.524-23\build-test-win\bin\/data/OLAUNCH.VOC'
FileManager: ignoring tiny VOC placeholder 'OLAUNCH.VOC' from TORNIE.PAK
FileManager: ignoring tiny active-mod VOC placeholder 'C:\Users\canti\AppData\Roaming\DuneCity\mods/Jericho/data/OCONST.VOC'
FileManager: ignoring tiny active-mod VOC placeholder 'C:\Users\canti\Documents\Codex\2026-07-31\cr\work\dunecity-tornie-1.0.524-23\build-test-win\bin\/mods/Jericho/data/OCONST.VOC'
FileManager: ignoring tiny active-mod VOC placeholder 'C:\Users\canti\Documents\Codex\2026-07-31\cr\work\dunecity-tornie-1.0.524-23\build-test-win\bin\/../../mods/Jericho/data/OCONST.VOC'
FileManager: ignoring tiny external VOC placeholder 'C:\Users\canti\Documents\Codex\2026-07-31\cr\work\dunecity-tornie-1.0.524-23\build-test-win\bin\/data/OCONST.VOC'
FileManager: ignoring tiny VOC placeholder 'OCONST.VOC' from TORNIE.PAK
FileManager: ignoring tiny active-mod VOC placeholder 'C:\Users\canti\AppData\Roaming\DuneCity\mods/Jericho/data/OVEHICLE.VOC'
FileManager: ignoring tiny active-mod VOC placeholder 'C:\Users\canti\Documents\Codex\2026-07-31\cr\work\dunecity-tornie-1.0.524-23\build-test-win\bin\/mods/Jericho/data/OVEHICLE.VOC'
FileManager: ignoring tiny active-mod VOC placeholder 'C:\Users\canti\Documents\Codex\2026-07-31\cr\work\dunecity-tornie-1.0.524-23\build-test-win\bin\/../../mods/Jericho/data/OVEHICLE.VOC'
FileManager: ignoring tiny external VOC placeholder 'C:\Users\canti\Documents\Codex\2026-07-31\cr\work\dunecity-tornie-1.0.524-23\build-test-win\bin\/data/OVEHICLE.VOC'
FileManager: ignoring tiny VOC placeholder 'OVEHICLE.VOC' from TORNIE.PAK
FileManager: ignoring tiny active-mod VOC placeholder 'C:\Users\canti\AppData\Roaming\DuneCity\mods/Jericho/data/OREPAIR.VOC'
FileManager: ignoring tiny active-mod VOC placeholder 'C:\Users\canti\Documents\Codex\2026-07-31\cr\work\dunecity-tornie-1.0.524-23\build-test-win\bin\/mods/Jericho/data/OREPAIR.VOC'
FileManager: ignoring tiny active-mod VOC placeholder 'C:\Users\canti\Documents\Codex\2026-07-31\cr\work\dunecity-tornie-1.0.524-23\build-test-win\bin\/../../mods/Jericho/data/OREPAIR.VOC'
FileManager: ignoring tiny external VOC placeholder 'C:\Users\canti\Documents\Codex\2026-07-31\cr\work\dunecity-tornie-1.0.524-23\build-test-win\bin\/data/OREPAIR.VOC'
FileManager: ignoring tiny VOC placeholder 'OREPAIR.VOC' from TORNIE.PAK
FileManager: ignoring tiny active-mod VOC placeholder 'C:\Users\canti\AppData\Roaming\DuneCity\mods/Jericho/data/OFRIGATE.VOC'
FileManager: ignoring tiny active-mod VOC placeholder 'C:\Users\canti\Documents\Codex\2026-07-31\cr\work\dunecity-tornie-1.0.524-23\build-test-win\bin\/mods/Jericho/data/OFRIGATE.VOC'
FileManager: ignoring tiny active-mod VOC placeholder 'C:\Users\canti\Documents\Codex\2026-07-31\cr\work\dunecity-tornie-1.0.524-23\build-test-win\bin\/../../mods/Jericho/data/OFRIGATE.VOC'
FileManager: ignoring tiny external VOC placeholder 'C:\Users\canti\Documents\Codex\2026-07-31\cr\work\dunecity-tornie-1.0.524-23\build-test-win\bin\/data/OFRIGATE.VOC'
FileManager: ignoring tiny VOC placeholder 'OFRIGATE.VOC' from TORNIE.PAK
FileManager: ignoring tiny active-mod VOC placeholder 'C:\Users\canti\AppData\Roaming\DuneCity\mods/Jericho/data/OARRIVE.VOC'
FileManager: ignoring tiny active-mod VOC placeholder 'C:\Users\canti\Documents\Codex\2026-07-31\cr\work\dunecity-tornie-1.0.524-23\build-test-win\bin\/mods/Jericho/data/OARRIVE.VOC'
FileManager: ignoring tiny active-mod VOC placeholder 'C:\Users\canti\Documents\Codex\2026-07-31\cr\work\dunecity-tornie-1.0.524-23\build-test-win\bin\/../../mods/Jericho/data/OARRIVE.VOC'
FileManager: ignoring tiny external VOC placeholder 'C:\Users\canti\Documents\Codex\2026-07-31\cr\work\dunecity-tornie-1.0.524-23\build-test-win\bin\/data/OARRIVE.VOC'
FileManager: ignoring tiny VOC placeholder 'OARRIVE.VOC' from TORNIE.PAK
FileManager: ignoring tiny active-mod VOC placeholder 'C:\Users\canti\AppData\Roaming\DuneCity\mods/Jericho/data/OWIN.VOC'
FileManager: ignoring tiny active-mod VOC placeholder 'C:\Users\canti\Documents\Codex\2026-07-31\cr\work\dunecity-tornie-1.0.524-23\build-test-win\bin\/mods/Jericho/data/OWIN.VOC'
FileManager: ignoring tiny active-mod VOC placeholder 'C:\Users\canti\Documents\Codex\2026-07-31\cr\work\dunecity-tornie-1.0.524-23\build-test-win\bin\/../../mods/Jericho/data/OWIN.VOC'
FileManager: ignoring tiny external VOC placeholder 'C:\Users\canti\Documents\Codex\2026-07-31\cr\work\dunecity-tornie-1.0.524-23\build-test-win\bin\/data/OWIN.VOC'
FileManager: ignoring tiny VOC placeholder 'OWIN.VOC' from TORNIE.PAK
FileManager: ignoring tiny active-mod VOC placeholder 'C:\Users\canti\AppData\Roaming\DuneCity\mods/Jericho/data/OLOSE.VOC'
FileManager: ignoring tiny active-mod VOC placeholder 'C:\Users\canti\Documents\Codex\2026-07-31\cr\work\dunecity-tornie-1.0.524-23\build-test-win\bin\/mods/Jericho/data/OLOSE.VOC'
FileManager: ignoring tiny active-mod VOC placeholder 'C:\Users\canti\Documents\Codex\2026-07-31\cr\work\dunecity-tornie-1.0.524-23\build-test-win\bin\/../../mods/Jericho/data/OLOSE.VOC'
FileManager: ignoring tiny external VOC placeholder 'C:\Users\canti\Documents\Codex\2026-07-31\cr\work\dunecity-tornie-1.0.524-23\build-test-win\bin\/data/OLOSE.VOC'
FileManager: ignoring tiny VOC placeholder 'OLOSE.VOC' from TORNIE.PAK
FileManager: ignoring tiny active-mod VOC placeholder 'C:\Users\canti\AppData\Roaming\DuneCity\mods/Jericho/data/ORADAR.VOC'
FileManager: ignoring tiny active-mod VOC placeholder 'C:\Users\canti\Documents\Codex\2026-07-31\cr\work\dunecity-tornie-1.0.524-23\build-test-win\bin\/mods/Jericho/data/ORADAR.VOC'
FileManager: ignoring tiny active-mod VOC placeholder 'C:\Users\canti\Documents\Codex\2026-07-31\cr\work\dunecity-tornie-1.0.524-23\build-test-win\bin\/../../mods/Jericho/data/ORADAR.VOC'
FileManager: ignoring tiny external VOC placeholder 'C:\Users\canti\Documents\Codex\2026-07-31\cr\work\dunecity-tornie-1.0.524-23\build-test-win\bin\/data/ORADAR.VOC'
FileManager: ignoring tiny VOC placeholder 'ORADAR.VOC' from TORNIE.PAK
FileManager: ignoring tiny active-mod VOC placeholder 'C:\Users\canti\AppData\Roaming\DuneCity\mods/Jericho/data/OON.VOC'
FileManager: ignoring tiny active-mod VOC placeholder 'C:\Users\canti\Documents\Codex\2026-07-31\cr\work\dunecity-tornie-1.0.524-23\build-test-win\bin\/mods/Jericho/data/OON.VOC'
FileManager: ignoring tiny active-mod VOC placeholder 'C:\Users\canti\Documents\Codex\2026-07-31\cr\work\dunecity-tornie-1.0.524-23\build-test-win\bin\/../../mods/Jericho/data/OON.VOC'
FileManager: ignoring tiny external VOC placeholder 'C:\Users\canti\Documents\Codex\2026-07-31\cr\work\dunecity-tornie-1.0.524-23\build-test-win\bin\/data/OON.VOC'
FileManager: ignoring tiny VOC placeholder 'OON.VOC' from TORNIE.PAK
FileManager: ignoring tiny active-mod VOC placeholder 'C:\Users\canti\AppData\Roaming\DuneCity\mods/Jericho/data/OOFF.VOC'
FileManager: ignoring tiny active-mod VOC placeholder 'C:\Users\canti\Documents\Codex\2026-07-31\cr\work\dunecity-tornie-1.0.524-23\build-test-win\bin\/mods/Jericho/data/OOFF.VOC'
FileManager: ignoring tiny active-mod VOC placeholder 'C:\Users\canti\Documents\Codex\2026-07-31\cr\work\dunecity-tornie-1.0.524-23\build-test-win\bin\/../../mods/Jericho/data/OOFF.VOC'
FileManager: ignoring tiny external VOC placeholder 'C:\Users\canti\Documents\Codex\2026-07-31\cr\work\dunecity-tornie-1.0.524-23\build-test-win\bin\/data/OOFF.VOC'
FileManager: ignoring tiny VOC placeholder 'OOFF.VOC' from TORNIE.PAK
FileManager: ignoring tiny active-mod VOC placeholder 'C:\Users\canti\AppData\Roaming\DuneCity\mods/Jericho/data/OBLOOM.VOC'
FileManager: ignoring tiny active-mod VOC placeholder 'C:\Users\canti\Documents\Codex\2026-07-31\cr\work\dunecity-tornie-1.0.524-23\build-test-win\bin\/mods/Jericho/data/OBLOOM.VOC'
FileManager: ignoring tiny active-mod VOC placeholder 'C:\Users\canti\Documents\Codex\2026-07-31\cr\work\dunecity-tornie-1.0.524-23\build-test-win\bin\/../../mods/Jericho/data/OBLOOM.VOC'
FileManager: ignoring tiny external VOC placeholder 'C:\Users\canti\Documents\Codex\2026-07-31\cr\work\dunecity-tornie-1.0.524-23\build-test-win\bin\/data/OBLOOM.VOC'
FileManager: ignoring tiny VOC placeholder 'OBLOOM.VOC' from TORNIE.PAK
FileManager: ignoring tiny active-mod VOC placeholder 'C:\Users\canti\AppData\Roaming\DuneCity\mods/Jericho/data/OLOCATED.VOC'
FileManager: ignoring tiny active-mod VOC placeholder 'C:\Users\canti\Documents\Codex\2026-07-31\cr\work\dunecity-tornie-1.0.524-23\build-test-win\bin\/mods/Jericho/data/OLOCATED.VOC'
FileManager: ignoring tiny active-mod VOC placeholder 'C:\Users\canti\Documents\Codex\2026-07-31\cr\work\dunecity-tornie-1.0.524-23\build-test-win\bin\/../../mods/Jericho/data/OLOCATED.VOC'
FileManager: ignoring tiny external VOC placeholder 'C:\Users\canti\Documents\Codex\2026-07-31\cr\work\dunecity-tornie-1.0.524-23\build-test-win\bin\/data/OLOCATED.VOC'
FileManager: ignoring tiny VOC placeholder 'OLOCATED.VOC' from TORNIE.PAK
FileManager: ignoring tiny active-mod VOC placeholder 'C:\Users\canti\AppData\Roaming\DuneCity\mods/Jericho/data/OWARNING.VOC'
FileManager: ignoring tiny active-mod VOC placeholder 'C:\Users\canti\Documents\Codex\2026-07-31\cr\work\dunecity-tornie-1.0.524-23\build-test-win\bin\/mods/Jericho/data/OWARNING.VOC'
FileManager: ignoring tiny active-mod VOC placeholder 'C:\Users\canti\Documents\Codex\2026-07-31\cr\work\dunecity-tornie-1.0.524-23\build-test-win\bin\/../../mods/Jericho/data/OWARNING.VOC'
FileManager: ignoring tiny external VOC placeholder 'C:\Users\canti\Documents\Codex\2026-07-31\cr\work\dunecity-tornie-1.0.524-23\build-test-win\bin\/data/OWARNING.VOC'
FileManager: ignoring tiny VOC placeholder 'OWARNING.VOC' from TORNIE.PAK
FileManager: ignoring tiny active-mod VOC placeholder 'C:\Users\canti\AppData\Roaming\DuneCity\mods/Jericho/data/OWORMY.VOC'
FileManager: ignoring tiny active-mod VOC placeholder 'C:\Users\canti\Documents\Codex\2026-07-31\cr\work\dunecity-tornie-1.0.524-23\build-test-win\bin\/mods/Jericho/data/OWORMY.VOC'
FileManager: ignoring tiny active-mod VOC placeholder 'C:\Users\canti\Documents\Codex\2026-07-31\cr\work\dunecity-tornie-1.0.524-23\build-test-win\bin\/../../mods/Jericho/data/OWORMY.VOC'
FileManager: ignoring tiny external VOC placeholder 'C:\Users\canti\Documents\Codex\2026-07-31\cr\work\dunecity-tornie-1.0.524-23\build-test-win\bin\/data/OWORMY.VOC'
FileManager: ignoring tiny VOC placeholder 'OWORMY.VOC' from TORNIE.PAK
FileManager: ignoring tiny active-mod VOC placeholder 'C:\Users\canti\AppData\Roaming\DuneCity\mods/Jericho/data/OATTACK.VOC'
FileManager: ignoring tiny active-mod VOC placeholder 'C:\Users\canti\Documents\Codex\2026-07-31\cr\work\dunecity-tornie-1.0.524-23\build-test-win\bin\/mods/Jericho/data/OATTACK.VOC'
FileManager: ignoring tiny active-mod VOC placeholder 'C:\Users\canti\Documents\Codex\2026-07-31\cr\work\dunecity-tornie-1.0.524-23\build-test-win\bin\/../../mods/Jericho/data/OATTACK.VOC'
FileManager: ignoring tiny external VOC placeholder 'C:\Users\canti\Documents\Codex\2026-07-31\cr\work\dunecity-tornie-1.0.524-23\build-test-win\bin\/data/OATTACK.VOC'
FileManager: ignoring tiny VOC placeholder 'OATTACK.VOC' from TORNIE.PAK
FileManager: ignoring tiny active-mod VOC placeholder 'C:\Users\canti\AppData\Roaming\DuneCity\mods/Jericho/data/OSABOT.VOC'
FileManager: ignoring tiny active-mod VOC placeholder 'C:\Users\canti\Documents\Codex\2026-07-31\cr\work\dunecity-tornie-1.0.524-23\build-test-win\bin\/mods/Jericho/data/OSABOT.VOC'
FileManager: ignoring tiny active-mod VOC placeholder 'C:\Users\canti\Documents\Codex\2026-07-31\cr\work\dunecity-tornie-1.0.524-23\build-test-win\bin\/../../mods/Jericho/data/OSABOT.VOC'
FileManager: ignoring tiny external VOC placeholder 'C:\Users\canti\Documents\Codex\2026-07-31\cr\work\dunecity-tornie-1.0.524-23\build-test-win\bin\/data/OSABOT.VOC'
FileManager: ignoring tiny VOC placeholder 'OSABOT.VOC' from TORNIE.PAK
FileManager: ignoring tiny active-mod VOC placeholder 'C:\Users\canti\AppData\Roaming\DuneCity\mods/Jericho/data/OMISSILE.VOC'
FileManager: ignoring tiny active-mod VOC placeholder 'C:\Users\canti\Documents\Codex\2026-07-31\cr\work\dunecity-tornie-1.0.524-23\build-test-win\bin\/mods/Jericho/data/OMISSILE.VOC'
FileManager: ignoring tiny active-mod VOC placeholder 'C:\Users\canti\Documents\Codex\2026-07-31\cr\work\dunecity-tornie-1.0.524-23\build-test-win\bin\/../../mods/Jericho/data/OMISSILE.VOC'
FileManager: ignoring tiny external VOC placeholder 'C:\Users\canti\Documents\Codex\2026-07-31\cr\work\dunecity-tornie-1.0.524-23\build-test-win\bin\/data/OMISSILE.VOC'
FileManager: ignoring tiny VOC placeholder 'OMISSILE.VOC' from TORNIE.PAK
FileManager: ignoring tiny active-mod VOC placeholder 'C:\Users\canti\AppData\Roaming\DuneCity\mods/Jericho/data/OAPPRCH.VOC'
FileManager: ignoring tiny active-mod VOC placeholder 'C:\Users\canti\Documents\Codex\2026-07-31\cr\work\dunecity-tornie-1.0.524-23\build-test-win\bin\/mods/Jericho/data/OAPPRCH.VOC'
FileManager: ignoring tiny active-mod VOC placeholder 'C:\Users\canti\Documents\Codex\2026-07-31\cr\work\dunecity-tornie-1.0.524-23\build-test-win\bin\/../../mods/Jericho/data/OAPPRCH.VOC'
FileManager: ignoring tiny external VOC placeholder 'C:\Users\canti\Documents\Codex\2026-07-31\cr\work\dunecity-tornie-1.0.524-23\build-test-win\bin\/data/OAPPRCH.VOC'
FileManager: ignoring tiny VOC placeholder 'OAPPRCH.VOC' from TORNIE.PAK
FileManager: ignoring tiny active-mod VOC placeholder 'C:\Users\canti\AppData\Roaming\DuneCity\mods/Jericho/data/AHARVEST.VOC'
FileManager: ignoring tiny active-mod VOC placeholder 'C:\Users\canti\Documents\Codex\2026-07-31\cr\work\dunecity-tornie-1.0.524-23\build-test-win\bin\/mods/Jericho/data/AHARVEST.VOC'
FileManager: ignoring tiny active-mod VOC placeholder 'C:\Users\canti\Documents\Codex\2026-07-31\cr\work\dunecity-tornie-1.0.524-23\build-test-win\bin\/../../mods/Jericho/data/AHARVEST.VOC'
FileManager: ignoring tiny external VOC placeholder 'C:\Users\canti\Documents\Codex\2026-07-31\cr\work\dunecity-tornie-1.0.524-23\build-test-win\bin\/data/AHARVEST.VOC'
FileManager: ignoring tiny VOC placeholder 'AHARVEST.VOC' from TORNIE.PAK
FileManager: ignoring tiny active-mod VOC placeholder 'C:\Users\canti\AppData\Roaming\DuneCity\mods/Jericho/data/AUNIT.VOC'
FileManager: ignoring tiny active-mod VOC placeholder 'C:\Users\canti\Documents\Codex\2026-07-31\cr\work\dunecity-tornie-1.0.524-23\build-test-win\bin\/mods/Jericho/data/AUNIT.VOC'
FileManager: ignoring tiny active-mod VOC placeholder 'C:\Users\canti\Documents\Codex\2026-07-31\cr\work\dunecity-tornie-1.0.524-23\build-test-win\bin\/../../mods/Jericho/data/AUNIT.VOC'
FileManager: ignoring tiny external VOC placeholder 'C:\Users\canti\Documents\Codex\2026-07-31\cr\work\dunecity-tornie-1.0.524-23\build-test-win\bin\/data/AUNIT.VOC'
FileManager: ignoring tiny VOC placeholder 'AUNIT.VOC' from TORNIE.PAK
FileManager: ignoring tiny active-mod VOC placeholder 'C:\Users\canti\AppData\Roaming\DuneCity\mods/Jericho/data/ADEPLOY.VOC'
FileManager: ignoring tiny active-mod VOC placeholder 'C:\Users\canti\Documents\Codex\2026-07-31\cr\work\dunecity-tornie-1.0.524-23\build-test-win\bin\/mods/Jericho/data/ADEPLOY.VOC'
FileManager: ignoring tiny active-mod VOC placeholder 'C:\Users\canti\Documents\Codex\2026-07-31\cr\work\dunecity-tornie-1.0.524-23\build-test-win\bin\/../../mods/Jericho/data/ADEPLOY.VOC'
FileManager: ignoring tiny external VOC placeholder 'C:\Users\canti\Documents\Codex\2026-07-31\cr\work\dunecity-tornie-1.0.524-23\build-test-win\bin\/data/ADEPLOY.VOC'
FileManager: ignoring tiny VOC placeholder 'ADEPLOY.VOC' from TORNIE.PAK
FileManager: ignoring tiny active-mod VOC placeholder 'C:\Users\canti\AppData\Roaming\DuneCity\mods/Jericho/data/ALAUNCH.VOC'
FileManager: ignoring tiny active-mod VOC placeholder 'C:\Users\canti\Documents\Codex\2026-07-31\cr\work\dunecity-tornie-1.0.524-23\build-test-win\bin\/mods/Jericho/data/ALAUNCH.VOC'
FileManager: ignoring tiny active-mod VOC placeholder 'C:\Users\canti\Documents\Codex\2026-07-31\cr\work\dunecity-tornie-1.0.524-23\build-test-win\bin\/../../mods/Jericho/data/ALAUNCH.VOC'
FileManager: ignoring tiny external VOC placeholder 'C:\Users\canti\Documents\Codex\2026-07-31\cr\work\dunecity-tornie-1.0.524-23\build-test-win\bin\/data/ALAUNCH.VOC'
FileManager: ignoring tiny VOC placeholder 'ALAUNCH.VOC' from TORNIE.PAK
FileManager: ignoring tiny active-mod VOC placeholder 'C:\Users\canti\AppData\Roaming\DuneCity\mods/Jericho/data/ACONST.VOC'
FileManager: ignoring tiny active-mod VOC placeholder 'C:\Users\canti\Documents\Codex\2026-07-31\cr\work\dunecity-tornie-1.0.524-23\build-test-win\bin\/mods/Jericho/data/ACONST.VOC'
FileManager: ignoring tiny active-mod VOC placeholder 'C:\Users\canti\Documents\Codex\2026-07-31\cr\work\dunecity-tornie-1.0.524-23\build-test-win\bin\/../../mods/Jericho/data/ACONST.VOC'
FileManager: ignoring tiny external VOC placeholder 'C:\Users\canti\Documents\Codex\2026-07-31\cr\work\dunecity-tornie-1.0.524-23\build-test-win\bin\/data/ACONST.VOC'
FileManager: ignoring tiny VOC placeholder 'ACONST.VOC' from TORNIE.PAK
FileManager: ignoring tiny active-mod VOC placeholder 'C:\Users\canti\AppData\Roaming\DuneCity\mods/Jericho/data/AVEHICLE.VOC'
FileManager: ignoring tiny active-mod VOC placeholder 'C:\Users\canti\Documents\Codex\2026-07-31\cr\work\dunecity-tornie-1.0.524-23\build-test-win\bin\/mods/Jericho/data/AVEHICLE.VOC'
FileManager: ignoring tiny active-mod VOC placeholder 'C:\Users\canti\Documents\Codex\2026-07-31\cr\work\dunecity-tornie-1.0.524-23\build-test-win\bin\/../../mods/Jericho/data/AVEHICLE.VOC'
FileManager: ignoring tiny external VOC placeholder 'C:\Users\canti\Documents\Codex\2026-07-31\cr\work\dunecity-tornie-1.0.524-23\build-test-win\bin\/data/AVEHICLE.VOC'
FileManager: ignoring tiny VOC placeholder 'AVEHICLE.VOC' from TORNIE.PAK
FileManager: ignoring tiny active-mod VOC placeholder 'C:\Users\canti\AppData\Roaming\DuneCity\mods/Jericho/data/AREPAIR.VOC'
FileManager: ignoring tiny active-mod VOC placeholder 'C:\Users\canti\Documents\Codex\2026-07-31\cr\work\dunecity-tornie-1.0.524-23\build-test-win\bin\/mods/Jericho/data/AREPAIR.VOC'
FileManager: ignoring tiny active-mod VOC placeholder 'C:\Users\canti\Documents\Codex\2026-07-31\cr\work\dunecity-tornie-1.0.524-23\build-test-win\bin\/../../mods/Jericho/data/AREPAIR.VOC'
FileManager: ignoring tiny external VOC placeholder 'C:\Users\canti\Documents\Codex\2026-07-31\cr\work\dunecity-tornie-1.0.524-23\build-test-win\bin\/data/AREPAIR.VOC'
FileManager: ignoring tiny VOC placeholder 'AREPAIR.VOC' from TORNIE.PAK
FileManager: ignoring tiny active-mod VOC placeholder 'C:\Users\canti\AppData\Roaming\DuneCity\mods/Jericho/data/AFRIGATE.VOC'
FileManager: ignoring tiny active-mod VOC placeholder 'C:\Users\canti\Documents\Codex\2026-07-31\cr\work\dunecity-tornie-1.0.524-23\build-test-win\bin\/mods/Jericho/data/AFRIGATE.VOC'
FileManager: ignoring tiny active-mod VOC placeholder 'C:\Users\canti\Documents\Codex\2026-07-31\cr\work\dunecity-tornie-1.0.524-23\build-test-win\bin\/../../mods/Jericho/data/AFRIGATE.VOC'
FileManager: ignoring tiny external VOC placeholder 'C:\Users\canti\Documents\Codex\2026-07-31\cr\work\dunecity-tornie-1.0.524-23\build-test-win\bin\/data/AFRIGATE.VOC'
FileManager: ignoring tiny VOC placeholder 'AFRIGATE.VOC' from TORNIE.PAK
FileManager: ignoring tiny active-mod VOC placeholder 'C:\Users\canti\AppData\Roaming\DuneCity\mods/Jericho/data/AARRIVE.VOC'
FileManager: ignoring tiny active-mod VOC placeholder 'C:\Users\canti\Documents\Codex\2026-07-31\cr\work\dunecity-tornie-1.0.524-23\build-test-win\bin\/mods/Jericho/data/AARRIVE.VOC'
FileManager: ignoring tiny active-mod VOC placeholder 'C:\Users\canti\Documents\Codex\2026-07-31\cr\work\dunecity-tornie-1.0.524-23\build-test-win\bin\/../../mods/Jericho/data/AARRIVE.VOC'
FileManager: ignoring tiny external VOC placeholder 'C:\Users\canti\Documents\Codex\2026-07-31\cr\work\dunecity-tornie-1.0.524-23\build-test-win\bin\/data/AARRIVE.VOC'
FileManager: ignoring tiny VOC placeholder 'AARRIVE.VOC' from TORNIE.PAK
FileManager: ignoring tiny active-mod VOC placeholder 'C:\Users\canti\AppData\Roaming\DuneCity\mods/Jericho/data/AWIN.VOC'
FileManager: ignoring tiny active-mod VOC placeholder 'C:\Users\canti\Documents\Codex\2026-07-31\cr\work\dunecity-tornie-1.0.524-23\build-test-win\bin\/mods/Jericho/data/AWIN.VOC'
FileManager: ignoring tiny active-mod VOC placeholder 'C:\Users\canti\Documents\Codex\2026-07-31\cr\work\dunecity-tornie-1.0.524-23\build-test-win\bin\/../../mods/Jericho/data/AWIN.VOC'
FileManager: ignoring tiny external VOC placeholder 'C:\Users\canti\Documents\Codex\2026-07-31\cr\work\dunecity-tornie-1.0.524-23\build-test-win\bin\/data/AWIN.VOC'
FileManager: ignoring tiny VOC placeholder 'AWIN.VOC' from TORNIE.PAK
FileManager: ignoring tiny active-mod VOC placeholder 'C:\Users\canti\AppData\Roaming\DuneCity\mods/Jericho/data/ALOSE.VOC'
FileManager: ignoring tiny active-mod VOC placeholder 'C:\Users\canti\Documents\Codex\2026-07-31\cr\work\dunecity-tornie-1.0.524-23\build-test-win\bin\/mods/Jericho/data/ALOSE.VOC'
FileManager: ignoring tiny active-mod VOC placeholder 'C:\Users\canti\Documents\Codex\2026-07-31\cr\work\dunecity-tornie-1.0.524-23\build-test-win\bin\/../../mods/Jericho/data/ALOSE.VOC'
FileManager: ignoring tiny external VOC placeholder 'C:\Users\canti\Documents\Codex\2026-07-31\cr\work\dunecity-tornie-1.0.524-23\build-test-win\bin\/data/ALOSE.VOC'
FileManager: ignoring tiny VOC placeholder 'ALOSE.VOC' from TORNIE.PAK
FileManager: ignoring tiny active-mod VOC placeholder 'C:\Users\canti\AppData\Roaming\DuneCity\mods/Jericho/data/ARADAR.VOC'
FileManager: ignoring tiny active-mod VOC placeholder 'C:\Users\canti\Documents\Codex\2026-07-31\cr\work\dunecity-tornie-1.0.524-23\build-test-win\bin\/mods/Jericho/data/ARADAR.VOC'
FileManager: ignoring tiny active-mod VOC placeholder 'C:\Users\canti\Documents\Codex\2026-07-31\cr\work\dunecity-tornie-1.0.524-23\build-test-win\bin\/../../mods/Jericho/data/ARADAR.VOC'
FileManager: ignoring tiny external VOC placeholder 'C:\Users\canti\Documents\Codex\2026-07-31\cr\work\dunecity-tornie-1.0.524-23\build-test-win\bin\/data/ARADAR.VOC'
FileManager: ignoring tiny VOC placeholder 'ARADAR.VOC' from TORNIE.PAK
FileManager: ignoring tiny active-mod VOC placeholder 'C:\Users\canti\AppData\Roaming\DuneCity\mods/Jericho/data/AON.VOC'
FileManager: ignoring tiny active-mod VOC placeholder 'C:\Users\canti\Documents\Codex\2026-07-31\cr\work\dunecity-tornie-1.0.524-23\build-test-win\bin\/mods/Jericho/data/AON.VOC'
FileManager: ignoring tiny active-mod VOC placeholder 'C:\Users\canti\Documents\Codex\2026-07-31\cr\work\dunecity-tornie-1.0.524-23\build-test-win\bin\/../../mods/Jericho/data/AON.VOC'
FileManager: ignoring tiny external VOC placeholder 'C:\Users\canti\Documents\Codex\2026-07-31\cr\work\dunecity-tornie-1.0.524-23\build-test-win\bin\/data/AON.VOC'
FileManager: ignoring tiny VOC placeholder 'AON.VOC' from TORNIE.PAK
FileManager: ignoring tiny active-mod VOC placeholder 'C:\Users\canti\AppData\Roaming\DuneCity\mods/Jericho/data/AOFF.VOC'
FileManager: ignoring tiny active-mod VOC placeholder 'C:\Users\canti\Documents\Codex\2026-07-31\cr\work\dunecity-tornie-1.0.524-23\build-test-win\bin\/mods/Jericho/data/AOFF.VOC'
FileManager: ignoring tiny active-mod VOC placeholder 'C:\Users\canti\Documents\Codex\2026-07-31\cr\work\dunecity-tornie-1.0.524-23\build-test-win\bin\/../../mods/Jericho/data/AOFF.VOC'
FileManager: ignoring tiny external VOC placeholder 'C:\Users\canti\Documents\Codex\2026-07-31\cr\work\dunecity-tornie-1.0.524-23\build-test-win\bin\/data/AOFF.VOC'
FileManager: ignoring tiny VOC placeholder 'AOFF.VOC' from TORNIE.PAK
FileManager: ignoring tiny active-mod VOC placeholder 'C:\Users\canti\AppData\Roaming\DuneCity\mods/Jericho/data/ABLOOM.VOC'
FileManager: ignoring tiny active-mod VOC placeholder 'C:\Users\canti\Documents\Codex\2026-07-31\cr\work\dunecity-tornie-1.0.524-23\build-test-win\bin\/mods/Jericho/data/ABLOOM.VOC'
FileManager: ignoring tiny active-mod VOC placeholder 'C:\Users\canti\Documents\Codex\2026-07-31\cr\work\dunecity-tornie-1.0.524-23\build-test-win\bin\/../../mods/Jericho/data/ABLOOM.VOC'
FileManager: ignoring tiny external VOC placeholder 'C:\Users\canti\Documents\Codex\2026-07-31\cr\work\dunecity-tornie-1.0.524-23\build-test-win\bin\/data/ABLOOM.VOC'
FileManager: ignoring tiny VOC placeholder 'ABLOOM.VOC' from TORNIE.PAK
FileManager: ignoring tiny active-mod VOC placeholder 'C:\Users\canti\AppData\Roaming\DuneCity\mods/Jericho/data/ALOCATED.VOC'
FileManager: ignoring tiny active-mod VOC placeholder 'C:\Users\canti\Documents\Codex\2026-07-31\cr\work\dunecity-tornie-1.0.524-23\build-test-win\bin\/mods/Jericho/data/ALOCATED.VOC'
FileManager: ignoring tiny active-mod VOC placeholder 'C:\Users\canti\Documents\Codex\2026-07-31\cr\work\dunecity-tornie-1.0.524-23\build-test-win\bin\/../../mods/Jericho/data/ALOCATED.VOC'
FileManager: ignoring tiny external VOC placeholder 'C:\Users\canti\Documents\Codex\2026-07-31\cr\work\dunecity-tornie-1.0.524-23\build-test-win\bin\/data/ALOCATED.VOC'
FileManager: ignoring tiny VOC placeholder 'ALOCATED.VOC' from TORNIE.PAK
FileManager: ignoring tiny active-mod VOC placeholder 'C:\Users\canti\AppData\Roaming\DuneCity\mods/Jericho/data/AWARNING.VOC'
FileManager: ignoring tiny active-mod VOC placeholder 'C:\Users\canti\Documents\Codex\2026-07-31\cr\work\dunecity-tornie-1.0.524-23\build-test-win\bin\/mods/Jericho/data/AWARNING.VOC'
FileManager: ignoring tiny active-mod VOC placeholder 'C:\Users\canti\Documents\Codex\2026-07-31\cr\work\dunecity-tornie-1.0.524-23\build-test-win\bin\/../../mods/Jericho/data/AWARNING.VOC'
FileManager: ignoring tiny external VOC placeholder 'C:\Users\canti\Documents\Codex\2026-07-31\cr\work\dunecity-tornie-1.0.524-23\build-test-win\bin\/data/AWARNING.VOC'
FileManager: ignoring tiny VOC placeholder 'AWARNING.VOC' from TORNIE.PAK
FileManager: ignoring tiny active-mod VOC placeholder 'C:\Users\canti\AppData\Roaming\DuneCity\mods/Jericho/data/AWORMY.VOC'
FileManager: ignoring tiny active-mod VOC placeholder 'C:\Users\canti\Documents\Codex\2026-07-31\cr\work\dunecity-tornie-1.0.524-23\build-test-win\bin\/mods/Jericho/data/AWORMY.VOC'
FileManager: ignoring tiny active-mod VOC placeholder 'C:\Users\canti\Documents\Codex\2026-07-31\cr\work\dunecity-tornie-1.0.524-23\build-test-win\bin\/../../mods/Jericho/data/AWORMY.VOC'
FileManager: ignoring tiny external VOC placeholder 'C:\Users\canti\Documents\Codex\2026-07-31\cr\work\dunecity-tornie-1.0.524-23\build-test-win\bin\/data/AWORMY.VOC'
FileManager: ignoring tiny VOC placeholder 'AWORMY.VOC' from TORNIE.PAK
FileManager: ignoring tiny active-mod VOC placeholder 'C:\Users\canti\AppData\Roaming\DuneCity\mods/Jericho/data/AATTACK.VOC'
FileManager: ignoring tiny active-mod VOC placeholder 'C:\Users\canti\Documents\Codex\2026-07-31\cr\work\dunecity-tornie-1.0.524-23\build-test-win\bin\/mods/Jericho/data/AATTACK.VOC'
FileManager: ignoring tiny active-mod VOC placeholder 'C:\Users\canti\Documents\Codex\2026-07-31\cr\work\dunecity-tornie-1.0.524-23\build-test-win\bin\/../../mods/Jericho/data/AATTACK.VOC'
FileManager: ignoring tiny external VOC placeholder 'C:\Users\canti\Documents\Codex\2026-07-31\cr\work\dunecity-tornie-1.0.524-23\build-test-win\bin\/data/AATTACK.VOC'
FileManager: ignoring tiny VOC placeholder 'AATTACK.VOC' from TORNIE.PAK
FileManager: ignoring tiny active-mod VOC placeholder 'C:\Users\canti\AppData\Roaming\DuneCity\mods/Jericho/data/ASABOT.VOC'
FileManager: ignoring tiny active-mod VOC placeholder 'C:\Users\canti\Documents\Codex\2026-07-31\cr\work\dunecity-tornie-1.0.524-23\build-test-win\bin\/mods/Jericho/data/ASABOT.VOC'
FileManager: ignoring tiny active-mod VOC placeholder 'C:\Users\canti\Documents\Codex\2026-07-31\cr\work\dunecity-tornie-1.0.524-23\build-test-win\bin\/../../mods/Jericho/data/ASABOT.VOC'
FileManager: ignoring tiny external VOC placeholder 'C:\Users\canti\Documents\Codex\2026-07-31\cr\work\dunecity-tornie-1.0.524-23\build-test-win\bin\/data/ASABOT.VOC'
FileManager: ignoring tiny VOC placeholder 'ASABOT.VOC' from TORNIE.PAK
FileManager: ignoring tiny active-mod VOC placeholder 'C:\Users\canti\AppData\Roaming\DuneCity\mods/Jericho/data/AMISSILE.VOC'
FileManager: ignoring tiny active-mod VOC placeholder 'C:\Users\canti\Documents\Codex\2026-07-31\cr\work\dunecity-tornie-1.0.524-23\build-test-win\bin\/mods/Jericho/data/AMISSILE.VOC'
FileManager: ignoring tiny active-mod VOC placeholder 'C:\Users\canti\Documents\Codex\2026-07-31\cr\work\dunecity-tornie-1.0.524-23\build-test-win\bin\/../../mods/Jericho/data/AMISSILE.VOC'
FileManager: ignoring tiny external VOC placeholder 'C:\Users\canti\Documents\Codex\2026-07-31\cr\work\dunecity-tornie-1.0.524-23\build-test-win\bin\/data/AMISSILE.VOC'
FileManager: ignoring tiny VOC placeholder 'AMISSILE.VOC' from TORNIE.PAK
FileManager: ignoring tiny active-mod VOC placeholder 'C:\Users\canti\AppData\Roaming\DuneCity\mods/Jericho/data/AAPPRCH.VOC'
FileManager: ignoring tiny active-mod VOC placeholder 'C:\Users\canti\Documents\Codex\2026-07-31\cr\work\dunecity-tornie-1.0.524-23\build-test-win\bin\/mods/Jericho/data/AAPPRCH.VOC'
FileManager: ignoring tiny active-mod VOC placeholder 'C:\Users\canti\Documents\Codex\2026-07-31\cr\work\dunecity-tornie-1.0.524-23\build-test-win\bin\/../../mods/Jericho/data/AAPPRCH.VOC'
FileManager: ignoring tiny external VOC placeholder 'C:\Users\canti\Documents\Codex\2026-07-31\cr\work\dunecity-tornie-1.0.524-23\build-test-win\bin\/data/AAPPRCH.VOC'
FileManager: ignoring tiny VOC placeholder 'AAPPRCH.VOC' from TORNIE.PAK
FileManager: ignoring tiny active-mod VOC placeholder 'C:\Users\canti\AppData\Roaming\DuneCity\mods/Jericho/data/HHARVEST.VOC'
FileManager: ignoring tiny active-mod VOC placeholder 'C:\Users\canti\Documents\Codex\2026-07-31\cr\work\dunecity-tornie-1.0.524-23\build-test-win\bin\/mods/Jericho/data/HHARVEST.VOC'
FileManager: ignoring tiny active-mod VOC placeholder 'C:\Users\canti\Documents\Codex\2026-07-31\cr\work\dunecity-tornie-1.0.524-23\build-test-win\bin\/../../mods/Jericho/data/HHARVEST.VOC'
FileManager: ignoring tiny external VOC placeholder 'C:\Users\canti\Documents\Codex\2026-07-31\cr\work\dunecity-tornie-1.0.524-23\build-test-win\bin\/data/HHARVEST.VOC'
FileManager: ignoring tiny VOC placeholder 'HHARVEST.VOC' from TORNIE.PAK
FileManager: ignoring tiny active-mod VOC placeholder 'C:\Users\canti\AppData\Roaming\DuneCity\mods/Jericho/data/HUNIT.VOC'
FileManager: ignoring tiny active-mod VOC placeholder 'C:\Users\canti\Documents\Codex\2026-07-31\cr\work\dunecity-tornie-1.0.524-23\build-test-win\bin\/mods/Jericho/data/HUNIT.VOC'
FileManager: ignoring tiny active-mod VOC placeholder 'C:\Users\canti\Documents\Codex\2026-07-31\cr\work\dunecity-tornie-1.0.524-23\build-test-win\bin\/../../mods/Jericho/data/HUNIT.VOC'
FileManager: ignoring tiny external VOC placeholder 'C:\Users\canti\Documents\Codex\2026-07-31\cr\work\dunecity-tornie-1.0.524-23\build-test-win\bin\/data/HUNIT.VOC'
FileManager: ignoring tiny VOC placeholder 'HUNIT.VOC' from TORNIE.PAK
FileManager: ignoring tiny active-mod VOC placeholder 'C:\Users\canti\AppData\Roaming\DuneCity\mods/Jericho/data/HDEPLOY.VOC'
FileManager: ignoring tiny active-mod VOC placeholder 'C:\Users\canti\Documents\Codex\2026-07-31\cr\work\dunecity-tornie-1.0.524-23\build-test-win\bin\/mods/Jericho/data/HDEPLOY.VOC'
FileManager: ignoring tiny active-mod VOC placeholder 'C:\Users\canti\Documents\Codex\2026-07-31\cr\work\dunecity-tornie-1.0.524-23\build-test-win\bin\/../../mods/Jericho/data/HDEPLOY.VOC'
FileManager: ignoring tiny external VOC placeholder 'C:\Users\canti\Documents\Codex\2026-07-31\cr\work\dunecity-tornie-1.0.524-23\build-test-win\bin\/data/HDEPLOY.VOC'
FileManager: ignoring tiny VOC placeholder 'HDEPLOY.VOC' from TORNIE.PAK
FileManager: ignoring tiny active-mod VOC placeholder 'C:\Users\canti\AppData\Roaming\DuneCity\mods/Jericho/data/HLAUNCH.VOC'
FileManager: ignoring tiny active-mod VOC placeholder 'C:\Users\canti\Documents\Codex\2026-07-31\cr\work\dunecity-tornie-1.0.524-23\build-test-win\bin\/mods/Jericho/data/HLAUNCH.VOC'
FileManager: ignoring tiny active-mod VOC placeholder 'C:\Users\canti\Documents\Codex\2026-07-31\cr\work\dunecity-tornie-1.0.524-23\build-test-win\bin\/../../mods/Jericho/data/HLAUNCH.VOC'
FileManager: ignoring tiny external VOC placeholder 'C:\Users\canti\Documents\Codex\2026-07-31\cr\work\dunecity-tornie-1.0.524-23\build-test-win\bin\/data/HLAUNCH.VOC'
FileManager: ignoring tiny VOC placeholder 'HLAUNCH.VOC' from TORNIE.PAK
FileManager: ignoring tiny active-mod VOC placeholder 'C:\Users\canti\AppData\Roaming\DuneCity\mods/Jericho/data/HCONST.VOC'
FileManager: ignoring tiny active-mod VOC placeholder 'C:\Users\canti\Documents\Codex\2026-07-31\cr\work\dunecity-tornie-1.0.524-23\build-test-win\bin\/mods/Jericho/data/HCONST.VOC'
FileManager: ignoring tiny active-mod VOC placeholder 'C:\Users\canti\Documents\Codex\2026-07-31\cr\work\dunecity-tornie-1.0.524-23\build-test-win\bin\/../../mods/Jericho/data/HCONST.VOC'
FileManager: ignoring tiny external VOC placeholder 'C:\Users\canti\Documents\Codex\2026-07-31\cr\work\dunecity-tornie-1.0.524-23\build-test-win\bin\/data/HCONST.VOC'
FileManager: ignoring tiny VOC placeholder 'HCONST.VOC' from TORNIE.PAK
FileManager: ignoring tiny active-mod VOC placeholder 'C:\Users\canti\AppData\Roaming\DuneCity\mods/Jericho/data/HVEHICLE.VOC'
FileManager: ignoring tiny active-mod VOC placeholder 'C:\Users\canti\Documents\Codex\2026-07-31\cr\work\dunecity-tornie-1.0.524-23\build-test-win\bin\/mods/Jericho/data/HVEHICLE.VOC'
FileManager: ignoring tiny active-mod VOC placeholder 'C:\Users\canti\Documents\Codex\2026-07-31\cr\work\dunecity-tornie-1.0.524-23\build-test-win\bin\/../../mods/Jericho/data/HVEHICLE.VOC'
FileManager: ignoring tiny external VOC placeholder 'C:\Users\canti\Documents\Codex\2026-07-31\cr\work\dunecity-tornie-1.0.524-23\build-test-win\bin\/data/HVEHICLE.VOC'
FileManager: ignoring tiny VOC placeholder 'HVEHICLE.VOC' from TORNIE.PAK
FileManager: ignoring tiny active-mod VOC placeholder 'C:\Users\canti\AppData\Roaming\DuneCity\mods/Jericho/data/HREPAIR.VOC'
FileManager: ignoring tiny active-mod VOC placeholder 'C:\Users\canti\Documents\Codex\2026-07-31\cr\work\dunecity-tornie-1.0.524-23\build-test-win\bin\/mods/Jericho/data/HREPAIR.VOC'
FileManager: ignoring tiny active-mod VOC placeholder 'C:\Users\canti\Documents\Codex\2026-07-31\cr\work\dunecity-tornie-1.0.524-23\build-test-win\bin\/../../mods/Jericho/data/HREPAIR.VOC'
FileManager: ignoring tiny external VOC placeholder 'C:\Users\canti\Documents\Codex\2026-07-31\cr\work\dunecity-tornie-1.0.524-23\build-test-win\bin\/data/HREPAIR.VOC'
FileManager: ignoring tiny VOC placeholder 'HREPAIR.VOC' from TORNIE.PAK
FileManager: ignoring tiny active-mod VOC placeholder 'C:\Users\canti\AppData\Roaming\DuneCity\mods/Jericho/data/HFRIGATE.VOC'
FileManager: ignoring tiny active-mod VOC placeholder 'C:\Users\canti\Documents\Codex\2026-07-31\cr\work\dunecity-tornie-1.0.524-23\build-test-win\bin\/mods/Jericho/data/HFRIGATE.VOC'
FileManager: ignoring tiny active-mod VOC placeholder 'C:\Users\canti\Documents\Codex\2026-07-31\cr\work\dunecity-tornie-1.0.524-23\build-test-win\bin\/../../mods/Jericho/data/HFRIGATE.VOC'
FileManager: ignoring tiny external VOC placeholder 'C:\Users\canti\Documents\Codex\2026-07-31\cr\work\dunecity-tornie-1.0.524-23\build-test-win\bin\/data/HFRIGATE.VOC'
FileManager: ignoring tiny VOC placeholder 'HFRIGATE.VOC' from TORNIE.PAK
FileManager: ignoring tiny active-mod VOC placeholder 'C:\Users\canti\AppData\Roaming\DuneCity\mods/Jericho/data/HARRIVE.VOC'
FileManager: ignoring tiny active-mod VOC placeholder 'C:\Users\canti\Documents\Codex\2026-07-31\cr\work\dunecity-tornie-1.0.524-23\build-test-win\bin\/mods/Jericho/data/HARRIVE.VOC'
FileManager: ignoring tiny active-mod VOC placeholder 'C:\Users\canti\Documents\Codex\2026-07-31\cr\work\dunecity-tornie-1.0.524-23\build-test-win\bin\/../../mods/Jericho/data/HARRIVE.VOC'
FileManager: ignoring tiny external VOC placeholder 'C:\Users\canti\Documents\Codex\2026-07-31\cr\work\dunecity-tornie-1.0.524-23\build-test-win\bin\/data/HARRIVE.VOC'
FileManager: ignoring tiny VOC placeholder 'HARRIVE.VOC' from TORNIE.PAK
FileManager: ignoring tiny active-mod VOC placeholder 'C:\Users\canti\AppData\Roaming\DuneCity\mods/Jericho/data/HWIN.VOC'
FileManager: ignoring tiny active-mod VOC placeholder 'C:\Users\canti\Documents\Codex\2026-07-31\cr\work\dunecity-tornie-1.0.524-23\build-test-win\bin\/mods/Jericho/data/HWIN.VOC'
FileManager: ignoring tiny active-mod VOC placeholder 'C:\Users\canti\Documents\Codex\2026-07-31\cr\work\dunecity-tornie-1.0.524-23\build-test-win\bin\/../../mods/Jericho/data/HWIN.VOC'
FileManager: ignoring tiny external VOC placeholder 'C:\Users\canti\Documents\Codex\2026-07-31\cr\work\dunecity-tornie-1.0.524-23\build-test-win\bin\/data/HWIN.VOC'
FileManager: ignoring tiny VOC placeholder 'HWIN.VOC' from TORNIE.PAK
FileManager: ignoring tiny active-mod VOC placeholder 'C:\Users\canti\AppData\Roaming\DuneCity\mods/Jericho/data/HLOSE.VOC'
FileManager: ignoring tiny active-mod VOC placeholder 'C:\Users\canti\Documents\Codex\2026-07-31\cr\work\dunecity-tornie-1.0.524-23\build-test-win\bin\/mods/Jericho/data/HLOSE.VOC'
FileManager: ignoring tiny active-mod VOC placeholder 'C:\Users\canti\Documents\Codex\2026-07-31\cr\work\dunecity-tornie-1.0.524-23\build-test-win\bin\/../../mods/Jericho/data/HLOSE.VOC'
FileManager: ignoring tiny external VOC placeholder 'C:\Users\canti\Documents\Codex\2026-07-31\cr\work\dunecity-tornie-1.0.524-23\build-test-win\bin\/data/HLOSE.VOC'
FileManager: ignoring tiny VOC placeholder 'HLOSE.VOC' from TORNIE.PAK
FileManager: ignoring tiny active-mod VOC placeholder 'C:\Users\canti\AppData\Roaming\DuneCity\mods/Jericho/data/HRADAR.VOC'
FileManager: ignoring tiny active-mod VOC placeholder 'C:\Users\canti\Documents\Codex\2026-07-31\cr\work\dunecity-tornie-1.0.524-23\build-test-win\bin\/mods/Jericho/data/HRADAR.VOC'
FileManager: ignoring tiny active-mod VOC placeholder 'C:\Users\canti\Documents\Codex\2026-07-31\cr\work\dunecity-tornie-1.0.524-23\build-test-win\bin\/../../mods/Jericho/data/HRADAR.VOC'
FileManager: ignoring tiny external VOC placeholder 'C:\Users\canti\Documents\Codex\2026-07-31\cr\work\dunecity-tornie-1.0.524-23\build-test-win\bin\/data/HRADAR.VOC'
FileManager: ignoring tiny VOC placeholder 'HRADAR.VOC' from TORNIE.PAK
FileManager: ignoring tiny active-mod VOC placeholder 'C:\Users\canti\AppData\Roaming\DuneCity\mods/Jericho/data/HON.VOC'
FileManager: ignoring tiny active-mod VOC placeholder 'C:\Users\canti\Documents\Codex\2026-07-31\cr\work\dunecity-tornie-1.0.524-23\build-test-win\bin\/mods/Jericho/data/HON.VOC'
FileManager: ignoring tiny active-mod VOC placeholder 'C:\Users\canti\Documents\Codex\2026-07-31\cr\work\dunecity-tornie-1.0.524-23\build-test-win\bin\/../../mods/Jericho/data/HON.VOC'
FileManager: ignoring tiny external VOC placeholder 'C:\Users\canti\Documents\Codex\2026-07-31\cr\work\dunecity-tornie-1.0.524-23\build-test-win\bin\/data/HON.VOC'
FileManager: ignoring tiny VOC placeholder 'HON.VOC' from TORNIE.PAK
FileManager: ignoring tiny active-mod VOC placeholder 'C:\Users\canti\AppData\Roaming\DuneCity\mods/Jericho/data/HOFF.VOC'
FileManager: ignoring tiny active-mod VOC placeholder 'C:\Users\canti\Documents\Codex\2026-07-31\cr\work\dunecity-tornie-1.0.524-23\build-test-win\bin\/mods/Jericho/data/HOFF.VOC'
FileManager: ignoring tiny active-mod VOC placeholder 'C:\Users\canti\Documents\Codex\2026-07-31\cr\work\dunecity-tornie-1.0.524-23\build-test-win\bin\/../../mods/Jericho/data/HOFF.VOC'
FileManager: ignoring tiny external VOC placeholder 'C:\Users\canti\Documents\Codex\2026-07-31\cr\work\dunecity-tornie-1.0.524-23\build-test-win\bin\/data/HOFF.VOC'
FileManager: ignoring tiny VOC placeholder 'HOFF.VOC' from TORNIE.PAK
FileManager: ignoring tiny active-mod VOC placeholder 'C:\Users\canti\AppData\Roaming\DuneCity\mods/Jericho/data/HBLOOM.VOC'
FileManager: ignoring tiny active-mod VOC placeholder 'C:\Users\canti\Documents\Codex\2026-07-31\cr\work\dunecity-tornie-1.0.524-23\build-test-win\bin\/mods/Jericho/data/HBLOOM.VOC'
FileManager: ignoring tiny active-mod VOC placeholder 'C:\Users\canti\Documents\Codex\2026-07-31\cr\work\dunecity-tornie-1.0.524-23\build-test-win\bin\/../../mods/Jericho/data/HBLOOM.VOC'
FileManager: ignoring tiny external VOC placeholder 'C:\Users\canti\Documents\Codex\2026-07-31\cr\work\dunecity-tornie-1.0.524-23\build-test-win\bin\/data/HBLOOM.VOC'
FileManager: ignoring tiny VOC placeholder 'HBLOOM.VOC' from TORNIE.PAK
FileManager: ignoring tiny active-mod VOC placeholder 'C:\Users\canti\AppData\Roaming\DuneCity\mods/Jericho/data/HLOCATED.VOC'
FileManager: ignoring tiny active-mod VOC placeholder 'C:\Users\canti\Documents\Codex\2026-07-31\cr\work\dunecity-tornie-1.0.524-23\build-test-win\bin\/mods/Jericho/data/HLOCATED.VOC'
FileManager: ignoring tiny active-mod VOC placeholder 'C:\Users\canti\Documents\Codex\2026-07-31\cr\work\dunecity-tornie-1.0.524-23\build-test-win\bin\/../../mods/Jericho/data/HLOCATED.VOC'
FileManager: ignoring tiny external VOC placeholder 'C:\Users\canti\Documents\Codex\2026-07-31\cr\work\dunecity-tornie-1.0.524-23\build-test-win\bin\/data/HLOCATED.VOC'
FileManager: ignoring tiny VOC placeholder 'HLOCATED.VOC' from TORNIE.PAK
FileManager: ignoring tiny active-mod VOC placeholder 'C:\Users\canti\AppData\Roaming\DuneCity\mods/Jericho/data/HWARNING.VOC'
FileManager: ignoring tiny active-mod VOC placeholder 'C:\Users\canti\Documents\Codex\2026-07-31\cr\work\dunecity-tornie-1.0.524-23\build-test-win\bin\/mods/Jericho/data/HWARNING.VOC'
FileManager: ignoring tiny active-mod VOC placeholder 'C:\Users\canti\Documents\Codex\2026-07-31\cr\work\dunecity-tornie-1.0.524-23\build-test-win\bin\/../../mods/Jericho/data/HWARNING.VOC'
FileManager: ignoring tiny external VOC placeholder 'C:\Users\canti\Documents\Codex\2026-07-31\cr\work\dunecity-tornie-1.0.524-23\build-test-win\bin\/data/HWARNING.VOC'
FileManager: ignoring tiny VOC placeholder 'HWARNING.VOC' from TORNIE.PAK
FileManager: ignoring tiny active-mod VOC placeholder 'C:\Users\canti\AppData\Roaming\DuneCity\mods/Jericho/data/HWORMY.VOC'
FileManager: ignoring tiny active-mod VOC placeholder 'C:\Users\canti\Documents\Codex\2026-07-31\cr\work\dunecity-tornie-1.0.524-23\build-test-win\bin\/mods/Jericho/data/HWORMY.VOC'
FileManager: ignoring tiny active-mod VOC placeholder 'C:\Users\canti\Documents\Codex\2026-07-31\cr\work\dunecity-tornie-1.0.524-23\build-test-win\bin\/../../mods/Jericho/data/HWORMY.VOC'
FileManager: ignoring tiny external VOC placeholder 'C:\Users\canti\Documents\Codex\2026-07-31\cr\work\dunecity-tornie-1.0.524-23\build-test-win\bin\/data/HWORMY.VOC'
FileManager: ignoring tiny VOC placeholder 'HWORMY.VOC' from TORNIE.PAK
FileManager: ignoring tiny active-mod VOC placeholder 'C:\Users\canti\AppData\Roaming\DuneCity\mods/Jericho/data/HATTACK.VOC'
FileManager: ignoring tiny active-mod VOC placeholder 'C:\Users\canti\Documents\Codex\2026-07-31\cr\work\dunecity-tornie-1.0.524-23\build-test-win\bin\/mods/Jericho/data/HATTACK.VOC'
FileManager: ignoring tiny active-mod VOC placeholder 'C:\Users\canti\Documents\Codex\2026-07-31\cr\work\dunecity-tornie-1.0.524-23\build-test-win\bin\/../../mods/Jericho/data/HATTACK.VOC'
FileManager: ignoring tiny external VOC placeholder 'C:\Users\canti\Documents\Codex\2026-07-31\cr\work\dunecity-tornie-1.0.524-23\build-test-win\bin\/data/HATTACK.VOC'
FileManager: ignoring tiny VOC placeholder 'HATTACK.VOC' from TORNIE.PAK
FileManager: ignoring tiny active-mod VOC placeholder 'C:\Users\canti\AppData\Roaming\DuneCity\mods/Jericho/data/HSABOT.VOC'
FileManager: ignoring tiny active-mod VOC placeholder 'C:\Users\canti\Documents\Codex\2026-07-31\cr\work\dunecity-tornie-1.0.524-23\build-test-win\bin\/mods/Jericho/data/HSABOT.VOC'
FileManager: ignoring tiny active-mod VOC placeholder 'C:\Users\canti\Documents\Codex\2026-07-31\cr\work\dunecity-tornie-1.0.524-23\build-test-win\bin\/../../mods/Jericho/data/HSABOT.VOC'
FileManager: ignoring tiny external VOC placeholder 'C:\Users\canti\Documents\Codex\2026-07-31\cr\work\dunecity-tornie-1.0.524-23\build-test-win\bin\/data/HSABOT.VOC'
FileManager: ignoring tiny VOC placeholder 'HSABOT.VOC' from TORNIE.PAK
FileManager: ignoring tiny active-mod VOC placeholder 'C:\Users\canti\AppData\Roaming\DuneCity\mods/Jericho/data/HMISSILE.VOC'
FileManager: ignoring tiny active-mod VOC placeholder 'C:\Users\canti\Documents\Codex\2026-07-31\cr\work\dunecity-tornie-1.0.524-23\build-test-win\bin\/mods/Jericho/data/HMISSILE.VOC'
FileManager: ignoring tiny active-mod VOC placeholder 'C:\Users\canti\Documents\Codex\2026-07-31\cr\work\dunecity-tornie-1.0.524-23\build-test-win\bin\/../../mods/Jericho/data/HMISSILE.VOC'
FileManager: ignoring tiny external VOC placeholder 'C:\Users\canti\Documents\Codex\2026-07-31\cr\work\dunecity-tornie-1.0.524-23\build-test-win\bin\/data/HMISSILE.VOC'
FileManager: ignoring tiny VOC placeholder 'HMISSILE.VOC' from TORNIE.PAK
FileManager: ignoring tiny active-mod VOC placeholder 'C:\Users\canti\AppData\Roaming\DuneCity\mods/Jericho/data/HAPPRCH.VOC'
FileManager: ignoring tiny active-mod VOC placeholder 'C:\Users\canti\Documents\Codex\2026-07-31\cr\work\dunecity-tornie-1.0.524-23\build-test-win\bin\/mods/Jericho/data/HAPPRCH.VOC'
FileManager: ignoring tiny active-mod VOC placeholder 'C:\Users\canti\Documents\Codex\2026-07-31\cr\work\dunecity-tornie-1.0.524-23\build-test-win\bin\/../../mods/Jericho/data/HAPPRCH.VOC'
FileManager: ignoring tiny external VOC placeholder 'C:\Users\canti\Documents\Codex\2026-07-31\cr\work\dunecity-tornie-1.0.524-23\build-test-win\bin\/data/HAPPRCH.VOC'
FileManager: ignoring tiny VOC placeholder 'HAPPRCH.VOC' from TORNIE.PAK
FileManager: ignoring tiny active-mod VOC placeholder 'C:\Users\canti\AppData\Roaming\DuneCity\mods/Jericho/data/OHARVEST.VOC'
FileManager: ignoring tiny active-mod VOC placeholder 'C:\Users\canti\Documents\Codex\2026-07-31\cr\work\dunecity-tornie-1.0.524-23\build-test-win\bin\/mods/Jericho/data/OHARVEST.VOC'
FileManager: ignoring tiny active-mod VOC placeholder 'C:\Users\canti\Documents\Codex\2026-07-31\cr\work\dunecity-tornie-1.0.524-23\build-test-win\bin\/../../mods/Jericho/data/OHARVEST.VOC'
FileManager: ignoring tiny external VOC placeholder 'C:\Users\canti\Documents\Codex\2026-07-31\cr\work\dunecity-tornie-1.0.524-23\build-test-win\bin\/data/OHARVEST.VOC'
FileManager: ignoring tiny VOC placeholder 'OHARVEST.VOC' from TORNIE.PAK
FileManager: ignoring tiny active-mod VOC placeholder 'C:\Users\canti\AppData\Roaming\DuneCity\mods/Jericho/data/OUNIT.VOC'
FileManager: ignoring tiny active-mod VOC placeholder 'C:\Users\canti\Documents\Codex\2026-07-31\cr\work\dunecity-tornie-1.0.524-23\build-test-win\bin\/mods/Jericho/data/OUNIT.VOC'
FileManager: ignoring tiny active-mod VOC placeholder 'C:\Users\canti\Documents\Codex\2026-07-31\cr\work\dunecity-tornie-1.0.524-23\build-test-win\bin\/../../mods/Jericho/data/OUNIT.VOC'
FileManager: ignoring tiny external VOC placeholder 'C:\Users\canti\Documents\Codex\2026-07-31\cr\work\dunecity-tornie-1.0.524-23\build-test-win\bin\/data/OUNIT.VOC'
FileManager: ignoring tiny VOC placeholder 'OUNIT.VOC' from TORNIE.PAK
FileManager: ignoring tiny active-mod VOC placeholder 'C:\Users\canti\AppData\Roaming\DuneCity\mods/Jericho/data/ODEPLOY.VOC'
FileManager: ignoring tiny active-mod VOC placeholder 'C:\Users\canti\Documents\Codex\2026-07-31\cr\work\dunecity-tornie-1.0.524-23\build-test-win\bin\/mods/Jericho/data/ODEPLOY.VOC'
FileManager: ignoring tiny active-mod VOC placeholder 'C:\Users\canti\Documents\Codex\2026-07-31\cr\work\dunecity-tornie-1.0.524-23\build-test-win\bin\/../../mods/Jericho/data/ODEPLOY.VOC'
FileManager: ignoring tiny external VOC placeholder 'C:\Users\canti\Documents\Codex\2026-07-31\cr\work\dunecity-tornie-1.0.524-23\build-test-win\bin\/data/ODEPLOY.VOC'
FileManager: ignoring tiny VOC placeholder 'ODEPLOY.VOC' from TORNIE.PAK
FileManager: ignoring tiny active-mod VOC placeholder 'C:\Users\canti\AppData\Roaming\DuneCity\mods/Jericho/data/OLAUNCH.VOC'
FileManager: ignoring tiny active-mod VOC placeholder 'C:\Users\canti\Documents\Codex\2026-07-31\cr\work\dunecity-tornie-1.0.524-23\build-test-win\bin\/mods/Jericho/data/OLAUNCH.VOC'
FileManager: ignoring tiny active-mod VOC placeholder 'C:\Users\canti\Documents\Codex\2026-07-31\cr\work\dunecity-tornie-1.0.524-23\build-test-win\bin\/../../mods/Jericho/data/OLAUNCH.VOC'
FileManager: ignoring tiny external VOC placeholder 'C:\Users\canti\Documents\Codex\2026-07-31\cr\work\dunecity-tornie-1.0.524-23\build-test-win\bin\/data/OLAUNCH.VOC'
FileManager: ignoring tiny VOC placeholder 'OLAUNCH.VOC' from TORNIE.PAK
FileManager: ignoring tiny active-mod VOC placeholder 'C:\Users\canti\AppData\Roaming\DuneCity\mods/Jericho/data/OCONST.VOC'
FileManager: ignoring tiny active-mod VOC placeholder 'C:\Users\canti\Documents\Codex\2026-07-31\cr\work\dunecity-tornie-1.0.524-23\build-test-win\bin\/mods/Jericho/data/OCONST.VOC'
FileManager: ignoring tiny active-mod VOC placeholder 'C:\Users\canti\Documents\Codex\2026-07-31\cr\work\dunecity-tornie-1.0.524-23\build-test-win\bin\/../../mods/Jericho/data/OCONST.VOC'
FileManager: ignoring tiny external VOC placeholder 'C:\Users\canti\Documents\Codex\2026-07-31\cr\work\dunecity-tornie-1.0.524-23\build-test-win\bin\/data/OCONST.VOC'
FileManager: ignoring tiny VOC placeholder 'OCONST.VOC' from TORNIE.PAK
FileManager: ignoring tiny active-mod VOC placeholder 'C:\Users\canti\AppData\Roaming\DuneCity\mods/Jericho/data/OVEHICLE.VOC'
FileManager: ignoring tiny active-mod VOC placeholder 'C:\Users\canti\Documents\Codex\2026-07-31\cr\work\dunecity-tornie-1.0.524-23\build-test-win\bin\/mods/Jericho/data/OVEHICLE.VOC'
FileManager: ignoring tiny active-mod VOC placeholder 'C:\Users\canti\Documents\Codex\2026-07-31\cr\work\dunecity-tornie-1.0.524-23\build-test-win\bin\/../../mods/Jericho/data/OVEHICLE.VOC'
FileManager: ignoring tiny external VOC placeholder 'C:\Users\canti\Documents\Codex\2026-07-31\cr\work\dunecity-tornie-1.0.524-23\build-test-win\bin\/data/OVEHICLE.VOC'
FileManager: ignoring tiny VOC placeholder 'OVEHICLE.VOC' from TORNIE.PAK
FileManager: ignoring tiny active-mod VOC placeholder 'C:\Users\canti\AppData\Roaming\DuneCity\mods/Jericho/data/OREPAIR.VOC'
FileManager: ignoring tiny active-mod VOC placeholder 'C:\Users\canti\Documents\Codex\2026-07-31\cr\work\dunecity-tornie-1.0.524-23\build-test-win\bin\/mods/Jericho/data/OREPAIR.VOC'
FileManager: ignoring tiny active-mod VOC placeholder 'C:\Users\canti\Documents\Codex\2026-07-31\cr\work\dunecity-tornie-1.0.524-23\build-test-win\bin\/../../mods/Jericho/data/OREPAIR.VOC'
FileManager: ignoring tiny external VOC placeholder 'C:\Users\canti\Documents\Codex\2026-07-31\cr\work\dunecity-tornie-1.0.524-23\build-test-win\bin\/data/OREPAIR.VOC'
FileManager: ignoring tiny VOC placeholder 'OREPAIR.VOC' from TORNIE.PAK
FileManager: ignoring tiny active-mod VOC placeholder 'C:\Users\canti\AppData\Roaming\DuneCity\mods/Jericho/data/OFRIGATE.VOC'
FileManager: ignoring tiny active-mod VOC placeholder 'C:\Users\canti\Documents\Codex\2026-07-31\cr\work\dunecity-tornie-1.0.524-23\build-test-win\bin\/mods/Jericho/data/OFRIGATE.VOC'
FileManager: ignoring tiny active-mod VOC placeholder 'C:\Users\canti\Documents\Codex\2026-07-31\cr\work\dunecity-tornie-1.0.524-23\build-test-win\bin\/../../mods/Jericho/data/OFRIGATE.VOC'
FileManager: ignoring tiny external VOC placeholder 'C:\Users\canti\Documents\Codex\2026-07-31\cr\work\dunecity-tornie-1.0.524-23\build-test-win\bin\/data/OFRIGATE.VOC'
FileManager: ignoring tiny VOC placeholder 'OFRIGATE.VOC' from TORNIE.PAK
FileManager: ignoring tiny active-mod VOC placeholder 'C:\Users\canti\AppData\Roaming\DuneCity\mods/Jericho/data/OARRIVE.VOC'
FileManager: ignoring tiny active-mod VOC placeholder 'C:\Users\canti\Documents\Codex\2026-07-31\cr\work\dunecity-tornie-1.0.524-23\build-test-win\bin\/mods/Jericho/data/OARRIVE.VOC'
FileManager: ignoring tiny active-mod VOC placeholder 'C:\Users\canti\Documents\Codex\2026-07-31\cr\work\dunecity-tornie-1.0.524-23\build-test-win\bin\/../../mods/Jericho/data/OARRIVE.VOC'
FileManager: ignoring tiny external VOC placeholder 'C:\Users\canti\Documents\Codex\2026-07-31\cr\work\dunecity-tornie-1.0.524-23\build-test-win\bin\/data/OARRIVE.VOC'
FileManager: ignoring tiny VOC placeholder 'OARRIVE.VOC' from TORNIE.PAK
FileManager: ignoring tiny active-mod VOC placeholder 'C:\Users\canti\AppData\Roaming\DuneCity\mods/Jericho/data/OWIN.VOC'
FileManager: ignoring tiny active-mod VOC placeholder 'C:\Users\canti\Documents\Codex\2026-07-31\cr\work\dunecity-tornie-1.0.524-23\build-test-win\bin\/mods/Jericho/data/OWIN.VOC'
FileManager: ignoring tiny active-mod VOC placeholder 'C:\Users\canti\Documents\Codex\2026-07-31\cr\work\dunecity-tornie-1.0.524-23\build-test-win\bin\/../../mods/Jericho/data/OWIN.VOC'
FileManager: ignoring tiny external VOC placeholder 'C:\Users\canti\Documents\Codex\2026-07-31\cr\work\dunecity-tornie-1.0.524-23\build-test-win\bin\/data/OWIN.VOC'
FileManager: ignoring tiny VOC placeholder 'OWIN.VOC' from TORNIE.PAK
FileManager: ignoring tiny active-mod VOC placeholder 'C:\Users\canti\AppData\Roaming\DuneCity\mods/Jericho/data/OLOSE.VOC'
FileManager: ignoring tiny active-mod VOC placeholder 'C:\Users\canti\Documents\Codex\2026-07-31\cr\work\dunecity-tornie-1.0.524-23\build-test-win\bin\/mods/Jericho/data/OLOSE.VOC'
FileManager: ignoring tiny active-mod VOC placeholder 'C:\Users\canti\Documents\Codex\2026-07-31\cr\work\dunecity-tornie-1.0.524-23\build-test-win\bin\/../../mods/Jericho/data/OLOSE.VOC'
FileManager: ignoring tiny external VOC placeholder 'C:\Users\canti\Documents\Codex\2026-07-31\cr\work\dunecity-tornie-1.0.524-23\build-test-win\bin\/data/OLOSE.VOC'
FileManager: ignoring tiny VOC placeholder 'OLOSE.VOC' from TORNIE.PAK
FileManager: ignoring tiny active-mod VOC placeholder 'C:\Users\canti\AppData\Roaming\DuneCity\mods/Jericho/data/ORADAR.VOC'
FileManager: ignoring tiny active-mod VOC placeholder 'C:\Users\canti\Documents\Codex\2026-07-31\cr\work\dunecity-tornie-1.0.524-23\build-test-win\bin\/mods/Jericho/data/ORADAR.VOC'
FileManager: ignoring tiny active-mod VOC placeholder 'C:\Users\canti\Documents\Codex\2026-07-31\cr\work\dunecity-tornie-1.0.524-23\build-test-win\bin\/../../mods/Jericho/data/ORADAR.VOC'
FileManager: ignoring tiny external VOC placeholder 'C:\Users\canti\Documents\Codex\2026-07-31\cr\work\dunecity-tornie-1.0.524-23\build-test-win\bin\/data/ORADAR.VOC'
FileManager: ignoring tiny VOC placeholder 'ORADAR.VOC' from TORNIE.PAK
FileManager: ignoring tiny active-mod VOC placeholder 'C:\Users\canti\AppData\Roaming\DuneCity\mods/Jericho/data/OON.VOC'
FileManager: ignoring tiny active-mod VOC placeholder 'C:\Users\canti\Documents\Codex\2026-07-31\cr\work\dunecity-tornie-1.0.524-23\build-test-win\bin\/mods/Jericho/data/OON.VOC'
FileManager: ignoring tiny active-mod VOC placeholder 'C:\Users\canti\Documents\Codex\2026-07-31\cr\work\dunecity-tornie-1.0.524-23\build-test-win\bin\/../../mods/Jericho/data/OON.VOC'
FileManager: ignoring tiny external VOC placeholder 'C:\Users\canti\Documents\Codex\2026-07-31\cr\work\dunecity-tornie-1.0.524-23\build-test-win\bin\/data/OON.VOC'
FileManager: ignoring tiny VOC placeholder 'OON.VOC' from TORNIE.PAK
FileManager: ignoring tiny active-mod VOC placeholder 'C:\Users\canti\AppData\Roaming\DuneCity\mods/Jericho/data/OOFF.VOC'
FileManager: ignoring tiny active-mod VOC placeholder 'C:\Users\canti\Documents\Codex\2026-07-31\cr\work\dunecity-tornie-1.0.524-23\build-test-win\bin\/mods/Jericho/data/OOFF.VOC'
FileManager: ignoring tiny active-mod VOC placeholder 'C:\Users\canti\Documents\Codex\2026-07-31\cr\work\dunecity-tornie-1.0.524-23\build-test-win\bin\/../../mods/Jericho/data/OOFF.VOC'
FileManager: ignoring tiny external VOC placeholder 'C:\Users\canti\Documents\Codex\2026-07-31\cr\work\dunecity-tornie-1.0.524-23\build-test-win\bin\/data/OOFF.VOC'
FileManager: ignoring tiny VOC placeholder 'OOFF.VOC' from TORNIE.PAK
FileManager: ignoring tiny active-mod VOC placeholder 'C:\Users\canti\AppData\Roaming\DuneCity\mods/Jericho/data/OBLOOM.VOC'
FileManager: ignoring tiny active-mod VOC placeholder 'C:\Users\canti\Documents\Codex\2026-07-31\cr\work\dunecity-tornie-1.0.524-23\build-test-win\bin\/mods/Jericho/data/OBLOOM.VOC'
FileManager: ignoring tiny active-mod VOC placeholder 'C:\Users\canti\Documents\Codex\2026-07-31\cr\work\dunecity-tornie-1.0.524-23\build-test-win\bin\/../../mods/Jericho/data/OBLOOM.VOC'
FileManager: ignoring tiny external VOC placeholder 'C:\Users\canti\Documents\Codex\2026-07-31\cr\work\dunecity-tornie-1.0.524-23\build-test-win\bin\/data/OBLOOM.VOC'
FileManager: ignoring tiny VOC placeholder 'OBLOOM.VOC' from TORNIE.PAK
FileManager: ignoring tiny active-mod VOC placeholder 'C:\Users\canti\AppData\Roaming\DuneCity\mods/Jericho/data/OLOCATED.VOC'
FileManager: ignoring tiny active-mod VOC placeholder 'C:\Users\canti\Documents\Codex\2026-07-31\cr\work\dunecity-tornie-1.0.524-23\build-test-win\bin\/mods/Jericho/data/OLOCATED.VOC'
FileManager: ignoring tiny active-mod VOC placeholder 'C:\Users\canti\Documents\Codex\2026-07-31\cr\work\dunecity-tornie-1.0.524-23\build-test-win\bin\/../../mods/Jericho/data/OLOCATED.VOC'
FileManager: ignoring tiny external VOC placeholder 'C:\Users\canti\Documents\Codex\2026-07-31\cr\work\dunecity-tornie-1.0.524-23\build-test-win\bin\/data/OLOCATED.VOC'
FileManager: ignoring tiny VOC placeholder 'OLOCATED.VOC' from TORNIE.PAK
FileManager: ignoring tiny active-mod VOC placeholder 'C:\Users\canti\AppData\Roaming\DuneCity\mods/Jericho/data/OWARNING.VOC'
FileManager: ignoring tiny active-mod VOC placeholder 'C:\Users\canti\Documents\Codex\2026-07-31\cr\work\dunecity-tornie-1.0.524-23\build-test-win\bin\/mods/Jericho/data/OWARNING.VOC'
FileManager: ignoring tiny active-mod VOC placeholder 'C:\Users\canti\Documents\Codex\2026-07-31\cr\work\dunecity-tornie-1.0.524-23\build-test-win\bin\/../../mods/Jericho/data/OWARNING.VOC'
FileManager: ignoring tiny external VOC placeholder 'C:\Users\canti\Documents\Codex\2026-07-31\cr\work\dunecity-tornie-1.0.524-23\build-test-win\bin\/data/OWARNING.VOC'
FileManager: ignoring tiny VOC placeholder 'OWARNING.VOC' from TORNIE.PAK
FileManager: ignoring tiny active-mod VOC placeholder 'C:\Users\canti\AppData\Roaming\DuneCity\mods/Jericho/data/OWORMY.VOC'
FileManager: ignoring tiny active-mod VOC placeholder 'C:\Users\canti\Documents\Codex\2026-07-31\cr\work\dunecity-tornie-1.0.524-23\build-test-win\bin\/mods/Jericho/data/OWORMY.VOC'
FileManager: ignoring tiny active-mod VOC placeholder 'C:\Users\canti\Documents\Codex\2026-07-31\cr\work\dunecity-tornie-1.0.524-23\build-test-win\bin\/../../mods/Jericho/data/OWORMY.VOC'
FileManager: ignoring tiny external VOC placeholder 'C:\Users\canti\Documents\Codex\2026-07-31\cr\work\dunecity-tornie-1.0.524-23\build-test-win\bin\/data/OWORMY.VOC'
FileManager: ignoring tiny VOC placeholder 'OWORMY.VOC' from TORNIE.PAK
FileManager: ignoring tiny active-mod VOC placeholder 'C:\Users\canti\AppData\Roaming\DuneCity\mods/Jericho/data/OATTACK.VOC'
FileManager: ignoring tiny active-mod VOC placeholder 'C:\Users\canti\Documents\Codex\2026-07-31\cr\work\dunecity-tornie-1.0.524-23\build-test-win\bin\/mods/Jericho/data/OATTACK.VOC'
FileManager: ignoring tiny active-mod VOC placeholder 'C:\Users\canti\Documents\Codex\2026-07-31\cr\work\dunecity-tornie-1.0.524-23\build-test-win\bin\/../../mods/Jericho/data/OATTACK.VOC'
FileManager: ignoring tiny external VOC placeholder 'C:\Users\canti\Documents\Codex\2026-07-31\cr\work\dunecity-tornie-1.0.524-23\build-test-win\bin\/data/OATTACK.VOC'
FileManager: ignoring tiny VOC placeholder 'OATTACK.VOC' from TORNIE.PAK
FileManager: ignoring tiny active-mod VOC placeholder 'C:\Users\canti\AppData\Roaming\DuneCity\mods/Jericho/data/OSABOT.VOC'
FileManager: ignoring tiny active-mod VOC placeholder 'C:\Users\canti\Documents\Codex\2026-07-31\cr\work\dunecity-tornie-1.0.524-23\build-test-win\bin\/mods/Jericho/data/OSABOT.VOC'
FileManager: ignoring tiny active-mod VOC placeholder 'C:\Users\canti\Documents\Codex\2026-07-31\cr\work\dunecity-tornie-1.0.524-23\build-test-win\bin\/../../mods/Jericho/data/OSABOT.VOC'
FileManager: ignoring tiny external VOC placeholder 'C:\Users\canti\Documents\Codex\2026-07-31\cr\work\dunecity-tornie-1.0.524-23\build-test-win\bin\/data/OSABOT.VOC'
FileManager: ignoring tiny VOC placeholder 'OSABOT.VOC' from TORNIE.PAK
FileManager: ignoring tiny active-mod VOC placeholder 'C:\Users\canti\AppData\Roaming\DuneCity\mods/Jericho/data/OMISSILE.VOC'
FileManager: ignoring tiny active-mod VOC placeholder 'C:\Users\canti\Documents\Codex\2026-07-31\cr\work\dunecity-tornie-1.0.524-23\build-test-win\bin\/mods/Jericho/data/OMISSILE.VOC'
FileManager: ignoring tiny active-mod VOC placeholder 'C:\Users\canti\Documents\Codex\2026-07-31\cr\work\dunecity-tornie-1.0.524-23\build-test-win\bin\/../../mods/Jericho/data/OMISSILE.VOC'
FileManager: ignoring tiny external VOC placeholder 'C:\Users\canti\Documents\Codex\2026-07-31\cr\work\dunecity-tornie-1.0.524-23\build-test-win\bin\/data/OMISSILE.VOC'
FileManager: ignoring tiny VOC placeholder 'OMISSILE.VOC' from TORNIE.PAK
FileManager: ignoring tiny active-mod VOC placeholder 'C:\Users\canti\AppData\Roaming\DuneCity\mods/Jericho/data/OAPPRCH.VOC'
FileManager: ignoring tiny active-mod VOC placeholder 'C:\Users\canti\Documents\Codex\2026-07-31\cr\work\dunecity-tornie-1.0.524-23\build-test-win\bin\/mods/Jericho/data/OAPPRCH.VOC'
FileManager: ignoring tiny active-mod VOC placeholder 'C:\Users\canti\Documents\Codex\2026-07-31\cr\work\dunecity-tornie-1.0.524-23\build-test-win\bin\/../../mods/Jericho/data/OAPPRCH.VOC'
FileManager: ignoring tiny external VOC placeholder 'C:\Users\canti\Documents\Codex\2026-07-31\cr\work\dunecity-tornie-1.0.524-23\build-test-win\bin\/data/OAPPRCH.VOC'
FileManager: ignoring tiny VOC placeholder 'OAPPRCH.VOC' from TORNIE.PAK
FileManager: using active-mod asset 'C:\Users\canti\AppData\Roaming\DuneCity\mods/Jericho/data/WILDSPADE.VOC'
FileManager: using active-mod asset 'C:\Users\canti\AppData\Roaming\DuneCity\mods/Jericho/data/WILDSPADE.VOC'
FileManager: ignoring tiny active-mod VOC placeholder 'C:\Users\canti\AppData\Roaming\DuneCity\mods/Jericho/data/AHARVEST.VOC'
FileManager: ignoring tiny active-mod VOC placeholder 'C:\Users\canti\Documents\Codex\2026-07-31\cr\work\dunecity-tornie-1.0.524-23\build-test-win\bin\/mods/Jericho/data/AHARVEST.VOC'
FileManager: ignoring tiny active-mod VOC placeholder 'C:\Users\canti\Documents\Codex\2026-07-31\cr\work\dunecity-tornie-1.0.524-23\build-test-win\bin\/../../mods/Jericho/data/AHARVEST.VOC'
FileManager: ignoring tiny external VOC placeholder 'C:\Users\canti\Documents\Codex\2026-07-31\cr\work\dunecity-tornie-1.0.524-23\build-test-win\bin\/data/AHARVEST.VOC'
FileManager: ignoring tiny VOC placeholder 'AHARVEST.VOC' from TORNIE.PAK
FileManager: ignoring tiny active-mod VOC placeholder 'C:\Users\canti\AppData\Roaming\DuneCity\mods/Jericho/data/AUNIT.VOC'
FileManager: ignoring tiny active-mod VOC placeholder 'C:\Users\canti\Documents\Codex\2026-07-31\cr\work\dunecity-tornie-1.0.524-23\build-test-win\bin\/mods/Jericho/data/AUNIT.VOC'
FileManager: ignoring tiny active-mod VOC placeholder 'C:\Users\canti\Documents\Codex\2026-07-31\cr\work\dunecity-tornie-1.0.524-23\build-test-win\bin\/../../mods/Jericho/data/AUNIT.VOC'
FileManager: ignoring tiny external VOC placeholder 'C:\Users\canti\Documents\Codex\2026-07-31\cr\work\dunecity-tornie-1.0.524-23\build-test-win\bin\/data/AUNIT.VOC'
FileManager: ignoring tiny VOC placeholder 'AUNIT.VOC' from TORNIE.PAK
FileManager: ignoring tiny active-mod VOC placeholder 'C:\Users\canti\AppData\Roaming\DuneCity\mods/Jericho/data/ADEPLOY.VOC'
FileManager: ignoring tiny active-mod VOC placeholder 'C:\Users\canti\Documents\Codex\2026-07-31\cr\work\dunecity-tornie-1.0.524-23\build-test-win\bin\/mods/Jericho/data/ADEPLOY.VOC'
FileManager: ignoring tiny active-mod VOC placeholder 'C:\Users\canti\Documents\Codex\2026-07-31\cr\work\dunecity-tornie-1.0.524-23\build-test-win\bin\/../../mods/Jericho/data/ADEPLOY.VOC'
FileManager: ignoring tiny external VOC placeholder 'C:\Users\canti\Documents\Codex\2026-07-31\cr\work\dunecity-tornie-1.0.524-23\build-test-win\bin\/data/ADEPLOY.VOC'
FileManager: ignoring tiny VOC placeholder 'ADEPLOY.VOC' from TORNIE.PAK
FileManager: ignoring tiny active-mod VOC placeholder 'C:\Users\canti\AppData\Roaming\DuneCity\mods/Jericho/data/ALAUNCH.VOC'
FileManager: ignoring tiny active-mod VOC placeholder 'C:\Users\canti\Documents\Codex\2026-07-31\cr\work\dunecity-tornie-1.0.524-23\build-test-win\bin\/mods/Jericho/data/ALAUNCH.VOC'
FileManager: ignoring tiny active-mod VOC placeholder 'C:\Users\canti\Documents\Codex\2026-07-31\cr\work\dunecity-tornie-1.0.524-23\build-test-win\bin\/../../mods/Jericho/data/ALAUNCH.VOC'
FileManager: ignoring tiny external VOC placeholder 'C:\Users\canti\Documents\Codex\2026-07-31\cr\work\dunecity-tornie-1.0.524-23\build-test-win\bin\/data/ALAUNCH.VOC'
FileManager: ignoring tiny VOC placeholder 'ALAUNCH.VOC' from TORNIE.PAK
FileManager: ignoring tiny active-mod VOC placeholder 'C:\Users\canti\AppData\Roaming\DuneCity\mods/Jericho/data/ACONST.VOC'
FileManager: ignoring tiny active-mod VOC placeholder 'C:\Users\canti\Documents\Codex\2026-07-31\cr\work\dunecity-tornie-1.0.524-23\build-test-win\bin\/mods/Jericho/data/ACONST.VOC'
FileManager: ignoring tiny active-mod VOC placeholder 'C:\Users\canti\Documents\Codex\2026-07-31\cr\work\dunecity-tornie-1.0.524-23\build-test-win\bin\/../../mods/Jericho/data/ACONST.VOC'
FileManager: ignoring tiny external VOC placeholder 'C:\Users\canti\Documents\Codex\2026-07-31\cr\work\dunecity-tornie-1.0.524-23\build-test-win\bin\/data/ACONST.VOC'
FileManager: ignoring tiny VOC placeholder 'ACONST.VOC' from TORNIE.PAK
FileManager: ignoring tiny active-mod VOC placeholder 'C:\Users\canti\AppData\Roaming\DuneCity\mods/Jericho/data/AVEHICLE.VOC'
FileManager: ignoring tiny active-mod VOC placeholder 'C:\Users\canti\Documents\Codex\2026-07-31\cr\work\dunecity-tornie-1.0.524-23\build-test-win\bin\/mods/Jericho/data/AVEHICLE.VOC'
FileManager: ignoring tiny active-mod VOC placeholder 'C:\Users\canti\Documents\Codex\2026-07-31\cr\work\dunecity-tornie-1.0.524-23\build-test-win\bin\/../../mods/Jericho/data/AVEHICLE.VOC'
FileManager: ignoring tiny external VOC placeholder 'C:\Users\canti\Documents\Codex\2026-07-31\cr\work\dunecity-tornie-1.0.524-23\build-test-win\bin\/data/AVEHICLE.VOC'
FileManager: ignoring tiny VOC placeholder 'AVEHICLE.VOC' from TORNIE.PAK
FileManager: ignoring tiny active-mod VOC placeholder 'C:\Users\canti\AppData\Roaming\DuneCity\mods/Jericho/data/AREPAIR.VOC'
FileManager: ignoring tiny active-mod VOC placeholder 'C:\Users\canti\Documents\Codex\2026-07-31\cr\work\dunecity-tornie-1.0.524-23\build-test-win\bin\/mods/Jericho/data/AREPAIR.VOC'
FileManager: ignoring tiny active-mod VOC placeholder 'C:\Users\canti\Documents\Codex\2026-07-31\cr\work\dunecity-tornie-1.0.524-23\build-test-win\bin\/../../mods/Jericho/data/AREPAIR.VOC'
FileManager: ignoring tiny external VOC placeholder 'C:\Users\canti\Documents\Codex\2026-07-31\cr\work\dunecity-tornie-1.0.524-23\build-test-win\bin\/data/AREPAIR.VOC'
FileManager: ignoring tiny VOC placeholder 'AREPAIR.VOC' from TORNIE.PAK
FileManager: ignoring tiny active-mod VOC placeholder 'C:\Users\canti\AppData\Roaming\DuneCity\mods/Jericho/data/AFRIGATE.VOC'
FileManager: ignoring tiny active-mod VOC placeholder 'C:\Users\canti\Documents\Codex\2026-07-31\cr\work\dunecity-tornie-1.0.524-23\build-test-win\bin\/mods/Jericho/data/AFRIGATE.VOC'
FileManager: ignoring tiny active-mod VOC placeholder 'C:\Users\canti\Documents\Codex\2026-07-31\cr\work\dunecity-tornie-1.0.524-23\build-test-win\bin\/../../mods/Jericho/data/AFRIGATE.VOC'
FileManager: ignoring tiny external VOC placeholder 'C:\Users\canti\Documents\Codex\2026-07-31\cr\work\dunecity-tornie-1.0.524-23\build-test-win\bin\/data/AFRIGATE.VOC'
FileManager: ignoring tiny VOC placeholder 'AFRIGATE.VOC' from TORNIE.PAK
FileManager: ignoring tiny active-mod VOC placeholder 'C:\Users\canti\AppData\Roaming\DuneCity\mods/Jericho/data/AARRIVE.VOC'
FileManager: ignoring tiny active-mod VOC placeholder 'C:\Users\canti\Documents\Codex\2026-07-31\cr\work\dunecity-tornie-1.0.524-23\build-test-win\bin\/mods/Jericho/data/AARRIVE.VOC'
FileManager: ignoring tiny active-mod VOC placeholder 'C:\Users\canti\Documents\Codex\2026-07-31\cr\work\dunecity-tornie-1.0.524-23\build-test-win\bin\/../../mods/Jericho/data/AARRIVE.VOC'
FileManager: ignoring tiny external VOC placeholder 'C:\Users\canti\Documents\Codex\2026-07-31\cr\work\dunecity-tornie-1.0.524-23\build-test-win\bin\/data/AARRIVE.VOC'
FileManager: ignoring tiny VOC placeholder 'AARRIVE.VOC' from TORNIE.PAK
FileManager: ignoring tiny active-mod VOC placeholder 'C:\Users\canti\AppData\Roaming\DuneCity\mods/Jericho/data/AWIN.VOC'
FileManager: ignoring tiny active-mod VOC placeholder 'C:\Users\canti\Documents\Codex\2026-07-31\cr\work\dunecity-tornie-1.0.524-23\build-test-win\bin\/mods/Jericho/data/AWIN.VOC'
FileManager: ignoring tiny active-mod VOC placeholder 'C:\Users\canti\Documents\Codex\2026-07-31\cr\work\dunecity-tornie-1.0.524-23\build-test-win\bin\/../../mods/Jericho/data/AWIN.VOC'
FileManager: ignoring tiny external VOC placeholder 'C:\Users\canti\Documents\Codex\2026-07-31\cr\work\dunecity-tornie-1.0.524-23\build-test-win\bin\/data/AWIN.VOC'
FileManager: ignoring tiny VOC placeholder 'AWIN.VOC' from TORNIE.PAK
FileManager: ignoring tiny active-mod VOC placeholder 'C:\Users\canti\AppData\Roaming\DuneCity\mods/Jericho/data/ALOSE.VOC'
FileManager: ignoring tiny active-mod VOC placeholder 'C:\Users\canti\Documents\Codex\2026-07-31\cr\work\dunecity-tornie-1.0.524-23\build-test-win\bin\/mods/Jericho/data/ALOSE.VOC'
FileManager: ignoring tiny active-mod VOC placeholder 'C:\Users\canti\Documents\Codex\2026-07-31\cr\work\dunecity-tornie-1.0.524-23\build-test-win\bin\/../../mods/Jericho/data/ALOSE.VOC'
FileManager: ignoring tiny external VOC placeholder 'C:\Users\canti\Documents\Codex\2026-07-31\cr\work\dunecity-tornie-1.0.524-23\build-test-win\bin\/data/ALOSE.VOC'
FileManager: ignoring tiny VOC placeholder 'ALOSE.VOC' from TORNIE.PAK
FileManager: ignoring tiny active-mod VOC placeholder 'C:\Users\canti\AppData\Roaming\DuneCity\mods/Jericho/data/ARADAR.VOC'
FileManager: ignoring tiny active-mod VOC placeholder 'C:\Users\canti\Documents\Codex\2026-07-31\cr\work\dunecity-tornie-1.0.524-23\build-test-win\bin\/mods/Jericho/data/ARADAR.VOC'
FileManager: ignoring tiny active-mod VOC placeholder 'C:\Users\canti\Documents\Codex\2026-07-31\cr\work\dunecity-tornie-1.0.524-23\build-test-win\bin\/../../mods/Jericho/data/ARADAR.VOC'
FileManager: ignoring tiny external VOC placeholder 'C:\Users\canti\Documents\Codex\2026-07-31\cr\work\dunecity-tornie-1.0.524-23\build-test-win\bin\/data/ARADAR.VOC'
FileManager: ignoring tiny VOC placeholder 'ARADAR.VOC' from TORNIE.PAK
FileManager: ignoring tiny active-mod VOC placeholder 'C:\Users\canti\AppData\Roaming\DuneCity\mods/Jericho/data/AON.VOC'
FileManager: ignoring tiny active-mod VOC placeholder 'C:\Users\canti\Documents\Codex\2026-07-31\cr\work\dunecity-tornie-1.0.524-23\build-test-win\bin\/mods/Jericho/data/AON.VOC'
FileManager: ignoring tiny active-mod VOC placeholder 'C:\Users\canti\Documents\Codex\2026-07-31\cr\work\dunecity-tornie-1.0.524-23\build-test-win\bin\/../../mods/Jericho/data/AON.VOC'
FileManager: ignoring tiny external VOC placeholder 'C:\Users\canti\Documents\Codex\2026-07-31\cr\work\dunecity-tornie-1.0.524-23\build-test-win\bin\/data/AON.VOC'
FileManager: ignoring tiny VOC placeholder 'AON.VOC' from TORNIE.PAK
FileManager: ignoring tiny active-mod VOC placeholder 'C:\Users\canti\AppData\Roaming\DuneCity\mods/Jericho/data/AOFF.VOC'
FileManager: ignoring tiny active-mod VOC placeholder 'C:\Users\canti\Documents\Codex\2026-07-31\cr\work\dunecity-tornie-1.0.524-23\build-test-win\bin\/mods/Jericho/data/AOFF.VOC'
FileManager: ignoring tiny active-mod VOC placeholder 'C:\Users\canti\Documents\Codex\2026-07-31\cr\work\dunecity-tornie-1.0.524-23\build-test-win\bin\/../../mods/Jericho/data/AOFF.VOC'
FileManager: ignoring tiny external VOC placeholder 'C:\Users\canti\Documents\Codex\2026-07-31\cr\work\dunecity-tornie-1.0.524-23\build-test-win\bin\/data/AOFF.VOC'
FileManager: ignoring tiny VOC placeholder 'AOFF.VOC' from TORNIE.PAK
FileManager: ignoring tiny active-mod VOC placeholder 'C:\Users\canti\AppData\Roaming\DuneCity\mods/Jericho/data/ABLOOM.VOC'
FileManager: ignoring tiny active-mod VOC placeholder 'C:\Users\canti\Documents\Codex\2026-07-31\cr\work\dunecity-tornie-1.0.524-23\build-test-win\bin\/mods/Jericho/data/ABLOOM.VOC'
FileManager: ignoring tiny active-mod VOC placeholder 'C:\Users\canti\Documents\Codex\2026-07-31\cr\work\dunecity-tornie-1.0.524-23\build-test-win\bin\/../../mods/Jericho/data/ABLOOM.VOC'
FileManager: ignoring tiny external VOC placeholder 'C:\Users\canti\Documents\Codex\2026-07-31\cr\work\dunecity-tornie-1.0.524-23\build-test-win\bin\/data/ABLOOM.VOC'
FileManager: ignoring tiny VOC placeholder 'ABLOOM.VOC' from TORNIE.PAK
FileManager: ignoring tiny active-mod VOC placeholder 'C:\Users\canti\AppData\Roaming\DuneCity\mods/Jericho/data/ALOCATED.VOC'
FileManager: ignoring tiny active-mod VOC placeholder 'C:\Users\canti\Documents\Codex\2026-07-31\cr\work\dunecity-tornie-1.0.524-23\build-test-win\bin\/mods/Jericho/data/ALOCATED.VOC'
FileManager: ignoring tiny active-mod VOC placeholder 'C:\Users\canti\Documents\Codex\2026-07-31\cr\work\dunecity-tornie-1.0.524-23\build-test-win\bin\/../../mods/Jericho/data/ALOCATED.VOC'
FileManager: ignoring tiny external VOC placeholder 'C:\Users\canti\Documents\Codex\2026-07-31\cr\work\dunecity-tornie-1.0.524-23\build-test-win\bin\/data/ALOCATED.VOC'
FileManager: ignoring tiny VOC placeholder 'ALOCATED.VOC' from TORNIE.PAK
FileManager: ignoring tiny active-mod VOC placeholder 'C:\Users\canti\AppData\Roaming\DuneCity\mods/Jericho/data/AWARNING.VOC'
FileManager: ignoring tiny active-mod VOC placeholder 'C:\Users\canti\Documents\Codex\2026-07-31\cr\work\dunecity-tornie-1.0.524-23\build-test-win\bin\/mods/Jericho/data/AWARNING.VOC'
FileManager: ignoring tiny active-mod VOC placeholder 'C:\Users\canti\Documents\Codex\2026-07-31\cr\work\dunecity-tornie-1.0.524-23\build-test-win\bin\/../../mods/Jericho/data/AWARNING.VOC'
FileManager: ignoring tiny external VOC placeholder 'C:\Users\canti\Documents\Codex\2026-07-31\cr\work\dunecity-tornie-1.0.524-23\build-test-win\bin\/data/AWARNING.VOC'
FileManager: ignoring tiny VOC placeholder 'AWARNING.VOC' from TORNIE.PAK
FileManager: ignoring tiny active-mod VOC placeholder 'C:\Users\canti\AppData\Roaming\DuneCity\mods/Jericho/data/AWORMY.VOC'
FileManager: ignoring tiny active-mod VOC placeholder 'C:\Users\canti\Documents\Codex\2026-07-31\cr\work\dunecity-tornie-1.0.524-23\build-test-win\bin\/mods/Jericho/data/AWORMY.VOC'
FileManager: ignoring tiny active-mod VOC placeholder 'C:\Users\canti\Documents\Codex\2026-07-31\cr\work\dunecity-tornie-1.0.524-23\build-test-win\bin\/../../mods/Jericho/data/AWORMY.VOC'
FileManager: ignoring tiny external VOC placeholder 'C:\Users\canti\Documents\Codex\2026-07-31\cr\work\dunecity-tornie-1.0.524-23\build-test-win\bin\/data/AWORMY.VOC'
FileManager: ignoring tiny VOC placeholder 'AWORMY.VOC' from TORNIE.PAK
FileManager: ignoring tiny active-mod VOC placeholder 'C:\Users\canti\AppData\Roaming\DuneCity\mods/Jericho/data/AATTACK.VOC'
FileManager: ignoring tiny active-mod VOC placeholder 'C:\Users\canti\Documents\Codex\2026-07-31\cr\work\dunecity-tornie-1.0.524-23\build-test-win\bin\/mods/Jericho/data/AATTACK.VOC'
FileManager: ignoring tiny active-mod VOC placeholder 'C:\Users\canti\Documents\Codex\2026-07-31\cr\work\dunecity-tornie-1.0.524-23\build-test-win\bin\/../../mods/Jericho/data/AATTACK.VOC'
FileManager: ignoring tiny external VOC placeholder 'C:\Users\canti\Documents\Codex\2026-07-31\cr\work\dunecity-tornie-1.0.524-23\build-test-win\bin\/data/AATTACK.VOC'
FileManager: ignoring tiny VOC placeholder 'AATTACK.VOC' from TORNIE.PAK
FileManager: ignoring tiny active-mod VOC placeholder 'C:\Users\canti\AppData\Roaming\DuneCity\mods/Jericho/data/ASABOT.VOC'
FileManager: ignoring tiny active-mod VOC placeholder 'C:\Users\canti\Documents\Codex\2026-07-31\cr\work\dunecity-tornie-1.0.524-23\build-test-win\bin\/mods/Jericho/data/ASABOT.VOC'
FileManager: ignoring tiny active-mod VOC placeholder 'C:\Users\canti\Documents\Codex\2026-07-31\cr\work\dunecity-tornie-1.0.524-23\build-test-win\bin\/../../mods/Jericho/data/ASABOT.VOC'
FileManager: ignoring tiny external VOC placeholder 'C:\Users\canti\Documents\Codex\2026-07-31\cr\work\dunecity-tornie-1.0.524-23\build-test-win\bin\/data/ASABOT.VOC'
FileManager: ignoring tiny VOC placeholder 'ASABOT.VOC' from TORNIE.PAK
FileManager: ignoring tiny active-mod VOC placeholder 'C:\Users\canti\AppData\Roaming\DuneCity\mods/Jericho/data/AMISSILE.VOC'
FileManager: ignoring tiny active-mod VOC placeholder 'C:\Users\canti\Documents\Codex\2026-07-31\cr\work\dunecity-tornie-1.0.524-23\build-test-win\bin\/mods/Jericho/data/AMISSILE.VOC'
FileManager: ignoring tiny active-mod VOC placeholder 'C:\Users\canti\Documents\Codex\2026-07-31\cr\work\dunecity-tornie-1.0.524-23\build-test-win\bin\/../../mods/Jericho/data/AMISSILE.VOC'
FileManager: ignoring tiny external VOC placeholder 'C:\Users\canti\Documents\Codex\2026-07-31\cr\work\dunecity-tornie-1.0.524-23\build-test-win\bin\/data/AMISSILE.VOC'
FileManager: ignoring tiny VOC placeholder 'AMISSILE.VOC' from TORNIE.PAK
FileManager: ignoring tiny active-mod VOC placeholder 'C:\Users\canti\AppData\Roaming\DuneCity\mods/Jericho/data/AAPPRCH.VOC'
FileManager: ignoring tiny active-mod VOC placeholder 'C:\Users\canti\Documents\Codex\2026-07-31\cr\work\dunecity-tornie-1.0.524-23\build-test-win\bin\/mods/Jericho/data/AAPPRCH.VOC'
FileManager: ignoring tiny active-mod VOC placeholder 'C:\Users\canti\Documents\Codex\2026-07-31\cr\work\dunecity-tornie-1.0.524-23\build-test-win\bin\/../../mods/Jericho/data/AAPPRCH.VOC'
FileManager: ignoring tiny external VOC placeholder 'C:\Users\canti\Documents\Codex\2026-07-31\cr\work\dunecity-tornie-1.0.524-23\build-test-win\bin\/data/AAPPRCH.VOC'
FileManager: ignoring tiny VOC placeholder 'AAPPRCH.VOC' from TORNIE.PAK
FileManager: using active-mod asset 'C:\Users\canti\AppData\Roaming\DuneCity\mods/Jericho/data/WILDSPADE.VOC'
FileManager: using active-mod asset 'C:\Users\canti\AppData\Roaming\DuneCity\mods/Jericho/data/KLESHMERSH.VOC'
FileManager: using active-mod asset 'C:\Users\canti\AppData\Roaming\DuneCity\mods/Jericho/data/KLESHMERSH.VOC'
FileManager: ignoring tiny active-mod VOC placeholder 'C:\Users\canti\AppData\Roaming\DuneCity\mods/Jericho/data/HHARVEST.VOC'
FileManager: ignoring tiny active-mod VOC placeholder 'C:\Users\canti\Documents\Codex\2026-07-31\cr\work\dunecity-tornie-1.0.524-23\build-test-win\bin\/mods/Jericho/data/HHARVEST.VOC'
FileManager: ignoring tiny active-mod VOC placeholder 'C:\Users\canti\Documents\Codex\2026-07-31\cr\work\dunecity-tornie-1.0.524-23\build-test-win\bin\/../../mods/Jericho/data/HHARVEST.VOC'
FileManager: ignoring tiny external VOC placeholder 'C:\Users\canti\Documents\Codex\2026-07-31\cr\work\dunecity-tornie-1.0.524-23\build-test-win\bin\/data/HHARVEST.VOC'
FileManager: ignoring tiny VOC placeholder 'HHARVEST.VOC' from TORNIE.PAK
FileManager: ignoring tiny active-mod VOC placeholder 'C:\Users\canti\AppData\Roaming\DuneCity\mods/Jericho/data/HUNIT.VOC'
FileManager: ignoring tiny active-mod VOC placeholder 'C:\Users\canti\Documents\Codex\2026-07-31\cr\work\dunecity-tornie-1.0.524-23\build-test-win\bin\/mods/Jericho/data/HUNIT.VOC'
FileManager: ignoring tiny active-mod VOC placeholder 'C:\Users\canti\Documents\Codex\2026-07-31\cr\work\dunecity-tornie-1.0.524-23\build-test-win\bin\/../../mods/Jericho/data/HUNIT.VOC'
FileManager: ignoring tiny external VOC placeholder 'C:\Users\canti\Documents\Codex\2026-07-31\cr\work\dunecity-tornie-1.0.524-23\build-test-win\bin\/data/HUNIT.VOC'
FileManager: ignoring tiny VOC placeholder 'HUNIT.VOC' from TORNIE.PAK
FileManager: ignoring tiny active-mod VOC placeholder 'C:\Users\canti\AppData\Roaming\DuneCity\mods/Jericho/data/HDEPLOY.VOC'
FileManager: ignoring tiny active-mod VOC placeholder 'C:\Users\canti\Documents\Codex\2026-07-31\cr\work\dunecity-tornie-1.0.524-23\build-test-win\bin\/mods/Jericho/data/HDEPLOY.VOC'
FileManager: ignoring tiny active-mod VOC placeholder 'C:\Users\canti\Documents\Codex\2026-07-31\cr\work\dunecity-tornie-1.0.524-23\build-test-win\bin\/../../mods/Jericho/data/HDEPLOY.VOC'
FileManager: ignoring tiny external VOC placeholder 'C:\Users\canti\Documents\Codex\2026-07-31\cr\work\dunecity-tornie-1.0.524-23\build-test-win\bin\/data/HDEPLOY.VOC'
FileManager: ignoring tiny VOC placeholder 'HDEPLOY.VOC' from TORNIE.PAK
FileManager: ignoring tiny active-mod VOC placeholder 'C:\Users\canti\AppData\Roaming\DuneCity\mods/Jericho/data/HLAUNCH.VOC'
FileManager: ignoring tiny active-mod VOC placeholder 'C:\Users\canti\Documents\Codex\2026-07-31\cr\work\dunecity-tornie-1.0.524-23\build-test-win\bin\/mods/Jericho/data/HLAUNCH.VOC'
FileManager: ignoring tiny active-mod VOC placeholder 'C:\Users\canti\Documents\Codex\2026-07-31\cr\work\dunecity-tornie-1.0.524-23\build-test-win\bin\/../../mods/Jericho/data/HLAUNCH.VOC'
FileManager: ignoring tiny external VOC placeholder 'C:\Users\canti\Documents\Codex\2026-07-31\cr\work\dunecity-tornie-1.0.524-23\build-test-win\bin\/data/HLAUNCH.VOC'
FileManager: ignoring tiny VOC placeholder 'HLAUNCH.VOC' from TORNIE.PAK
FileManager: ignoring tiny active-mod VOC placeholder 'C:\Users\canti\AppData\Roaming\DuneCity\mods/Jericho/data/HCONST.VOC'
FileManager: ignoring tiny active-mod VOC placeholder 'C:\Users\canti\Documents\Codex\2026-07-31\cr\work\dunecity-tornie-1.0.524-23\build-test-win\bin\/mods/Jericho/data/HCONST.VOC'
FileManager: ignoring tiny active-mod VOC placeholder 'C:\Users\canti\Documents\Codex\2026-07-31\cr\work\dunecity-tornie-1.0.524-23\build-test-win\bin\/../../mods/Jericho/data/HCONST.VOC'
FileManager: ignoring tiny external VOC placeholder 'C:\Users\canti\Documents\Codex\2026-07-31\cr\work\dunecity-tornie-1.0.524-23\build-test-win\bin\/data/HCONST.VOC'
FileManager: ignoring tiny VOC placeholder 'HCONST.VOC' from TORNIE.PAK
FileManager: ignoring tiny active-mod VOC placeholder 'C:\Users\canti\AppData\Roaming\DuneCity\mods/Jericho/data/HVEHICLE.VOC'
FileManager: ignoring tiny active-mod VOC placeholder 'C:\Users\canti\Documents\Codex\2026-07-31\cr\work\dunecity-tornie-1.0.524-23\build-test-win\bin\/mods/Jericho/data/HVEHICLE.VOC'
FileManager: ignoring tiny active-mod VOC placeholder 'C:\Users\canti\Documents\Codex\2026-07-31\cr\work\dunecity-tornie-1.0.524-23\build-test-win\bin\/../../mods/Jericho/data/HVEHICLE.VOC'
FileManager: ignoring tiny external VOC placeholder 'C:\Users\canti\Documents\Codex\2026-07-31\cr\work\dunecity-tornie-1.0.524-23\build-test-win\bin\/data/HVEHICLE.VOC'
FileManager: ignoring tiny VOC placeholder 'HVEHICLE.VOC' from TORNIE.PAK
FileManager: ignoring tiny active-mod VOC placeholder 'C:\Users\canti\AppData\Roaming\DuneCity\mods/Jericho/data/HREPAIR.VOC'
FileManager: ignoring tiny active-mod VOC placeholder 'C:\Users\canti\Documents\Codex\2026-07-31\cr\work\dunecity-tornie-1.0.524-23\build-test-win\bin\/mods/Jericho/data/HREPAIR.VOC'
FileManager: ignoring tiny active-mod VOC placeholder 'C:\Users\canti\Documents\Codex\2026-07-31\cr\work\dunecity-tornie-1.0.524-23\build-test-win\bin\/../../mods/Jericho/data/HREPAIR.VOC'
FileManager: ignoring tiny external VOC placeholder 'C:\Users\canti\Documents\Codex\2026-07-31\cr\work\dunecity-tornie-1.0.524-23\build-test-win\bin\/data/HREPAIR.VOC'
FileManager: ignoring tiny VOC placeholder 'HREPAIR.VOC' from TORNIE.PAK
FileManager: ignoring tiny active-mod VOC placeholder 'C:\Users\canti\AppData\Roaming\DuneCity\mods/Jericho/data/HFRIGATE.VOC'
FileManager: ignoring tiny active-mod VOC placeholder 'C:\Users\canti\Documents\Codex\2026-07-31\cr\work\dunecity-tornie-1.0.524-23\build-test-win\bin\/mods/Jericho/data/HFRIGATE.VOC'
FileManager: ignoring tiny active-mod VOC placeholder 'C:\Users\canti\Documents\Codex\2026-07-31\cr\work\dunecity-tornie-1.0.524-23\build-test-win\bin\/../../mods/Jericho/data/HFRIGATE.VOC'
FileManager: ignoring tiny external VOC placeholder 'C:\Users\canti\Documents\Codex\2026-07-31\cr\work\dunecity-tornie-1.0.524-23\build-test-win\bin\/data/HFRIGATE.VOC'
FileManager: ignoring tiny VOC placeholder 'HFRIGATE.VOC' from TORNIE.PAK
FileManager: ignoring tiny active-mod VOC placeholder 'C:\Users\canti\AppData\Roaming\DuneCity\mods/Jericho/data/HARRIVE.VOC'
FileManager: ignoring tiny active-mod VOC placeholder 'C:\Users\canti\Documents\Codex\2026-07-31\cr\work\dunecity-tornie-1.0.524-23\build-test-win\bin\/mods/Jericho/data/HARRIVE.VOC'
FileManager: ignoring tiny active-mod VOC placeholder 'C:\Users\canti\Documents\Codex\2026-07-31\cr\work\dunecity-tornie-1.0.524-23\build-test-win\bin\/../../mods/Jericho/data/HARRIVE.VOC'
FileManager: ignoring tiny external VOC placeholder 'C:\Users\canti\Documents\Codex\2026-07-31\cr\work\dunecity-tornie-1.0.524-23\build-test-win\bin\/data/HARRIVE.VOC'
FileManager: ignoring tiny VOC placeholder 'HARRIVE.VOC' from TORNIE.PAK
FileManager: ignoring tiny active-mod VOC placeholder 'C:\Users\canti\AppData\Roaming\DuneCity\mods/Jericho/data/HWIN.VOC'
FileManager: ignoring tiny active-mod VOC placeholder 'C:\Users\canti\Documents\Codex\2026-07-31\cr\work\dunecity-tornie-1.0.524-23\build-test-win\bin\/mods/Jericho/data/HWIN.VOC'
FileManager: ignoring tiny active-mod VOC placeholder 'C:\Users\canti\Documents\Codex\2026-07-31\cr\work\dunecity-tornie-1.0.524-23\build-test-win\bin\/../../mods/Jericho/data/HWIN.VOC'
FileManager: ignoring tiny external VOC placeholder 'C:\Users\canti\Documents\Codex\2026-07-31\cr\work\dunecity-tornie-1.0.524-23\build-test-win\bin\/data/HWIN.VOC'
FileManager: ignoring tiny VOC placeholder 'HWIN.VOC' from TORNIE.PAK
FileManager: ignoring tiny active-mod VOC placeholder 'C:\Users\canti\AppData\Roaming\DuneCity\mods/Jericho/data/HLOSE.VOC'
FileManager: ignoring tiny active-mod VOC placeholder 'C:\Users\canti\Documents\Codex\2026-07-31\cr\work\dunecity-tornie-1.0.524-23\build-test-win\bin\/mods/Jericho/data/HLOSE.VOC'
FileManager: ignoring tiny active-mod VOC placeholder 'C:\Users\canti\Documents\Codex\2026-07-31\cr\work\dunecity-tornie-1.0.524-23\build-test-win\bin\/../../mods/Jericho/data/HLOSE.VOC'
FileManager: ignoring tiny external VOC placeholder 'C:\Users\canti\Documents\Codex\2026-07-31\cr\work\dunecity-tornie-1.0.524-23\build-test-win\bin\/data/HLOSE.VOC'
FileManager: ignoring tiny VOC placeholder 'HLOSE.VOC' from TORNIE.PAK
FileManager: ignoring tiny active-mod VOC placeholder 'C:\Users\canti\AppData\Roaming\DuneCity\mods/Jericho/data/HRADAR.VOC'
FileManager: ignoring tiny active-mod VOC placeholder 'C:\Users\canti\Documents\Codex\2026-07-31\cr\work\dunecity-tornie-1.0.524-23\build-test-win\bin\/mods/Jericho/data/HRADAR.VOC'
FileManager: ignoring tiny active-mod VOC placeholder 'C:\Users\canti\Documents\Codex\2026-07-31\cr\work\dunecity-tornie-1.0.524-23\build-test-win\bin\/../../mods/Jericho/data/HRADAR.VOC'
FileManager: ignoring tiny external VOC placeholder 'C:\Users\canti\Documents\Codex\2026-07-31\cr\work\dunecity-tornie-1.0.524-23\build-test-win\bin\/data/HRADAR.VOC'
FileManager: ignoring tiny VOC placeholder 'HRADAR.VOC' from TORNIE.PAK
FileManager: ignoring tiny active-mod VOC placeholder 'C:\Users\canti\AppData\Roaming\DuneCity\mods/Jericho/data/HON.VOC'
FileManager: ignoring tiny active-mod VOC placeholder 'C:\Users\canti\Documents\Codex\2026-07-31\cr\work\dunecity-tornie-1.0.524-23\build-test-win\bin\/mods/Jericho/data/HON.VOC'
FileManager: ignoring tiny active-mod VOC placeholder 'C:\Users\canti\Documents\Codex\2026-07-31\cr\work\dunecity-tornie-1.0.524-23\build-test-win\bin\/../../mods/Jericho/data/HON.VOC'
FileManager: ignoring tiny external VOC placeholder 'C:\Users\canti\Documents\Codex\2026-07-31\cr\work\dunecity-tornie-1.0.524-23\build-test-win\bin\/data/HON.VOC'
FileManager: ignoring tiny VOC placeholder 'HON.VOC' from TORNIE.PAK
FileManager: ignoring tiny active-mod VOC placeholder 'C:\Users\canti\AppData\Roaming\DuneCity\mods/Jericho/data/HOFF.VOC'
FileManager: ignoring tiny active-mod VOC placeholder 'C:\Users\canti\Documents\Codex\2026-07-31\cr\work\dunecity-tornie-1.0.524-23\build-test-win\bin\/mods/Jericho/data/HOFF.VOC'
FileManager: ignoring tiny active-mod VOC placeholder 'C:\Users\canti\Documents\Codex\2026-07-31\cr\work\dunecity-tornie-1.0.524-23\build-test-win\bin\/../../mods/Jericho/data/HOFF.VOC'
FileManager: ignoring tiny external VOC placeholder 'C:\Users\canti\Documents\Codex\2026-07-31\cr\work\dunecity-tornie-1.0.524-23\build-test-win\bin\/data/HOFF.VOC'
FileManager: ignoring tiny VOC placeholder 'HOFF.VOC' from TORNIE.PAK
FileManager: ignoring tiny active-mod VOC placeholder 'C:\Users\canti\AppData\Roaming\DuneCity\mods/Jericho/data/HBLOOM.VOC'
FileManager: ignoring tiny active-mod VOC placeholder 'C:\Users\canti\Documents\Codex\2026-07-31\cr\work\dunecity-tornie-1.0.524-23\build-test-win\bin\/mods/Jericho/data/HBLOOM.VOC'
FileManager: ignoring tiny active-mod VOC placeholder 'C:\Users\canti\Documents\Codex\2026-07-31\cr\work\dunecity-tornie-1.0.524-23\build-test-win\bin\/../../mods/Jericho/data/HBLOOM.VOC'
FileManager: ignoring tiny external VOC placeholder 'C:\Users\canti\Documents\Codex\2026-07-31\cr\work\dunecity-tornie-1.0.524-23\build-test-win\bin\/data/HBLOOM.VOC'
FileManager: ignoring tiny VOC placeholder 'HBLOOM.VOC' from TORNIE.PAK
FileManager: ignoring tiny active-mod VOC placeholder 'C:\Users\canti\AppData\Roaming\DuneCity\mods/Jericho/data/HLOCATED.VOC'
FileManager: ignoring tiny active-mod VOC placeholder 'C:\Users\canti\Documents\Codex\2026-07-31\cr\work\dunecity-tornie-1.0.524-23\build-test-win\bin\/mods/Jericho/data/HLOCATED.VOC'
FileManager: ignoring tiny active-mod VOC placeholder 'C:\Users\canti\Documents\Codex\2026-07-31\cr\work\dunecity-tornie-1.0.524-23\build-test-win\bin\/../../mods/Jericho/data/HLOCATED.VOC'
FileManager: ignoring tiny external VOC placeholder 'C:\Users\canti\Documents\Codex\2026-07-31\cr\work\dunecity-tornie-1.0.524-23\build-test-win\bin\/data/HLOCATED.VOC'
FileManager: ignoring tiny VOC placeholder 'HLOCATED.VOC' from TORNIE.PAK
FileManager: ignoring tiny active-mod VOC placeholder 'C:\Users\canti\AppData\Roaming\DuneCity\mods/Jericho/data/HWARNING.VOC'
FileManager: ignoring tiny active-mod VOC placeholder 'C:\Users\canti\Documents\Codex\2026-07-31\cr\work\dunecity-tornie-1.0.524-23\build-test-win\bin\/mods/Jericho/data/HWARNING.VOC'
FileManager: ignoring tiny active-mod VOC placeholder 'C:\Users\canti\Documents\Codex\2026-07-31\cr\work\dunecity-tornie-1.0.524-23\build-test-win\bin\/../../mods/Jericho/data/HWARNING.VOC'
FileManager: ignoring tiny external VOC placeholder 'C:\Users\canti\Documents\Codex\2026-07-31\cr\work\dunecity-tornie-1.0.524-23\build-test-win\bin\/data/HWARNING.VOC'
FileManager: ignoring tiny VOC placeholder 'HWARNING.VOC' from TORNIE.PAK
FileManager: ignoring tiny active-mod VOC placeholder 'C:\Users\canti\AppData\Roaming\DuneCity\mods/Jericho/data/HWORMY.VOC'
FileManager: ignoring tiny active-mod VOC placeholder 'C:\Users\canti\Documents\Codex\2026-07-31\cr\work\dunecity-tornie-1.0.524-23\build-test-win\bin\/mods/Jericho/data/HWORMY.VOC'
FileManager: ignoring tiny active-mod VOC placeholder 'C:\Users\canti\Documents\Codex\2026-07-31\cr\work\dunecity-tornie-1.0.524-23\build-test-win\bin\/../../mods/Jericho/data/HWORMY.VOC'
FileManager: ignoring tiny external VOC placeholder 'C:\Users\canti\Documents\Codex\2026-07-31\cr\work\dunecity-tornie-1.0.524-23\build-test-win\bin\/data/HWORMY.VOC'
FileManager: ignoring tiny VOC placeholder 'HWORMY.VOC' from TORNIE.PAK
FileManager: ignoring tiny active-mod VOC placeholder 'C:\Users\canti\AppData\Roaming\DuneCity\mods/Jericho/data/HATTACK.VOC'
FileManager: ignoring tiny active-mod VOC placeholder 'C:\Users\canti\Documents\Codex\2026-07-31\cr\work\dunecity-tornie-1.0.524-23\build-test-win\bin\/mods/Jericho/data/HATTACK.VOC'
FileManager: ignoring tiny active-mod VOC placeholder 'C:\Users\canti\Documents\Codex\2026-07-31\cr\work\dunecity-tornie-1.0.524-23\build-test-win\bin\/../../mods/Jericho/data/HATTACK.VOC'
FileManager: ignoring tiny external VOC placeholder 'C:\Users\canti\Documents\Codex\2026-07-31\cr\work\dunecity-tornie-1.0.524-23\build-test-win\bin\/data/HATTACK.VOC'
FileManager: ignoring tiny VOC placeholder 'HATTACK.VOC' from TORNIE.PAK
FileManager: ignoring tiny active-mod VOC placeholder 'C:\Users\canti\AppData\Roaming\DuneCity\mods/Jericho/data/HSABOT.VOC'
FileManager: ignoring tiny active-mod VOC placeholder 'C:\Users\canti\Documents\Codex\2026-07-31\cr\work\dunecity-tornie-1.0.524-23\build-test-win\bin\/mods/Jericho/data/HSABOT.VOC'
FileManager: ignoring tiny active-mod VOC placeholder 'C:\Users\canti\Documents\Codex\2026-07-31\cr\work\dunecity-tornie-1.0.524-23\build-test-win\bin\/../../mods/Jericho/data/HSABOT.VOC'
FileManager: ignoring tiny external VOC placeholder 'C:\Users\canti\Documents\Codex\2026-07-31\cr\work\dunecity-tornie-1.0.524-23\build-test-win\bin\/data/HSABOT.VOC'
FileManager: ignoring tiny VOC placeholder 'HSABOT.VOC' from TORNIE.PAK
FileManager: ignoring tiny active-mod VOC placeholder 'C:\Users\canti\AppData\Roaming\DuneCity\mods/Jericho/data/HMISSILE.VOC'
FileManager: ignoring tiny active-mod VOC placeholder 'C:\Users\canti\Documents\Codex\2026-07-31\cr\work\dunecity-tornie-1.0.524-23\build-test-win\bin\/mods/Jericho/data/HMISSILE.VOC'
FileManager: ignoring tiny active-mod VOC placeholder 'C:\Users\canti\Documents\Codex\2026-07-31\cr\work\dunecity-tornie-1.0.524-23\build-test-win\bin\/../../mods/Jericho/data/HMISSILE.VOC'
FileManager: ignoring tiny external VOC placeholder 'C:\Users\canti\Documents\Codex\2026-07-31\cr\work\dunecity-tornie-1.0.524-23\build-test-win\bin\/data/HMISSILE.VOC'
FileManager: ignoring tiny VOC placeholder 'HMISSILE.VOC' from TORNIE.PAK
FileManager: ignoring tiny active-mod VOC placeholder 'C:\Users\canti\AppData\Roaming\DuneCity\mods/Jericho/data/HAPPRCH.VOC'
FileManager: ignoring tiny active-mod VOC placeholder 'C:\Users\canti\Documents\Codex\2026-07-31\cr\work\dunecity-tornie-1.0.524-23\build-test-win\bin\/mods/Jericho/data/HAPPRCH.VOC'
FileManager: ignoring tiny active-mod VOC placeholder 'C:\Users\canti\Documents\Codex\2026-07-31\cr\work\dunecity-tornie-1.0.524-23\build-test-win\bin\/../../mods/Jericho/data/HAPPRCH.VOC'
FileManager: ignoring tiny external VOC placeholder 'C:\Users\canti\Documents\Codex\2026-07-31\cr\work\dunecity-tornie-1.0.524-23\build-test-win\bin\/data/HAPPRCH.VOC'
FileManager: ignoring tiny VOC placeholder 'HAPPRCH.VOC' from TORNIE.PAK
FileManager: using active-mod asset 'C:\Users\canti\AppData\Roaming\DuneCity\mods/Jericho/data/KLESHMERSH.VOC'
FileManager: using active-mod asset 'C:\Users\canti\AppData\Roaming\DuneCity\mods/Jericho/data/OTHARP.VOC'
FileManager: ignoring tiny active-mod VOC placeholder 'C:\Users\canti\AppData\Roaming\DuneCity\mods/Jericho/data/OHARVEST.VOC'
FileManager: ignoring tiny active-mod VOC placeholder 'C:\Users\canti\Documents\Codex\2026-07-31\cr\work\dunecity-tornie-1.0.524-23\build-test-win\bin\/mods/Jericho/data/OHARVEST.VOC'
FileManager: ignoring tiny active-mod VOC placeholder 'C:\Users\canti\Documents\Codex\2026-07-31\cr\work\dunecity-tornie-1.0.524-23\build-test-win\bin\/../../mods/Jericho/data/OHARVEST.VOC'
FileManager: ignoring tiny external VOC placeholder 'C:\Users\canti\Documents\Codex\2026-07-31\cr\work\dunecity-tornie-1.0.524-23\build-test-win\bin\/data/OHARVEST.VOC'
FileManager: ignoring tiny VOC placeholder 'OHARVEST.VOC' from TORNIE.PAK
FileManager: ignoring tiny active-mod VOC placeholder 'C:\Users\canti\AppData\Roaming\DuneCity\mods/Jericho/data/OUNIT.VOC'
FileManager: ignoring tiny active-mod VOC placeholder 'C:\Users\canti\Documents\Codex\2026-07-31\cr\work\dunecity-tornie-1.0.524-23\build-test-win\bin\/mods/Jericho/data/OUNIT.VOC'
FileManager: ignoring tiny active-mod VOC placeholder 'C:\Users\canti\Documents\Codex\2026-07-31\cr\work\dunecity-tornie-1.0.524-23\build-test-win\bin\/../../mods/Jericho/data/OUNIT.VOC'
FileManager: ignoring tiny external VOC placeholder 'C:\Users\canti\Documents\Codex\2026-07-31\cr\work\dunecity-tornie-1.0.524-23\build-test-win\bin\/data/OUNIT.VOC'
FileManager: ignoring tiny VOC placeholder 'OUNIT.VOC' from TORNIE.PAK
FileManager: ignoring tiny active-mod VOC placeholder 'C:\Users\canti\AppData\Roaming\DuneCity\mods/Jericho/data/ODEPLOY.VOC'
FileManager: ignoring tiny active-mod VOC placeholder 'C:\Users\canti\Documents\Codex\2026-07-31\cr\work\dunecity-tornie-1.0.524-23\build-test-win\bin\/mods/Jericho/data/ODEPLOY.VOC'
FileManager: ignoring tiny active-mod VOC placeholder 'C:\Users\canti\Documents\Codex\2026-07-31\cr\work\dunecity-tornie-1.0.524-23\build-test-win\bin\/../../mods/Jericho/data/ODEPLOY.VOC'
FileManager: ignoring tiny external VOC placeholder 'C:\Users\canti\Documents\Codex\2026-07-31\cr\work\dunecity-tornie-1.0.524-23\build-test-win\bin\/data/ODEPLOY.VOC'
FileManager: ignoring tiny VOC placeholder 'ODEPLOY.VOC' from TORNIE.PAK
FileManager: ignoring tiny active-mod VOC placeholder 'C:\Users\canti\AppData\Roaming\DuneCity\mods/Jericho/data/OLAUNCH.VOC'
FileManager: ignoring tiny active-mod VOC placeholder 'C:\Users\canti\Documents\Codex\2026-07-31\cr\work\dunecity-tornie-1.0.524-23\build-test-win\bin\/mods/Jericho/data/OLAUNCH.VOC'
FileManager: ignoring tiny active-mod VOC placeholder 'C:\Users\canti\Documents\Codex\2026-07-31\cr\work\dunecity-tornie-1.0.524-23\build-test-win\bin\/../../mods/Jericho/data/OLAUNCH.VOC'
FileManager: ignoring tiny external VOC placeholder 'C:\Users\canti\Documents\Codex\2026-07-31\cr\work\dunecity-tornie-1.0.524-23\build-test-win\bin\/data/OLAUNCH.VOC'
FileManager: ignoring tiny VOC placeholder 'OLAUNCH.VOC' from TORNIE.PAK
FileManager: ignoring tiny active-mod VOC placeholder 'C:\Users\canti\AppData\Roaming\DuneCity\mods/Jericho/data/OCONST.VOC'
FileManager: ignoring tiny active-mod VOC placeholder 'C:\Users\canti\Documents\Codex\2026-07-31\cr\work\dunecity-tornie-1.0.524-23\build-test-win\bin\/mods/Jericho/data/OCONST.VOC'
FileManager: ignoring tiny active-mod VOC placeholder 'C:\Users\canti\Documents\Codex\2026-07-31\cr\work\dunecity-tornie-1.0.524-23\build-test-win\bin\/../../mods/Jericho/data/OCONST.VOC'
FileManager: ignoring tiny external VOC placeholder 'C:\Users\canti\Documents\Codex\2026-07-31\cr\work\dunecity-tornie-1.0.524-23\build-test-win\bin\/data/OCONST.VOC'
FileManager: ignoring tiny VOC placeholder 'OCONST.VOC' from TORNIE.PAK
FileManager: ignoring tiny active-mod VOC placeholder 'C:\Users\canti\AppData\Roaming\DuneCity\mods/Jericho/data/OVEHICLE.VOC'
FileManager: ignoring tiny active-mod VOC placeholder 'C:\Users\canti\Documents\Codex\2026-07-31\cr\work\dunecity-tornie-1.0.524-23\build-test-win\bin\/mods/Jericho/data/OVEHICLE.VOC'
FileManager: ignoring tiny active-mod VOC placeholder 'C:\Users\canti\Documents\Codex\2026-07-31\cr\work\dunecity-tornie-1.0.524-23\build-test-win\bin\/../../mods/Jericho/data/OVEHICLE.VOC'
FileManager: ignoring tiny external VOC placeholder 'C:\Users\canti\Documents\Codex\2026-07-31\cr\work\dunecity-tornie-1.0.524-23\build-test-win\bin\/data/OVEHICLE.VOC'
FileManager: ignoring tiny VOC placeholder 'OVEHICLE.VOC' from TORNIE.PAK
FileManager: ignoring tiny active-mod VOC placeholder 'C:\Users\canti\AppData\Roaming\DuneCity\mods/Jericho/data/OREPAIR.VOC'
FileManager: ignoring tiny active-mod VOC placeholder 'C:\Users\canti\Documents\Codex\2026-07-31\cr\work\dunecity-tornie-1.0.524-23\build-test-win\bin\/mods/Jericho/data/OREPAIR.VOC'
FileManager: ignoring tiny active-mod VOC placeholder 'C:\Users\canti\Documents\Codex\2026-07-31\cr\work\dunecity-tornie-1.0.524-23\build-test-win\bin\/../../mods/Jericho/data/OREPAIR.VOC'
FileManager: ignoring tiny external VOC placeholder 'C:\Users\canti\Documents\Codex\2026-07-31\cr\work\dunecity-tornie-1.0.524-23\build-test-win\bin\/data/OREPAIR.VOC'
FileManager: ignoring tiny VOC placeholder 'OREPAIR.VOC' from TORNIE.PAK
FileManager: ignoring tiny active-mod VOC placeholder 'C:\Users\canti\AppData\Roaming\DuneCity\mods/Jericho/data/OFRIGATE.VOC'
FileManager: ignoring tiny active-mod VOC placeholder 'C:\Users\canti\Documents\Codex\2026-07-31\cr\work\dunecity-tornie-1.0.524-23\build-test-win\bin\/mods/Jericho/data/OFRIGATE.VOC'
FileManager: ignoring tiny active-mod VOC placeholder 'C:\Users\canti\Documents\Codex\2026-07-31\cr\work\dunecity-tornie-1.0.524-23\build-test-win\bin\/../../mods/Jericho/data/OFRIGATE.VOC'
FileManager: ignoring tiny external VOC placeholder 'C:\Users\canti\Documents\Codex\2026-07-31\cr\work\dunecity-tornie-1.0.524-23\build-test-win\bin\/data/OFRIGATE.VOC'
FileManager: ignoring tiny VOC placeholder 'OFRIGATE.VOC' from TORNIE.PAK
FileManager: ignoring tiny active-mod VOC placeholder 'C:\Users\canti\AppData\Roaming\DuneCity\mods/Jericho/data/OARRIVE.VOC'
FileManager: ignoring tiny active-mod VOC placeholder 'C:\Users\canti\Documents\Codex\2026-07-31\cr\work\dunecity-tornie-1.0.524-23\build-test-win\bin\/mods/Jericho/data/OARRIVE.VOC'
FileManager: ignoring tiny active-mod VOC placeholder 'C:\Users\canti\Documents\Codex\2026-07-31\cr\work\dunecity-tornie-1.0.524-23\build-test-win\bin\/../../mods/Jericho/data/OARRIVE.VOC'
FileManager: ignoring tiny external VOC placeholder 'C:\Users\canti\Documents\Codex\2026-07-31\cr\work\dunecity-tornie-1.0.524-23\build-test-win\bin\/data/OARRIVE.VOC'
FileManager: ignoring tiny VOC placeholder 'OARRIVE.VOC' from TORNIE.PAK
FileManager: ignoring tiny active-mod VOC placeholder 'C:\Users\canti\AppData\Roaming\DuneCity\mods/Jericho/data/OWIN.VOC'
FileManager: ignoring tiny active-mod VOC placeholder 'C:\Users\canti\Documents\Codex\2026-07-31\cr\work\dunecity-tornie-1.0.524-23\build-test-win\bin\/mods/Jericho/data/OWIN.VOC'
FileManager: ignoring tiny active-mod VOC placeholder 'C:\Users\canti\Documents\Codex\2026-07-31\cr\work\dunecity-tornie-1.0.524-23\build-test-win\bin\/../../mods/Jericho/data/OWIN.VOC'
FileManager: ignoring tiny external VOC placeholder 'C:\Users\canti\Documents\Codex\2026-07-31\cr\work\dunecity-tornie-1.0.524-23\build-test-win\bin\/data/OWIN.VOC'
FileManager: ignoring tiny VOC placeholder 'OWIN.VOC' from TORNIE.PAK
FileManager: ignoring tiny active-mod VOC placeholder 'C:\Users\canti\AppData\Roaming\DuneCity\mods/Jericho/data/OLOSE.VOC'
FileManager: ignoring tiny active-mod VOC placeholder 'C:\Users\canti\Documents\Codex\2026-07-31\cr\work\dunecity-tornie-1.0.524-23\build-test-win\bin\/mods/Jericho/data/OLOSE.VOC'
FileManager: ignoring tiny active-mod VOC placeholder 'C:\Users\canti\Documents\Codex\2026-07-31\cr\work\dunecity-tornie-1.0.524-23\build-test-win\bin\/../../mods/Jericho/data/OLOSE.VOC'
FileManager: ignoring tiny external VOC placeholder 'C:\Users\canti\Documents\Codex\2026-07-31\cr\work\dunecity-tornie-1.0.524-23\build-test-win\bin\/data/OLOSE.VOC'
FileManager: ignoring tiny VOC placeholder 'OLOSE.VOC' from TORNIE.PAK
FileManager: ignoring tiny active-mod VOC placeholder 'C:\Users\canti\AppData\Roaming\DuneCity\mods/Jericho/data/ORADAR.VOC'
FileManager: ignoring tiny active-mod VOC placeholder 'C:\Users\canti\Documents\Codex\2026-07-31\cr\work\dunecity-tornie-1.0.524-23\build-test-win\bin\/mods/Jericho/data/ORADAR.VOC'
FileManager: ignoring tiny active-mod VOC placeholder 'C:\Users\canti\Documents\Codex\2026-07-31\cr\work\dunecity-tornie-1.0.524-23\build-test-win\bin\/../../mods/Jericho/data/ORADAR.VOC'
FileManager: ignoring tiny external VOC placeholder 'C:\Users\canti\Documents\Codex\2026-07-31\cr\work\dunecity-tornie-1.0.524-23\build-test-win\bin\/data/ORADAR.VOC'
FileManager: ignoring tiny VOC placeholder 'ORADAR.VOC' from TORNIE.PAK
FileManager: ignoring tiny active-mod VOC placeholder 'C:\Users\canti\AppData\Roaming\DuneCity\mods/Jericho/data/OON.VOC'
FileManager: ignoring tiny active-mod VOC placeholder 'C:\Users\canti\Documents\Codex\2026-07-31\cr\work\dunecity-tornie-1.0.524-23\build-test-win\bin\/mods/Jericho/data/OON.VOC'
FileManager: ignoring tiny active-mod VOC placeholder 'C:\Users\canti\Documents\Codex\2026-07-31\cr\work\dunecity-tornie-1.0.524-23\build-test-win\bin\/../../mods/Jericho/data/OON.VOC'
FileManager: ignoring tiny external VOC placeholder 'C:\Users\canti\Documents\Codex\2026-07-31\cr\work\dunecity-tornie-1.0.524-23\build-test-win\bin\/data/OON.VOC'
FileManager: ignoring tiny VOC placeholder 'OON.VOC' from TORNIE.PAK
FileManager: ignoring tiny active-mod VOC placeholder 'C:\Users\canti\AppData\Roaming\DuneCity\mods/Jericho/data/OOFF.VOC'
FileManager: ignoring tiny active-mod VOC placeholder 'C:\Users\canti\Documents\Codex\2026-07-31\cr\work\dunecity-tornie-1.0.524-23\build-test-win\bin\/mods/Jericho/data/OOFF.VOC'
FileManager: ignoring tiny active-mod VOC placeholder 'C:\Users\canti\Documents\Codex\2026-07-31\cr\work\dunecity-tornie-1.0.524-23\build-test-win\bin\/../../mods/Jericho/data/OOFF.VOC'
FileManager: ignoring tiny external VOC placeholder 'C:\Users\canti\Documents\Codex\2026-07-31\cr\work\dunecity-tornie-1.0.524-23\build-test-win\bin\/data/OOFF.VOC'
FileManager: ignoring tiny VOC placeholder 'OOFF.VOC' from TORNIE.PAK
FileManager: ignoring tiny active-mod VOC placeholder 'C:\Users\canti\AppData\Roaming\DuneCity\mods/Jericho/data/OBLOOM.VOC'
FileManager: ignoring tiny active-mod VOC placeholder 'C:\Users\canti\Documents\Codex\2026-07-31\cr\work\dunecity-tornie-1.0.524-23\build-test-win\bin\/mods/Jericho/data/OBLOOM.VOC'
FileManager: ignoring tiny active-mod VOC placeholder 'C:\Users\canti\Documents\Codex\2026-07-31\cr\work\dunecity-tornie-1.0.524-23\build-test-win\bin\/../../mods/Jericho/data/OBLOOM.VOC'
FileManager: ignoring tiny external VOC placeholder 'C:\Users\canti\Documents\Codex\2026-07-31\cr\work\dunecity-tornie-1.0.524-23\build-test-win\bin\/data/OBLOOM.VOC'
FileManager: ignoring tiny VOC placeholder 'OBLOOM.VOC' from TORNIE.PAK
FileManager: ignoring tiny active-mod VOC placeholder 'C:\Users\canti\AppData\Roaming\DuneCity\mods/Jericho/data/OLOCATED.VOC'
FileManager: ignoring tiny active-mod VOC placeholder 'C:\Users\canti\Documents\Codex\2026-07-31\cr\work\dunecity-tornie-1.0.524-23\build-test-win\bin\/mods/Jericho/data/OLOCATED.VOC'
FileManager: ignoring tiny active-mod VOC placeholder 'C:\Users\canti\Documents\Codex\2026-07-31\cr\work\dunecity-tornie-1.0.524-23\build-test-win\bin\/../../mods/Jericho/data/OLOCATED.VOC'
FileManager: ignoring tiny external VOC placeholder 'C:\Users\canti\Documents\Codex\2026-07-31\cr\work\dunecity-tornie-1.0.524-23\build-test-win\bin\/data/OLOCATED.VOC'
FileManager: ignoring tiny VOC placeholder 'OLOCATED.VOC' from TORNIE.PAK
FileManager: ignoring tiny active-mod VOC placeholder 'C:\Users\canti\AppData\Roaming\DuneCity\mods/Jericho/data/OWARNING.VOC'
FileManager: ignoring tiny active-mod VOC placeholder 'C:\Users\canti\Documents\Codex\2026-07-31\cr\work\dunecity-tornie-1.0.524-23\build-test-win\bin\/mods/Jericho/data/OWARNING.VOC'
FileManager: ignoring tiny active-mod VOC placeholder 'C:\Users\canti\Documents\Codex\2026-07-31\cr\work\dunecity-tornie-1.0.524-23\build-test-win\bin\/../../mods/Jericho/data/OWARNING.VOC'
FileManager: ignoring tiny external VOC placeholder 'C:\Users\canti\Documents\Codex\2026-07-31\cr\work\dunecity-tornie-1.0.524-23\build-test-win\bin\/data/OWARNING.VOC'
FileManager: ignoring tiny VOC placeholder 'OWARNING.VOC' from TORNIE.PAK
FileManager: ignoring tiny active-mod VOC placeholder 'C:\Users\canti\AppData\Roaming\DuneCity\mods/Jericho/data/OWORMY.VOC'
FileManager: ignoring tiny active-mod VOC placeholder 'C:\Users\canti\Documents\Codex\2026-07-31\cr\work\dunecity-tornie-1.0.524-23\build-test-win\bin\/mods/Jericho/data/OWORMY.VOC'
FileManager: ignoring tiny active-mod VOC placeholder 'C:\Users\canti\Documents\Codex\2026-07-31\cr\work\dunecity-tornie-1.0.524-23\build-test-win\bin\/../../mods/Jericho/data/OWORMY.VOC'
FileManager: ignoring tiny external VOC placeholder 'C:\Users\canti\Documents\Codex\2026-07-31\cr\work\dunecity-tornie-1.0.524-23\build-test-win\bin\/data/OWORMY.VOC'
FileManager: ignoring tiny VOC placeholder 'OWORMY.VOC' from TORNIE.PAK
FileManager: ignoring tiny active-mod VOC placeholder 'C:\Users\canti\AppData\Roaming\DuneCity\mods/Jericho/data/OATTACK.VOC'
FileManager: ignoring tiny active-mod VOC placeholder 'C:\Users\canti\Documents\Codex\2026-07-31\cr\work\dunecity-tornie-1.0.524-23\build-test-win\bin\/mods/Jericho/data/OATTACK.VOC'
FileManager: ignoring tiny active-mod VOC placeholder 'C:\Users\canti\Documents\Codex\2026-07-31\cr\work\dunecity-tornie-1.0.524-23\build-test-win\bin\/../../mods/Jericho/data/OATTACK.VOC'
FileManager: ignoring tiny external VOC placeholder 'C:\Users\canti\Documents\Codex\2026-07-31\cr\work\dunecity-tornie-1.0.524-23\build-test-win\bin\/data/OATTACK.VOC'
FileManager: ignoring tiny VOC placeholder 'OATTACK.VOC' from TORNIE.PAK
FileManager: ignoring tiny active-mod VOC placeholder 'C:\Users\canti\AppData\Roaming\DuneCity\mods/Jericho/data/OSABOT.VOC'
FileManager: ignoring tiny active-mod VOC placeholder 'C:\Users\canti\Documents\Codex\2026-07-31\cr\work\dunecity-tornie-1.0.524-23\build-test-win\bin\/mods/Jericho/data/OSABOT.VOC'
FileManager: ignoring tiny active-mod VOC placeholder 'C:\Users\canti\Documents\Codex\2026-07-31\cr\work\dunecity-tornie-1.0.524-23\build-test-win\bin\/../../mods/Jericho/data/OSABOT.VOC'
FileManager: ignoring tiny external VOC placeholder 'C:\Users\canti\Documents\Codex\2026-07-31\cr\work\dunecity-tornie-1.0.524-23\build-test-win\bin\/data/OSABOT.VOC'
FileManager: ignoring tiny VOC placeholder 'OSABOT.VOC' from TORNIE.PAK
FileManager: ignoring tiny active-mod VOC placeholder 'C:\Users\canti\AppData\Roaming\DuneCity\mods/Jericho/data/OMISSILE.VOC'
FileManager: ignoring tiny active-mod VOC placeholder 'C:\Users\canti\Documents\Codex\2026-07-31\cr\work\dunecity-tornie-1.0.524-23\build-test-win\bin\/mods/Jericho/data/OMISSILE.VOC'
FileManager: ignoring tiny active-mod VOC placeholder 'C:\Users\canti\Documents\Codex\2026-07-31\cr\work\dunecity-tornie-1.0.524-23\build-test-win\bin\/../../mods/Jericho/data/OMISSILE.VOC'
FileManager: ignoring tiny external VOC placeholder 'C:\Users\canti\Documents\Codex\2026-07-31\cr\work\dunecity-tornie-1.0.524-23\build-test-win\bin\/data/OMISSILE.VOC'
FileManager: ignoring tiny VOC placeholder 'OMISSILE.VOC' from TORNIE.PAK
FileManager: ignoring tiny active-mod VOC placeholder 'C:\Users\canti\AppData\Roaming\DuneCity\mods/Jericho/data/OAPPRCH.VOC'
FileManager: ignoring tiny active-mod VOC placeholder 'C:\Users\canti\Documents\Codex\2026-07-31\cr\work\dunecity-tornie-1.0.524-23\build-test-win\bin\/mods/Jericho/data/OAPPRCH.VOC'
FileManager: ignoring tiny active-mod VOC placeholder 'C:\Users\canti\Documents\Codex\2026-07-31\cr\work\dunecity-tornie-1.0.524-23\build-test-win\bin\/../../mods/Jericho/data/OAPPRCH.VOC'
FileManager: ignoring tiny external VOC placeholder 'C:\Users\canti\Documents\Codex\2026-07-31\cr\work\dunecity-tornie-1.0.524-23\build-test-win\bin\/data/OAPPRCH.VOC'
FileManager: ignoring tiny VOC placeholder 'OAPPRCH.VOC' from TORNIE.PAK
FileManager: using active-mod asset 'C:\Users\canti\AppData\Roaming\DuneCity\mods/Jericho/data/OTHARP.VOC'
FileManager: using active-mod asset 'C:\Users\canti\AppData\Roaming\DuneCity\mods/Jericho/data/WILDSPADE.VOC'
FileManager: using active-mod asset 'C:\Users\canti\AppData\Roaming\DuneCity\mods/Jericho/data/ANEU.VOC'
FileManager: ignoring tiny active-mod VOC placeholder 'C:\Users\canti\AppData\Roaming\DuneCity\mods/Jericho/data/AHARVEST.VOC'
FileManager: ignoring tiny active-mod VOC placeholder 'C:\Users\canti\Documents\Codex\2026-07-31\cr\work\dunecity-tornie-1.0.524-23\build-test-win\bin\/mods/Jericho/data/AHARVEST.VOC'
FileManager: ignoring tiny active-mod VOC placeholder 'C:\Users\canti\Documents\Codex\2026-07-31\cr\work\dunecity-tornie-1.0.524-23\build-test-win\bin\/../../mods/Jericho/data/AHARVEST.VOC'
FileManager: ignoring tiny external VOC placeholder 'C:\Users\canti\Documents\Codex\2026-07-31\cr\work\dunecity-tornie-1.0.524-23\build-test-win\bin\/data/AHARVEST.VOC'
FileManager: ignoring tiny VOC placeholder 'AHARVEST.VOC' from TORNIE.PAK
FileManager: ignoring tiny active-mod VOC placeholder 'C:\Users\canti\AppData\Roaming\DuneCity\mods/Jericho/data/AUNIT.VOC'
FileManager: ignoring tiny active-mod VOC placeholder 'C:\Users\canti\Documents\Codex\2026-07-31\cr\work\dunecity-tornie-1.0.524-23\build-test-win\bin\/mods/Jericho/data/AUNIT.VOC'
FileManager: ignoring tiny active-mod VOC placeholder 'C:\Users\canti\Documents\Codex\2026-07-31\cr\work\dunecity-tornie-1.0.524-23\build-test-win\bin\/../../mods/Jericho/data/AUNIT.VOC'
FileManager: ignoring tiny external VOC placeholder 'C:\Users\canti\Documents\Codex\2026-07-31\cr\work\dunecity-tornie-1.0.524-23\build-test-win\bin\/data/AUNIT.VOC'
FileManager: ignoring tiny VOC placeholder 'AUNIT.VOC' from TORNIE.PAK
FileManager: ignoring tiny active-mod VOC placeholder 'C:\Users\canti\AppData\Roaming\DuneCity\mods/Jericho/data/ADEPLOY.VOC'
FileManager: ignoring tiny active-mod VOC placeholder 'C:\Users\canti\Documents\Codex\2026-07-31\cr\work\dunecity-tornie-1.0.524-23\build-test-win\bin\/mods/Jericho/data/ADEPLOY.VOC'
FileManager: ignoring tiny active-mod VOC placeholder 'C:\Users\canti\Documents\Codex\2026-07-31\cr\work\dunecity-tornie-1.0.524-23\build-test-win\bin\/../../mods/Jericho/data/ADEPLOY.VOC'
FileManager: ignoring tiny external VOC placeholder 'C:\Users\canti\Documents\Codex\2026-07-31\cr\work\dunecity-tornie-1.0.524-23\build-test-win\bin\/data/ADEPLOY.VOC'
FileManager: ignoring tiny VOC placeholder 'ADEPLOY.VOC' from TORNIE.PAK
FileManager: ignoring tiny active-mod VOC placeholder 'C:\Users\canti\AppData\Roaming\DuneCity\mods/Jericho/data/ALAUNCH.VOC'
FileManager: ignoring tiny active-mod VOC placeholder 'C:\Users\canti\Documents\Codex\2026-07-31\cr\work\dunecity-tornie-1.0.524-23\build-test-win\bin\/mods/Jericho/data/ALAUNCH.VOC'
FileManager: ignoring tiny active-mod VOC placeholder 'C:\Users\canti\Documents\Codex\2026-07-31\cr\work\dunecity-tornie-1.0.524-23\build-test-win\bin\/../../mods/Jericho/data/ALAUNCH.VOC'
FileManager: ignoring tiny external VOC placeholder 'C:\Users\canti\Documents\Codex\2026-07-31\cr\work\dunecity-tornie-1.0.524-23\build-test-win\bin\/data/ALAUNCH.VOC'
FileManager: ignoring tiny VOC placeholder 'ALAUNCH.VOC' from TORNIE.PAK
FileManager: ignoring tiny active-mod VOC placeholder 'C:\Users\canti\AppData\Roaming\DuneCity\mods/Jericho/data/ACONST.VOC'
FileManager: ignoring tiny active-mod VOC placeholder 'C:\Users\canti\Documents\Codex\2026-07-31\cr\work\dunecity-tornie-1.0.524-23\build-test-win\bin\/mods/Jericho/data/ACONST.VOC'
FileManager: ignoring tiny active-mod VOC placeholder 'C:\Users\canti\Documents\Codex\2026-07-31\cr\work\dunecity-tornie-1.0.524-23\build-test-win\bin\/../../mods/Jericho/data/ACONST.VOC'
FileManager: ignoring tiny external VOC placeholder 'C:\Users\canti\Documents\Codex\2026-07-31\cr\work\dunecity-tornie-1.0.524-23\build-test-win\bin\/data/ACONST.VOC'
FileManager: ignoring tiny VOC placeholder 'ACONST.VOC' from TORNIE.PAK
FileManager: ignoring tiny active-mod VOC placeholder 'C:\Users\canti\AppData\Roaming\DuneCity\mods/Jericho/data/AVEHICLE.VOC'
FileManager: ignoring tiny active-mod VOC placeholder 'C:\Users\canti\Documents\Codex\2026-07-31\cr\work\dunecity-tornie-1.0.524-23\build-test-win\bin\/mods/Jericho/data/AVEHICLE.VOC'
FileManager: ignoring tiny active-mod VOC placeholder 'C:\Users\canti\Documents\Codex\2026-07-31\cr\work\dunecity-tornie-1.0.524-23\build-test-win\bin\/../../mods/Jericho/data/AVEHICLE.VOC'
FileManager: ignoring tiny external VOC placeholder 'C:\Users\canti\Documents\Codex\2026-07-31\cr\work\dunecity-tornie-1.0.524-23\build-test-win\bin\/data/AVEHICLE.VOC'
FileManager: ignoring tiny VOC placeholder 'AVEHICLE.VOC' from TORNIE.PAK
FileManager: ignoring tiny active-mod VOC placeholder 'C:\Users\canti\AppData\Roaming\DuneCity\mods/Jericho/data/AREPAIR.VOC'
FileManager: ignoring tiny active-mod VOC placeholder 'C:\Users\canti\Documents\Codex\2026-07-31\cr\work\dunecity-tornie-1.0.524-23\build-test-win\bin\/mods/Jericho/data/AREPAIR.VOC'
FileManager: ignoring tiny active-mod VOC placeholder 'C:\Users\canti\Documents\Codex\2026-07-31\cr\work\dunecity-tornie-1.0.524-23\build-test-win\bin\/../../mods/Jericho/data/AREPAIR.VOC'
FileManager: ignoring tiny external VOC placeholder 'C:\Users\canti\Documents\Codex\2026-07-31\cr\work\dunecity-tornie-1.0.524-23\build-test-win\bin\/data/AREPAIR.VOC'
FileManager: ignoring tiny VOC placeholder 'AREPAIR.VOC' from TORNIE.PAK
FileManager: ignoring tiny active-mod VOC placeholder 'C:\Users\canti\AppData\Roaming\DuneCity\mods/Jericho/data/AFRIGATE.VOC'
FileManager: ignoring tiny active-mod VOC placeholder 'C:\Users\canti\Documents\Codex\2026-07-31\cr\work\dunecity-tornie-1.0.524-23\build-test-win\bin\/mods/Jericho/data/AFRIGATE.VOC'
FileManager: ignoring tiny active-mod VOC placeholder 'C:\Users\canti\Documents\Codex\2026-07-31\cr\work\dunecity-tornie-1.0.524-23\build-test-win\bin\/../../mods/Jericho/data/AFRIGATE.VOC'
FileManager: ignoring tiny external VOC placeholder 'C:\Users\canti\Documents\Codex\2026-07-31\cr\work\dunecity-tornie-1.0.524-23\build-test-win\bin\/data/AFRIGATE.VOC'
FileManager: ignoring tiny VOC placeholder 'AFRIGATE.VOC' from TORNIE.PAK
FileManager: ignoring tiny active-mod VOC placeholder 'C:\Users\canti\AppData\Roaming\DuneCity\mods/Jericho/data/AARRIVE.VOC'
FileManager: ignoring tiny active-mod VOC placeholder 'C:\Users\canti\Documents\Codex\2026-07-31\cr\work\dunecity-tornie-1.0.524-23\build-test-win\bin\/mods/Jericho/data/AARRIVE.VOC'
FileManager: ignoring tiny active-mod VOC placeholder 'C:\Users\canti\Documents\Codex\2026-07-31\cr\work\dunecity-tornie-1.0.524-23\build-test-win\bin\/../../mods/Jericho/data/AARRIVE.VOC'
FileManager: ignoring tiny external VOC placeholder 'C:\Users\canti\Documents\Codex\2026-07-31\cr\work\dunecity-tornie-1.0.524-23\build-test-win\bin\/data/AARRIVE.VOC'
FileManager: ignoring tiny VOC placeholder 'AARRIVE.VOC' from TORNIE.PAK
FileManager: ignoring tiny active-mod VOC placeholder 'C:\Users\canti\AppData\Roaming\DuneCity\mods/Jericho/data/AWIN.VOC'
FileManager: ignoring tiny active-mod VOC placeholder 'C:\Users\canti\Documents\Codex\2026-07-31\cr\work\dunecity-tornie-1.0.524-23\build-test-win\bin\/mods/Jericho/data/AWIN.VOC'
FileManager: ignoring tiny active-mod VOC placeholder 'C:\Users\canti\Documents\Codex\2026-07-31\cr\work\dunecity-tornie-1.0.524-23\build-test-win\bin\/../../mods/Jericho/data/AWIN.VOC'
FileManager: ignoring tiny external VOC placeholder 'C:\Users\canti\Documents\Codex\2026-07-31\cr\work\dunecity-tornie-1.0.524-23\build-test-win\bin\/data/AWIN.VOC'
FileManager: ignoring tiny VOC placeholder 'AWIN.VOC' from TORNIE.PAK
FileManager: ignoring tiny active-mod VOC placeholder 'C:\Users\canti\AppData\Roaming\DuneCity\mods/Jericho/data/ALOSE.VOC'
FileManager: ignoring tiny active-mod VOC placeholder 'C:\Users\canti\Documents\Codex\2026-07-31\cr\work\dunecity-tornie-1.0.524-23\build-test-win\bin\/mods/Jericho/data/ALOSE.VOC'
FileManager: ignoring tiny active-mod VOC placeholder 'C:\Users\canti\Documents\Codex\2026-07-31\cr\work\dunecity-tornie-1.0.524-23\build-test-win\bin\/../../mods/Jericho/data/ALOSE.VOC'
FileManager: ignoring tiny external VOC placeholder 'C:\Users\canti\Documents\Codex\2026-07-31\cr\work\dunecity-tornie-1.0.524-23\build-test-win\bin\/data/ALOSE.VOC'
FileManager: ignoring tiny VOC placeholder 'ALOSE.VOC' from TORNIE.PAK
FileManager: ignoring tiny active-mod VOC placeholder 'C:\Users\canti\AppData\Roaming\DuneCity\mods/Jericho/data/ARADAR.VOC'
FileManager: ignoring tiny active-mod VOC placeholder 'C:\Users\canti\Documents\Codex\2026-07-31\cr\work\dunecity-tornie-1.0.524-23\build-test-win\bin\/mods/Jericho/data/ARADAR.VOC'
FileManager: ignoring tiny active-mod VOC placeholder 'C:\Users\canti\Documents\Codex\2026-07-31\cr\work\dunecity-tornie-1.0.524-23\build-test-win\bin\/../../mods/Jericho/data/ARADAR.VOC'
FileManager: ignoring tiny external VOC placeholder 'C:\Users\canti\Documents\Codex\2026-07-31\cr\work\dunecity-tornie-1.0.524-23\build-test-win\bin\/data/ARADAR.VOC'
FileManager: ignoring tiny VOC placeholder 'ARADAR.VOC' from TORNIE.PAK
FileManager: ignoring tiny active-mod VOC placeholder 'C:\Users\canti\AppData\Roaming\DuneCity\mods/Jericho/data/AON.VOC'
FileManager: ignoring tiny active-mod VOC placeholder 'C:\Users\canti\Documents\Codex\2026-07-31\cr\work\dunecity-tornie-1.0.524-23\build-test-win\bin\/mods/Jericho/data/AON.VOC'
FileManager: ignoring tiny active-mod VOC placeholder 'C:\Users\canti\Documents\Codex\2026-07-31\cr\work\dunecity-tornie-1.0.524-23\build-test-win\bin\/../../mods/Jericho/data/AON.VOC'
FileManager: ignoring tiny external VOC placeholder 'C:\Users\canti\Documents\Codex\2026-07-31\cr\work\dunecity-tornie-1.0.524-23\build-test-win\bin\/data/AON.VOC'
FileManager: ignoring tiny VOC placeholder 'AON.VOC' from TORNIE.PAK
FileManager: ignoring tiny active-mod VOC placeholder 'C:\Users\canti\AppData\Roaming\DuneCity\mods/Jericho/data/AOFF.VOC'
FileManager: ignoring tiny active-mod VOC placeholder 'C:\Users\canti\Documents\Codex\2026-07-31\cr\work\dunecity-tornie-1.0.524-23\build-test-win\bin\/mods/Jericho/data/AOFF.VOC'
FileManager: ignoring tiny active-mod VOC placeholder 'C:\Users\canti\Documents\Codex\2026-07-31\cr\work\dunecity-tornie-1.0.524-23\build-test-win\bin\/../../mods/Jericho/data/AOFF.VOC'
FileManager: ignoring tiny external VOC placeholder 'C:\Users\canti\Documents\Codex\2026-07-31\cr\work\dunecity-tornie-1.0.524-23\build-test-win\bin\/data/AOFF.VOC'
FileManager: ignoring tiny VOC placeholder 'AOFF.VOC' from TORNIE.PAK
FileManager: ignoring tiny active-mod VOC placeholder 'C:\Users\canti\AppData\Roaming\DuneCity\mods/Jericho/data/ABLOOM.VOC'
FileManager: ignoring tiny active-mod VOC placeholder 'C:\Users\canti\Documents\Codex\2026-07-31\cr\work\dunecity-tornie-1.0.524-23\build-test-win\bin\/mods/Jericho/data/ABLOOM.VOC'
FileManager: ignoring tiny active-mod VOC placeholder 'C:\Users\canti\Documents\Codex\2026-07-31\cr\work\dunecity-tornie-1.0.524-23\build-test-win\bin\/../../mods/Jericho/data/ABLOOM.VOC'
FileManager: ignoring tiny external VOC placeholder 'C:\Users\canti\Documents\Codex\2026-07-31\cr\work\dunecity-tornie-1.0.524-23\build-test-win\bin\/data/ABLOOM.VOC'
FileManager: ignoring tiny VOC placeholder 'ABLOOM.VOC' from TORNIE.PAK
FileManager: ignoring tiny active-mod VOC placeholder 'C:\Users\canti\AppData\Roaming\DuneCity\mods/Jericho/data/ALOCATED.VOC'
FileManager: ignoring tiny active-mod VOC placeholder 'C:\Users\canti\Documents\Codex\2026-07-31\cr\work\dunecity-tornie-1.0.524-23\build-test-win\bin\/mods/Jericho/data/ALOCATED.VOC'
FileManager: ignoring tiny active-mod VOC placeholder 'C:\Users\canti\Documents\Codex\2026-07-31\cr\work\dunecity-tornie-1.0.524-23\build-test-win\bin\/../../mods/Jericho/data/ALOCATED.VOC'
FileManager: ignoring tiny external VOC placeholder 'C:\Users\canti\Documents\Codex\2026-07-31\cr\work\dunecity-tornie-1.0.524-23\build-test-win\bin\/data/ALOCATED.VOC'
FileManager: ignoring tiny VOC placeholder 'ALOCATED.VOC' from TORNIE.PAK
FileManager: ignoring tiny active-mod VOC placeholder 'C:\Users\canti\AppData\Roaming\DuneCity\mods/Jericho/data/AWARNING.VOC'
FileManager: ignoring tiny active-mod VOC placeholder 'C:\Users\canti\Documents\Codex\2026-07-31\cr\work\dunecity-tornie-1.0.524-23\build-test-win\bin\/mods/Jericho/data/AWARNING.VOC'
FileManager: ignoring tiny active-mod VOC placeholder 'C:\Users\canti\Documents\Codex\2026-07-31\cr\work\dunecity-tornie-1.0.524-23\build-test-win\bin\/../../mods/Jericho/data/AWARNING.VOC'
FileManager: ignoring tiny external VOC placeholder 'C:\Users\canti\Documents\Codex\2026-07-31\cr\work\dunecity-tornie-1.0.524-23\build-test-win\bin\/data/AWARNING.VOC'
FileManager: ignoring tiny VOC placeholder 'AWARNING.VOC' from TORNIE.PAK
FileManager: ignoring tiny active-mod VOC placeholder 'C:\Users\canti\AppData\Roaming\DuneCity\mods/Jericho/data/AWORMY.VOC'
FileManager: ignoring tiny active-mod VOC placeholder 'C:\Users\canti\Documents\Codex\2026-07-31\cr\work\dunecity-tornie-1.0.524-23\build-test-win\bin\/mods/Jericho/data/AWORMY.VOC'
FileManager: ignoring tiny active-mod VOC placeholder 'C:\Users\canti\Documents\Codex\2026-07-31\cr\work\dunecity-tornie-1.0.524-23\build-test-win\bin\/../../mods/Jericho/data/AWORMY.VOC'
FileManager: ignoring tiny external VOC placeholder 'C:\Users\canti\Documents\Codex\2026-07-31\cr\work\dunecity-tornie-1.0.524-23\build-test-win\bin\/data/AWORMY.VOC'
FileManager: ignoring tiny VOC placeholder 'AWORMY.VOC' from TORNIE.PAK
FileManager: ignoring tiny active-mod VOC placeholder 'C:\Users\canti\AppData\Roaming\DuneCity\mods/Jericho/data/AATTACK.VOC'
FileManager: ignoring tiny active-mod VOC placeholder 'C:\Users\canti\Documents\Codex\2026-07-31\cr\work\dunecity-tornie-1.0.524-23\build-test-win\bin\/mods/Jericho/data/AATTACK.VOC'
FileManager: ignoring tiny active-mod VOC placeholder 'C:\Users\canti\Documents\Codex\2026-07-31\cr\work\dunecity-tornie-1.0.524-23\build-test-win\bin\/../../mods/Jericho/data/AATTACK.VOC'
FileManager: ignoring tiny external VOC placeholder 'C:\Users\canti\Documents\Codex\2026-07-31\cr\work\dunecity-tornie-1.0.524-23\build-test-win\bin\/data/AATTACK.VOC'
FileManager: ignoring tiny VOC placeholder 'AATTACK.VOC' from TORNIE.PAK
FileManager: ignoring tiny active-mod VOC placeholder 'C:\Users\canti\AppData\Roaming\DuneCity\mods/Jericho/data/ASABOT.VOC'
FileManager: ignoring tiny active-mod VOC placeholder 'C:\Users\canti\Documents\Codex\2026-07-31\cr\work\dunecity-tornie-1.0.524-23\build-test-win\bin\/mods/Jericho/data/ASABOT.VOC'
FileManager: ignoring tiny active-mod VOC placeholder 'C:\Users\canti\Documents\Codex\2026-07-31\cr\work\dunecity-tornie-1.0.524-23\build-test-win\bin\/../../mods/Jericho/data/ASABOT.VOC'
FileManager: ignoring tiny external VOC placeholder 'C:\Users\canti\Documents\Codex\2026-07-31\cr\work\dunecity-tornie-1.0.524-23\build-test-win\bin\/data/ASABOT.VOC'
FileManager: ignoring tiny VOC placeholder 'ASABOT.VOC' from TORNIE.PAK
FileManager: ignoring tiny active-mod VOC placeholder 'C:\Users\canti\AppData\Roaming\DuneCity\mods/Jericho/data/AMISSILE.VOC'
FileManager: ignoring tiny active-mod VOC placeholder 'C:\Users\canti\Documents\Codex\2026-07-31\cr\work\dunecity-tornie-1.0.524-23\build-test-win\bin\/mods/Jericho/data/AMISSILE.VOC'
FileManager: ignoring tiny active-mod VOC placeholder 'C:\Users\canti\Documents\Codex\2026-07-31\cr\work\dunecity-tornie-1.0.524-23\build-test-win\bin\/../../mods/Jericho/data/AMISSILE.VOC'
FileManager: ignoring tiny external VOC placeholder 'C:\Users\canti\Documents\Codex\2026-07-31\cr\work\dunecity-tornie-1.0.524-23\build-test-win\bin\/data/AMISSILE.VOC'
FileManager: ignoring tiny VOC placeholder 'AMISSILE.VOC' from TORNIE.PAK
FileManager: ignoring tiny active-mod VOC placeholder 'C:\Users\canti\AppData\Roaming\DuneCity\mods/Jericho/data/AAPPRCH.VOC'
FileManager: ignoring tiny active-mod VOC placeholder 'C:\Users\canti\Documents\Codex\2026-07-31\cr\work\dunecity-tornie-1.0.524-23\build-test-win\bin\/mods/Jericho/data/AAPPRCH.VOC'
FileManager: ignoring tiny active-mod VOC placeholder 'C:\Users\canti\Documents\Codex\2026-07-31\cr\work\dunecity-tornie-1.0.524-23\build-test-win\bin\/../../mods/Jericho/data/AAPPRCH.VOC'
FileManager: ignoring tiny external VOC placeholder 'C:\Users\canti\Documents\Codex\2026-07-31\cr\work\dunecity-tornie-1.0.524-23\build-test-win\bin\/data/AAPPRCH.VOC'
FileManager: ignoring tiny VOC placeholder 'AAPPRCH.VOC' from TORNIE.PAK
FileManager: using active-mod asset 'C:\Users\canti\AppData\Roaming\DuneCity\mods/Jericho/data/ANEU.VOC'
FileManager: using active-mod asset 'C:\Users\canti\AppData\Roaming\DuneCity\mods/Jericho/data/KLESHMERSH.VOC'
FileManager: using active-mod asset 'C:\Users\canti\AppData\Roaming\DuneCity\mods/Jericho/data/RREBELS.VOC'
FileManager: ignoring tiny active-mod VOC placeholder 'C:\Users\canti\AppData\Roaming\DuneCity\mods/Jericho/data/HHARVEST.VOC'
FileManager: ignoring tiny active-mod VOC placeholder 'C:\Users\canti\Documents\Codex\2026-07-31\cr\work\dunecity-tornie-1.0.524-23\build-test-win\bin\/mods/Jericho/data/HHARVEST.VOC'
FileManager: ignoring tiny active-mod VOC placeholder 'C:\Users\canti\Documents\Codex\2026-07-31\cr\work\dunecity-tornie-1.0.524-23\build-test-win\bin\/../../mods/Jericho/data/HHARVEST.VOC'
FileManager: ignoring tiny external VOC placeholder 'C:\Users\canti\Documents\Codex\2026-07-31\cr\work\dunecity-tornie-1.0.524-23\build-test-win\bin\/data/HHARVEST.VOC'
FileManager: ignoring tiny VOC placeholder 'HHARVEST.VOC' from TORNIE.PAK
FileManager: ignoring tiny active-mod VOC placeholder 'C:\Users\canti\AppData\Roaming\DuneCity\mods/Jericho/data/HUNIT.VOC'
FileManager: ignoring tiny active-mod VOC placeholder 'C:\Users\canti\Documents\Codex\2026-07-31\cr\work\dunecity-tornie-1.0.524-23\build-test-win\bin\/mods/Jericho/data/HUNIT.VOC'
FileManager: ignoring tiny active-mod VOC placeholder 'C:\Users\canti\Documents\Codex\2026-07-31\cr\work\dunecity-tornie-1.0.524-23\build-test-win\bin\/../../mods/Jericho/data/HUNIT.VOC'
FileManager: ignoring tiny external VOC placeholder 'C:\Users\canti\Documents\Codex\2026-07-31\cr\work\dunecity-tornie-1.0.524-23\build-test-win\bin\/data/HUNIT.VOC'
FileManager: ignoring tiny VOC placeholder 'HUNIT.VOC' from TORNIE.PAK
FileManager: ignoring tiny active-mod VOC placeholder 'C:\Users\canti\AppData\Roaming\DuneCity\mods/Jericho/data/HDEPLOY.VOC'
FileManager: ignoring tiny active-mod VOC placeholder 'C:\Users\canti\Documents\Codex\2026-07-31\cr\work\dunecity-tornie-1.0.524-23\build-test-win\bin\/mods/Jericho/data/HDEPLOY.VOC'
FileManager: ignoring tiny active-mod VOC placeholder 'C:\Users\canti\Documents\Codex\2026-07-31\cr\work\dunecity-tornie-1.0.524-23\build-test-win\bin\/../../mods/Jericho/data/HDEPLOY.VOC'
FileManager: ignoring tiny external VOC placeholder 'C:\Users\canti\Documents\Codex\2026-07-31\cr\work\dunecity-tornie-1.0.524-23\build-test-win\bin\/data/HDEPLOY.VOC'
FileManager: ignoring tiny VOC placeholder 'HDEPLOY.VOC' from TORNIE.PAK
FileManager: ignoring tiny active-mod VOC placeholder 'C:\Users\canti\AppData\Roaming\DuneCity\mods/Jericho/data/HLAUNCH.VOC'
FileManager: ignoring tiny active-mod VOC placeholder 'C:\Users\canti\Documents\Codex\2026-07-31\cr\work\dunecity-tornie-1.0.524-23\build-test-win\bin\/mods/Jericho/data/HLAUNCH.VOC'
FileManager: ignoring tiny active-mod VOC placeholder 'C:\Users\canti\Documents\Codex\2026-07-31\cr\work\dunecity-tornie-1.0.524-23\build-test-win\bin\/../../mods/Jericho/data/HLAUNCH.VOC'
FileManager: ignoring tiny external VOC placeholder 'C:\Users\canti\Documents\Codex\2026-07-31\cr\work\dunecity-tornie-1.0.524-23\build-test-win\bin\/data/HLAUNCH.VOC'
FileManager: ignoring tiny VOC placeholder 'HLAUNCH.VOC' from TORNIE.PAK
FileManager: ignoring tiny active-mod VOC placeholder 'C:\Users\canti\AppData\Roaming\DuneCity\mods/Jericho/data/HCONST.VOC'
FileManager: ignoring tiny active-mod VOC placeholder 'C:\Users\canti\Documents\Codex\2026-07-31\cr\work\dunecity-tornie-1.0.524-23\build-test-win\bin\/mods/Jericho/data/HCONST.VOC'
FileManager: ignoring tiny active-mod VOC placeholder 'C:\Users\canti\Documents\Codex\2026-07-31\cr\work\dunecity-tornie-1.0.524-23\build-test-win\bin\/../../mods/Jericho/data/HCONST.VOC'
FileManager: ignoring tiny external VOC placeholder 'C:\Users\canti\Documents\Codex\2026-07-31\cr\work\dunecity-tornie-1.0.524-23\build-test-win\bin\/data/HCONST.VOC'
FileManager: ignoring tiny VOC placeholder 'HCONST.VOC' from TORNIE.PAK
FileManager: ignoring tiny active-mod VOC placeholder 'C:\Users\canti\AppData\Roaming\DuneCity\mods/Jericho/data/HVEHICLE.VOC'
FileManager: ignoring tiny active-mod VOC placeholder 'C:\Users\canti\Documents\Codex\2026-07-31\cr\work\dunecity-tornie-1.0.524-23\build-test-win\bin\/mods/Jericho/data/HVEHICLE.VOC'
FileManager: ignoring tiny active-mod VOC placeholder 'C:\Users\canti\Documents\Codex\2026-07-31\cr\work\dunecity-tornie-1.0.524-23\build-test-win\bin\/../../mods/Jericho/data/HVEHICLE.VOC'
FileManager: ignoring tiny external VOC placeholder 'C:\Users\canti\Documents\Codex\2026-07-31\cr\work\dunecity-tornie-1.0.524-23\build-test-win\bin\/data/HVEHICLE.VOC'
FileManager: ignoring tiny VOC placeholder 'HVEHICLE.VOC' from TORNIE.PAK
FileManager: ignoring tiny active-mod VOC placeholder 'C:\Users\canti\AppData\Roaming\DuneCity\mods/Jericho/data/HREPAIR.VOC'
FileManager: ignoring tiny active-mod VOC placeholder 'C:\Users\canti\Documents\Codex\2026-07-31\cr\work\dunecity-tornie-1.0.524-23\build-test-win\bin\/mods/Jericho/data/HREPAIR.VOC'
FileManager: ignoring tiny active-mod VOC placeholder 'C:\Users\canti\Documents\Codex\2026-07-31\cr\work\dunecity-tornie-1.0.524-23\build-test-win\bin\/../../mods/Jericho/data/HREPAIR.VOC'
FileManager: ignoring tiny external VOC placeholder 'C:\Users\canti\Documents\Codex\2026-07-31\cr\work\dunecity-tornie-1.0.524-23\build-test-win\bin\/data/HREPAIR.VOC'
FileManager: ignoring tiny VOC placeholder 'HREPAIR.VOC' from TORNIE.PAK
FileManager: ignoring tiny active-mod VOC placeholder 'C:\Users\canti\AppData\Roaming\DuneCity\mods/Jericho/data/HFRIGATE.VOC'
FileManager: ignoring tiny active-mod VOC placeholder 'C:\Users\canti\Documents\Codex\2026-07-31\cr\work\dunecity-tornie-1.0.524-23\build-test-win\bin\/mods/Jericho/data/HFRIGATE.VOC'
FileManager: ignoring tiny active-mod VOC placeholder 'C:\Users\canti\Documents\Codex\2026-07-31\cr\work\dunecity-tornie-1.0.524-23\build-test-win\bin\/../../mods/Jericho/data/HFRIGATE.VOC'
FileManager: ignoring tiny external VOC placeholder 'C:\Users\canti\Documents\Codex\2026-07-31\cr\work\dunecity-tornie-1.0.524-23\build-test-win\bin\/data/HFRIGATE.VOC'
FileManager: ignoring tiny VOC placeholder 'HFRIGATE.VOC' from TORNIE.PAK
FileManager: ignoring tiny active-mod VOC placeholder 'C:\Users\canti\AppData\Roaming\DuneCity\mods/Jericho/data/HARRIVE.VOC'
FileManager: ignoring tiny active-mod VOC placeholder 'C:\Users\canti\Documents\Codex\2026-07-31\cr\work\dunecity-tornie-1.0.524-23\build-test-win\bin\/mods/Jericho/data/HARRIVE.VOC'
FileManager: ignoring tiny active-mod VOC placeholder 'C:\Users\canti\Documents\Codex\2026-07-31\cr\work\dunecity-tornie-1.0.524-23\build-test-win\bin\/../../mods/Jericho/data/HARRIVE.VOC'
FileManager: ignoring tiny external VOC placeholder 'C:\Users\canti\Documents\Codex\2026-07-31\cr\work\dunecity-tornie-1.0.524-23\build-test-win\bin\/data/HARRIVE.VOC'
FileManager: ignoring tiny VOC placeholder 'HARRIVE.VOC' from TORNIE.PAK
FileManager: ignoring tiny active-mod VOC placeholder 'C:\Users\canti\AppData\Roaming\DuneCity\mods/Jericho/data/HWIN.VOC'
FileManager: ignoring tiny active-mod VOC placeholder 'C:\Users\canti\Documents\Codex\2026-07-31\cr\work\dunecity-tornie-1.0.524-23\build-test-win\bin\/mods/Jericho/data/HWIN.VOC'
FileManager: ignoring tiny active-mod VOC placeholder 'C:\Users\canti\Documents\Codex\2026-07-31\cr\work\dunecity-tornie-1.0.524-23\build-test-win\bin\/../../mods/Jericho/data/HWIN.VOC'
FileManager: ignoring tiny external VOC placeholder 'C:\Users\canti\Documents\Codex\2026-07-31\cr\work\dunecity-tornie-1.0.524-23\build-test-win\bin\/data/HWIN.VOC'
FileManager: ignoring tiny VOC placeholder 'HWIN.VOC' from TORNIE.PAK
FileManager: ignoring tiny active-mod VOC placeholder 'C:\Users\canti\AppData\Roaming\DuneCity\mods/Jericho/data/HLOSE.VOC'
FileManager: ignoring tiny active-mod VOC placeholder 'C:\Users\canti\Documents\Codex\2026-07-31\cr\work\dunecity-tornie-1.0.524-23\build-test-win\bin\/mods/Jericho/data/HLOSE.VOC'
FileManager: ignoring tiny active-mod VOC placeholder 'C:\Users\canti\Documents\Codex\2026-07-31\cr\work\dunecity-tornie-1.0.524-23\build-test-win\bin\/../../mods/Jericho/data/HLOSE.VOC'
FileManager: ignoring tiny external VOC placeholder 'C:\Users\canti\Documents\Codex\2026-07-31\cr\work\dunecity-tornie-1.0.524-23\build-test-win\bin\/data/HLOSE.VOC'
FileManager: ignoring tiny VOC placeholder 'HLOSE.VOC' from TORNIE.PAK
FileManager: ignoring tiny active-mod VOC placeholder 'C:\Users\canti\AppData\Roaming\DuneCity\mods/Jericho/data/HRADAR.VOC'
FileManager: ignoring tiny active-mod VOC placeholder 'C:\Users\canti\Documents\Codex\2026-07-31\cr\work\dunecity-tornie-1.0.524-23\build-test-win\bin\/mods/Jericho/data/HRADAR.VOC'
FileManager: ignoring tiny active-mod VOC placeholder 'C:\Users\canti\Documents\Codex\2026-07-31\cr\work\dunecity-tornie-1.0.524-23\build-test-win\bin\/../../mods/Jericho/data/HRADAR.VOC'
FileManager: ignoring tiny external VOC placeholder 'C:\Users\canti\Documents\Codex\2026-07-31\cr\work\dunecity-tornie-1.0.524-23\build-test-win\bin\/data/HRADAR.VOC'
FileManager: ignoring tiny VOC placeholder 'HRADAR.VOC' from TORNIE.PAK
FileManager: ignoring tiny active-mod VOC placeholder 'C:\Users\canti\AppData\Roaming\DuneCity\mods/Jericho/data/HON.VOC'
FileManager: ignoring tiny active-mod VOC placeholder 'C:\Users\canti\Documents\Codex\2026-07-31\cr\work\dunecity-tornie-1.0.524-23\build-test-win\bin\/mods/Jericho/data/HON.VOC'
FileManager: ignoring tiny active-mod VOC placeholder 'C:\Users\canti\Documents\Codex\2026-07-31\cr\work\dunecity-tornie-1.0.524-23\build-test-win\bin\/../../mods/Jericho/data/HON.VOC'
FileManager: ignoring tiny external VOC placeholder 'C:\Users\canti\Documents\Codex\2026-07-31\cr\work\dunecity-tornie-1.0.524-23\build-test-win\bin\/data/HON.VOC'
FileManager: ignoring tiny VOC placeholder 'HON.VOC' from TORNIE.PAK
FileManager: ignoring tiny active-mod VOC placeholder 'C:\Users\canti\AppData\Roaming\DuneCity\mods/Jericho/data/HOFF.VOC'
FileManager: ignoring tiny active-mod VOC placeholder 'C:\Users\canti\Documents\Codex\2026-07-31\cr\work\dunecity-tornie-1.0.524-23\build-test-win\bin\/mods/Jericho/data/HOFF.VOC'
FileManager: ignoring tiny active-mod VOC placeholder 'C:\Users\canti\Documents\Codex\2026-07-31\cr\work\dunecity-tornie-1.0.524-23\build-test-win\bin\/../../mods/Jericho/data/HOFF.VOC'
FileManager: ignoring tiny external VOC placeholder 'C:\Users\canti\Documents\Codex\2026-07-31\cr\work\dunecity-tornie-1.0.524-23\build-test-win\bin\/data/HOFF.VOC'
FileManager: ignoring tiny VOC placeholder 'HOFF.VOC' from TORNIE.PAK
FileManager: ignoring tiny active-mod VOC placeholder 'C:\Users\canti\AppData\Roaming\DuneCity\mods/Jericho/data/HBLOOM.VOC'
FileManager: ignoring tiny active-mod VOC placeholder 'C:\Users\canti\Documents\Codex\2026-07-31\cr\work\dunecity-tornie-1.0.524-23\build-test-win\bin\/mods/Jericho/data/HBLOOM.VOC'
FileManager: ignoring tiny active-mod VOC placeholder 'C:\Users\canti\Documents\Codex\2026-07-31\cr\work\dunecity-tornie-1.0.524-23\build-test-win\bin\/../../mods/Jericho/data/HBLOOM.VOC'
FileManager: ignoring tiny external VOC placeholder 'C:\Users\canti\Documents\Codex\2026-07-31\cr\work\dunecity-tornie-1.0.524-23\build-test-win\bin\/data/HBLOOM.VOC'
FileManager: ignoring tiny VOC placeholder 'HBLOOM.VOC' from TORNIE.PAK
FileManager: ignoring tiny active-mod VOC placeholder 'C:\Users\canti\AppData\Roaming\DuneCity\mods/Jericho/data/HLOCATED.VOC'
FileManager: ignoring tiny active-mod VOC placeholder 'C:\Users\canti\Documents\Codex\2026-07-31\cr\work\dunecity-tornie-1.0.524-23\build-test-win\bin\/mods/Jericho/data/HLOCATED.VOC'
FileManager: ignoring tiny active-mod VOC placeholder 'C:\Users\canti\Documents\Codex\2026-07-31\cr\work\dunecity-tornie-1.0.524-23\build-test-win\bin\/../../mods/Jericho/data/HLOCATED.VOC'
FileManager: ignoring tiny external VOC placeholder 'C:\Users\canti\Documents\Codex\2026-07-31\cr\work\dunecity-tornie-1.0.524-23\build-test-win\bin\/data/HLOCATED.VOC'
FileManager: ignoring tiny VOC placeholder 'HLOCATED.VOC' from TORNIE.PAK
FileManager: ignoring tiny active-mod VOC placeholder 'C:\Users\canti\AppData\Roaming\DuneCity\mods/Jericho/data/HWARNING.VOC'
FileManager: ignoring tiny active-mod VOC placeholder 'C:\Users\canti\Documents\Codex\2026-07-31\cr\work\dunecity-tornie-1.0.524-23\build-test-win\bin\/mods/Jericho/data/HWARNING.VOC'
FileManager: ignoring tiny active-mod VOC placeholder 'C:\Users\canti\Documents\Codex\2026-07-31\cr\work\dunecity-tornie-1.0.524-23\build-test-win\bin\/../../mods/Jericho/data/HWARNING.VOC'
FileManager: ignoring tiny external VOC placeholder 'C:\Users\canti\Documents\Codex\2026-07-31\cr\work\dunecity-tornie-1.0.524-23\build-test-win\bin\/data/HWARNING.VOC'
FileManager: ignoring tiny VOC placeholder 'HWARNING.VOC' from TORNIE.PAK
FileManager: ignoring tiny active-mod VOC placeholder 'C:\Users\canti\AppData\Roaming\DuneCity\mods/Jericho/data/HWORMY.VOC'
FileManager: ignoring tiny active-mod VOC placeholder 'C:\Users\canti\Documents\Codex\2026-07-31\cr\work\dunecity-tornie-1.0.524-23\build-test-win\bin\/mods/Jericho/data/HWORMY.VOC'
FileManager: ignoring tiny active-mod VOC placeholder 'C:\Users\canti\Documents\Codex\2026-07-31\cr\work\dunecity-tornie-1.0.524-23\build-test-win\bin\/../../mods/Jericho/data/HWORMY.VOC'
FileManager: ignoring tiny external VOC placeholder 'C:\Users\canti\Documents\Codex\2026-07-31\cr\work\dunecity-tornie-1.0.524-23\build-test-win\bin\/data/HWORMY.VOC'
FileManager: ignoring tiny VOC placeholder 'HWORMY.VOC' from TORNIE.PAK
FileManager: ignoring tiny active-mod VOC placeholder 'C:\Users\canti\AppData\Roaming\DuneCity\mods/Jericho/data/HATTACK.VOC'
FileManager: ignoring tiny active-mod VOC placeholder 'C:\Users\canti\Documents\Codex\2026-07-31\cr\work\dunecity-tornie-1.0.524-23\build-test-win\bin\/mods/Jericho/data/HATTACK.VOC'
FileManager: ignoring tiny active-mod VOC placeholder 'C:\Users\canti\Documents\Codex\2026-07-31\cr\work\dunecity-tornie-1.0.524-23\build-test-win\bin\/../../mods/Jericho/data/HATTACK.VOC'
FileManager: ignoring tiny external VOC placeholder 'C:\Users\canti\Documents\Codex\2026-07-31\cr\work\dunecity-tornie-1.0.524-23\build-test-win\bin\/data/HATTACK.VOC'
FileManager: ignoring tiny VOC placeholder 'HATTACK.VOC' from TORNIE.PAK
FileManager: ignoring tiny active-mod VOC placeholder 'C:\Users\canti\AppData\Roaming\DuneCity\mods/Jericho/data/HSABOT.VOC'
FileManager: ignoring tiny active-mod VOC placeholder 'C:\Users\canti\Documents\Codex\2026-07-31\cr\work\dunecity-tornie-1.0.524-23\build-test-win\bin\/mods/Jericho/data/HSABOT.VOC'
FileManager: ignoring tiny active-mod VOC placeholder 'C:\Users\canti\Documents\Codex\2026-07-31\cr\work\dunecity-tornie-1.0.524-23\build-test-win\bin\/../../mods/Jericho/data/HSABOT.VOC'
FileManager: ignoring tiny external VOC placeholder 'C:\Users\canti\Documents\Codex\2026-07-31\cr\work\dunecity-tornie-1.0.524-23\build-test-win\bin\/data/HSABOT.VOC'
FileManager: ignoring tiny VOC placeholder 'HSABOT.VOC' from TORNIE.PAK
FileManager: ignoring tiny active-mod VOC placeholder 'C:\Users\canti\AppData\Roaming\DuneCity\mods/Jericho/data/HMISSILE.VOC'
FileManager: ignoring tiny active-mod VOC placeholder 'C:\Users\canti\Documents\Codex\2026-07-31\cr\work\dunecity-tornie-1.0.524-23\build-test-win\bin\/mods/Jericho/data/HMISSILE.VOC'
FileManager: ignoring tiny active-mod VOC placeholder 'C:\Users\canti\Documents\Codex\2026-07-31\cr\work\dunecity-tornie-1.0.524-23\build-test-win\bin\/../../mods/Jericho/data/HMISSILE.VOC'
FileManager: ignoring tiny external VOC placeholder 'C:\Users\canti\Documents\Codex\2026-07-31\cr\work\dunecity-tornie-1.0.524-23\build-test-win\bin\/data/HMISSILE.VOC'
FileManager: ignoring tiny VOC placeholder 'HMISSILE.VOC' from TORNIE.PAK
FileManager: ignoring tiny active-mod VOC placeholder 'C:\Users\canti\AppData\Roaming\DuneCity\mods/Jericho/data/HAPPRCH.VOC'
FileManager: ignoring tiny active-mod VOC placeholder 'C:\Users\canti\Documents\Codex\2026-07-31\cr\work\dunecity-tornie-1.0.524-23\build-test-win\bin\/mods/Jericho/data/HAPPRCH.VOC'
FileManager: ignoring tiny active-mod VOC placeholder 'C:\Users\canti\Documents\Codex\2026-07-31\cr\work\dunecity-tornie-1.0.524-23\build-test-win\bin\/../../mods/Jericho/data/HAPPRCH.VOC'
FileManager: ignoring tiny external VOC placeholder 'C:\Users\canti\Documents\Codex\2026-07-31\cr\work\dunecity-tornie-1.0.524-23\build-test-win\bin\/data/HAPPRCH.VOC'
FileManager: ignoring tiny VOC placeholder 'HAPPRCH.VOC' from TORNIE.PAK
FileManager: using active-mod asset 'C:\Users\canti\AppData\Roaming\DuneCity\mods/Jericho/data/RREBELS.VOC'
FileManager: using active-mod asset 'C:\Users\canti\AppData\Roaming\DuneCity\mods/Jericho/data/CORRUPT.VOC'
FileManager: ignoring tiny active-mod VOC placeholder 'C:\Users\canti\AppData\Roaming\DuneCity\mods/Jericho/data/OHARVEST.VOC'
FileManager: ignoring tiny active-mod VOC placeholder 'C:\Users\canti\Documents\Codex\2026-07-31\cr\work\dunecity-tornie-1.0.524-23\build-test-win\bin\/mods/Jericho/data/OHARVEST.VOC'
FileManager: ignoring tiny active-mod VOC placeholder 'C:\Users\canti\Documents\Codex\2026-07-31\cr\work\dunecity-tornie-1.0.524-23\build-test-win\bin\/../../mods/Jericho/data/OHARVEST.VOC'
FileManager: ignoring tiny external VOC placeholder 'C:\Users\canti\Documents\Codex\2026-07-31\cr\work\dunecity-tornie-1.0.524-23\build-test-win\bin\/data/OHARVEST.VOC'
FileManager: ignoring tiny VOC placeholder 'OHARVEST.VOC' from TORNIE.PAK
FileManager: ignoring tiny active-mod VOC placeholder 'C:\Users\canti\AppData\Roaming\DuneCity\mods/Jericho/data/OUNIT.VOC'
FileManager: ignoring tiny active-mod VOC placeholder 'C:\Users\canti\Documents\Codex\2026-07-31\cr\work\dunecity-tornie-1.0.524-23\build-test-win\bin\/mods/Jericho/data/OUNIT.VOC'
FileManager: ignoring tiny active-mod VOC placeholder 'C:\Users\canti\Documents\Codex\2026-07-31\cr\work\dunecity-tornie-1.0.524-23\build-test-win\bin\/../../mods/Jericho/data/OUNIT.VOC'
FileManager: ignoring tiny external VOC placeholder 'C:\Users\canti\Documents\Codex\2026-07-31\cr\work\dunecity-tornie-1.0.524-23\build-test-win\bin\/data/OUNIT.VOC'
FileManager: ignoring tiny VOC placeholder 'OUNIT.VOC' from TORNIE.PAK
FileManager: ignoring tiny active-mod VOC placeholder 'C:\Users\canti\AppData\Roaming\DuneCity\mods/Jericho/data/ODEPLOY.VOC'
FileManager: ignoring tiny active-mod VOC placeholder 'C:\Users\canti\Documents\Codex\2026-07-31\cr\work\dunecity-tornie-1.0.524-23\build-test-win\bin\/mods/Jericho/data/ODEPLOY.VOC'
FileManager: ignoring tiny active-mod VOC placeholder 'C:\Users\canti\Documents\Codex\2026-07-31\cr\work\dunecity-tornie-1.0.524-23\build-test-win\bin\/../../mods/Jericho/data/ODEPLOY.VOC'
FileManager: ignoring tiny external VOC placeholder 'C:\Users\canti\Documents\Codex\2026-07-31\cr\work\dunecity-tornie-1.0.524-23\build-test-win\bin\/data/ODEPLOY.VOC'
FileManager: ignoring tiny VOC placeholder 'ODEPLOY.VOC' from TORNIE.PAK
FileManager: ignoring tiny active-mod VOC placeholder 'C:\Users\canti\AppData\Roaming\DuneCity\mods/Jericho/data/OLAUNCH.VOC'
FileManager: ignoring tiny active-mod VOC placeholder 'C:\Users\canti\Documents\Codex\2026-07-31\cr\work\dunecity-tornie-1.0.524-23\build-test-win\bin\/mods/Jericho/data/OLAUNCH.VOC'
FileManager: ignoring tiny active-mod VOC placeholder 'C:\Users\canti\Documents\Codex\2026-07-31\cr\work\dunecity-tornie-1.0.524-23\build-test-win\bin\/../../mods/Jericho/data/OLAUNCH.VOC'
FileManager: ignoring tiny external VOC placeholder 'C:\Users\canti\Documents\Codex\2026-07-31\cr\work\dunecity-tornie-1.0.524-23\build-test-win\bin\/data/OLAUNCH.VOC'
FileManager: ignoring tiny VOC placeholder 'OLAUNCH.VOC' from TORNIE.PAK
FileManager: ignoring tiny active-mod VOC placeholder 'C:\Users\canti\AppData\Roaming\DuneCity\mods/Jericho/data/OCONST.VOC'
FileManager: ignoring tiny active-mod VOC placeholder 'C:\Users\canti\Documents\Codex\2026-07-31\cr\work\dunecity-tornie-1.0.524-23\build-test-win\bin\/mods/Jericho/data/OCONST.VOC'
FileManager: ignoring tiny active-mod VOC placeholder 'C:\Users\canti\Documents\Codex\2026-07-31\cr\work\dunecity-tornie-1.0.524-23\build-test-win\bin\/../../mods/Jericho/data/OCONST.VOC'
FileManager: ignoring tiny external VOC placeholder 'C:\Users\canti\Documents\Codex\2026-07-31\cr\work\dunecity-tornie-1.0.524-23\build-test-win\bin\/data/OCONST.VOC'
FileManager: ignoring tiny VOC placeholder 'OCONST.VOC' from TORNIE.PAK
FileManager: ignoring tiny active-mod VOC placeholder 'C:\Users\canti\AppData\Roaming\DuneCity\mods/Jericho/data/OVEHICLE.VOC'
FileManager: ignoring tiny active-mod VOC placeholder 'C:\Users\canti\Documents\Codex\2026-07-31\cr\work\dunecity-tornie-1.0.524-23\build-test-win\bin\/mods/Jericho/data/OVEHICLE.VOC'
FileManager: ignoring tiny active-mod VOC placeholder 'C:\Users\canti\Documents\Codex\2026-07-31\cr\work\dunecity-tornie-1.0.524-23\build-test-win\bin\/../../mods/Jericho/data/OVEHICLE.VOC'
FileManager: ignoring tiny external VOC placeholder 'C:\Users\canti\Documents\Codex\2026-07-31\cr\work\dunecity-tornie-1.0.524-23\build-test-win\bin\/data/OVEHICLE.VOC'
FileManager: ignoring tiny VOC placeholder 'OVEHICLE.VOC' from TORNIE.PAK
FileManager: ignoring tiny active-mod VOC placeholder 'C:\Users\canti\AppData\Roaming\DuneCity\mods/Jericho/data/OREPAIR.VOC'
FileManager: ignoring tiny active-mod VOC placeholder 'C:\Users\canti\Documents\Codex\2026-07-31\cr\work\dunecity-tornie-1.0.524-23\build-test-win\bin\/mods/Jericho/data/OREPAIR.VOC'
FileManager: ignoring tiny active-mod VOC placeholder 'C:\Users\canti\Documents\Codex\2026-07-31\cr\work\dunecity-tornie-1.0.524-23\build-test-win\bin\/../../mods/Jericho/data/OREPAIR.VOC'
FileManager: ignoring tiny external VOC placeholder 'C:\Users\canti\Documents\Codex\2026-07-31\cr\work\dunecity-tornie-1.0.524-23\build-test-win\bin\/data/OREPAIR.VOC'
FileManager: ignoring tiny VOC placeholder 'OREPAIR.VOC' from TORNIE.PAK
FileManager: ignoring tiny active-mod VOC placeholder 'C:\Users\canti\AppData\Roaming\DuneCity\mods/Jericho/data/OFRIGATE.VOC'
FileManager: ignoring tiny active-mod VOC placeholder 'C:\Users\canti\Documents\Codex\2026-07-31\cr\work\dunecity-tornie-1.0.524-23\build-test-win\bin\/mods/Jericho/data/OFRIGATE.VOC'
FileManager: ignoring tiny active-mod VOC placeholder 'C:\Users\canti\Documents\Codex\2026-07-31\cr\work\dunecity-tornie-1.0.524-23\build-test-win\bin\/../../mods/Jericho/data/OFRIGATE.VOC'
FileManager: ignoring tiny external VOC placeholder 'C:\Users\canti\Documents\Codex\2026-07-31\cr\work\dunecity-tornie-1.0.524-23\build-test-win\bin\/data/OFRIGATE.VOC'
FileManager: ignoring tiny VOC placeholder 'OFRIGATE.VOC' from TORNIE.PAK
FileManager: ignoring tiny active-mod VOC placeholder 'C:\Users\canti\AppData\Roaming\DuneCity\mods/Jericho/data/OARRIVE.VOC'
FileManager: ignoring tiny active-mod VOC placeholder 'C:\Users\canti\Documents\Codex\2026-07-31\cr\work\dunecity-tornie-1.0.524-23\build-test-win\bin\/mods/Jericho/data/OARRIVE.VOC'
FileManager: ignoring tiny active-mod VOC placeholder 'C:\Users\canti\Documents\Codex\2026-07-31\cr\work\dunecity-tornie-1.0.524-23\build-test-win\bin\/../../mods/Jericho/data/OARRIVE.VOC'
FileManager: ignoring tiny external VOC placeholder 'C:\Users\canti\Documents\Codex\2026-07-31\cr\work\dunecity-tornie-1.0.524-23\build-test-win\bin\/data/OARRIVE.VOC'
FileManager: ignoring tiny VOC placeholder 'OARRIVE.VOC' from TORNIE.PAK
FileManager: ignoring tiny active-mod VOC placeholder 'C:\Users\canti\AppData\Roaming\DuneCity\mods/Jericho/data/OWIN.VOC'
FileManager: ignoring tiny active-mod VOC placeholder 'C:\Users\canti\Documents\Codex\2026-07-31\cr\work\dunecity-tornie-1.0.524-23\build-test-win\bin\/mods/Jericho/data/OWIN.VOC'
FileManager: ignoring tiny active-mod VOC placeholder 'C:\Users\canti\Documents\Codex\2026-07-31\cr\work\dunecity-tornie-1.0.524-23\build-test-win\bin\/../../mods/Jericho/data/OWIN.VOC'
FileManager: ignoring tiny external VOC placeholder 'C:\Users\canti\Documents\Codex\2026-07-31\cr\work\dunecity-tornie-1.0.524-23\build-test-win\bin\/data/OWIN.VOC'
FileManager: ignoring tiny VOC placeholder 'OWIN.VOC' from TORNIE.PAK
FileManager: ignoring tiny active-mod VOC placeholder 'C:\Users\canti\AppData\Roaming\DuneCity\mods/Jericho/data/OLOSE.VOC'
FileManager: ignoring tiny active-mod VOC placeholder 'C:\Users\canti\Documents\Codex\2026-07-31\cr\work\dunecity-tornie-1.0.524-23\build-test-win\bin\/mods/Jericho/data/OLOSE.VOC'
FileManager: ignoring tiny active-mod VOC placeholder 'C:\Users\canti\Documents\Codex\2026-07-31\cr\work\dunecity-tornie-1.0.524-23\build-test-win\bin\/../../mods/Jericho/data/OLOSE.VOC'
FileManager: ignoring tiny external VOC placeholder 'C:\Users\canti\Documents\Codex\2026-07-31\cr\work\dunecity-tornie-1.0.524-23\build-test-win\bin\/data/OLOSE.VOC'
FileManager: ignoring tiny VOC placeholder 'OLOSE.VOC' from TORNIE.PAK
FileManager: ignoring tiny active-mod VOC placeholder 'C:\Users\canti\AppData\Roaming\DuneCity\mods/Jericho/data/ORADAR.VOC'
FileManager: ignoring tiny active-mod VOC placeholder 'C:\Users\canti\Documents\Codex\2026-07-31\cr\work\dunecity-tornie-1.0.524-23\build-test-win\bin\/mods/Jericho/data/ORADAR.VOC'
FileManager: ignoring tiny active-mod VOC placeholder 'C:\Users\canti\Documents\Codex\2026-07-31\cr\work\dunecity-tornie-1.0.524-23\build-test-win\bin\/../../mods/Jericho/data/ORADAR.VOC'
FileManager: ignoring tiny external VOC placeholder 'C:\Users\canti\Documents\Codex\2026-07-31\cr\work\dunecity-tornie-1.0.524-23\build-test-win\bin\/data/ORADAR.VOC'
FileManager: ignoring tiny VOC placeholder 'ORADAR.VOC' from TORNIE.PAK
FileManager: ignoring tiny active-mod VOC placeholder 'C:\Users\canti\AppData\Roaming\DuneCity\mods/Jericho/data/OON.VOC'
FileManager: ignoring tiny active-mod VOC placeholder 'C:\Users\canti\Documents\Codex\2026-07-31\cr\work\dunecity-tornie-1.0.524-23\build-test-win\bin\/mods/Jericho/data/OON.VOC'
FileManager: ignoring tiny active-mod VOC placeholder 'C:\Users\canti\Documents\Codex\2026-07-31\cr\work\dunecity-tornie-1.0.524-23\build-test-win\bin\/../../mods/Jericho/data/OON.VOC'
FileManager: ignoring tiny external VOC placeholder 'C:\Users\canti\Documents\Codex\2026-07-31\cr\work\dunecity-tornie-1.0.524-23\build-test-win\bin\/data/OON.VOC'
FileManager: ignoring tiny VOC placeholder 'OON.VOC' from TORNIE.PAK
FileManager: ignoring tiny active-mod VOC placeholder 'C:\Users\canti\AppData\Roaming\DuneCity\mods/Jericho/data/OOFF.VOC'
FileManager: ignoring tiny active-mod VOC placeholder 'C:\Users\canti\Documents\Codex\2026-07-31\cr\work\dunecity-tornie-1.0.524-23\build-test-win\bin\/mods/Jericho/data/OOFF.VOC'
FileManager: ignoring tiny active-mod VOC placeholder 'C:\Users\canti\Documents\Codex\2026-07-31\cr\work\dunecity-tornie-1.0.524-23\build-test-win\bin\/../../mods/Jericho/data/OOFF.VOC'
FileManager: ignoring tiny external VOC placeholder 'C:\Users\canti\Documents\Codex\2026-07-31\cr\work\dunecity-tornie-1.0.524-23\build-test-win\bin\/data/OOFF.VOC'
FileManager: ignoring tiny VOC placeholder 'OOFF.VOC' from TORNIE.PAK
FileManager: ignoring tiny active-mod VOC placeholder 'C:\Users\canti\AppData\Roaming\DuneCity\mods/Jericho/data/OBLOOM.VOC'
FileManager: ignoring tiny active-mod VOC placeholder 'C:\Users\canti\Documents\Codex\2026-07-31\cr\work\dunecity-tornie-1.0.524-23\build-test-win\bin\/mods/Jericho/data/OBLOOM.VOC'
FileManager: ignoring tiny active-mod VOC placeholder 'C:\Users\canti\Documents\Codex\2026-07-31\cr\work\dunecity-tornie-1.0.524-23\build-test-win\bin\/../../mods/Jericho/data/OBLOOM.VOC'
FileManager: ignoring tiny external VOC placeholder 'C:\Users\canti\Documents\Codex\2026-07-31\cr\work\dunecity-tornie-1.0.524-23\build-test-win\bin\/data/OBLOOM.VOC'
FileManager: ignoring tiny VOC placeholder 'OBLOOM.VOC' from TORNIE.PAK
FileManager: ignoring tiny active-mod VOC placeholder 'C:\Users\canti\AppData\Roaming\DuneCity\mods/Jericho/data/OLOCATED.VOC'
FileManager: ignoring tiny active-mod VOC placeholder 'C:\Users\canti\Documents\Codex\2026-07-31\cr\work\dunecity-tornie-1.0.524-23\build-test-win\bin\/mods/Jericho/data/OLOCATED.VOC'
FileManager: ignoring tiny active-mod VOC placeholder 'C:\Users\canti\Documents\Codex\2026-07-31\cr\work\dunecity-tornie-1.0.524-23\build-test-win\bin\/../../mods/Jericho/data/OLOCATED.VOC'
FileManager: ignoring tiny external VOC placeholder 'C:\Users\canti\Documents\Codex\2026-07-31\cr\work\dunecity-tornie-1.0.524-23\build-test-win\bin\/data/OLOCATED.VOC'
FileManager: ignoring tiny VOC placeholder 'OLOCATED.VOC' from TORNIE.PAK
FileManager: ignoring tiny active-mod VOC placeholder 'C:\Users\canti\AppData\Roaming\DuneCity\mods/Jericho/data/OWARNING.VOC'
FileManager: ignoring tiny active-mod VOC placeholder 'C:\Users\canti\Documents\Codex\2026-07-31\cr\work\dunecity-tornie-1.0.524-23\build-test-win\bin\/mods/Jericho/data/OWARNING.VOC'
FileManager: ignoring tiny active-mod VOC placeholder 'C:\Users\canti\Documents\Codex\2026-07-31\cr\work\dunecity-tornie-1.0.524-23\build-test-win\bin\/../../mods/Jericho/data/OWARNING.VOC'
FileManager: ignoring tiny external VOC placeholder 'C:\Users\canti\Documents\Codex\2026-07-31\cr\work\dunecity-tornie-1.0.524-23\build-test-win\bin\/data/OWARNING.VOC'
FileManager: ignoring tiny VOC placeholder 'OWARNING.VOC' from TORNIE.PAK
FileManager: ignoring tiny active-mod VOC placeholder 'C:\Users\canti\AppData\Roaming\DuneCity\mods/Jericho/data/OWORMY.VOC'
FileManager: ignoring tiny active-mod VOC placeholder 'C:\Users\canti\Documents\Codex\2026-07-31\cr\work\dunecity-tornie-1.0.524-23\build-test-win\bin\/mods/Jericho/data/OWORMY.VOC'
FileManager: ignoring tiny active-mod VOC placeholder 'C:\Users\canti\Documents\Codex\2026-07-31\cr\work\dunecity-tornie-1.0.524-23\build-test-win\bin\/../../mods/Jericho/data/OWORMY.VOC'
FileManager: ignoring tiny external VOC placeholder 'C:\Users\canti\Documents\Codex\2026-07-31\cr\work\dunecity-tornie-1.0.524-23\build-test-win\bin\/data/OWORMY.VOC'
FileManager: ignoring tiny VOC placeholder 'OWORMY.VOC' from TORNIE.PAK
FileManager: ignoring tiny active-mod VOC placeholder 'C:\Users\canti\AppData\Roaming\DuneCity\mods/Jericho/data/OATTACK.VOC'
FileManager: ignoring tiny active-mod VOC placeholder 'C:\Users\canti\Documents\Codex\2026-07-31\cr\work\dunecity-tornie-1.0.524-23\build-test-win\bin\/mods/Jericho/data/OATTACK.VOC'
FileManager: ignoring tiny active-mod VOC placeholder 'C:\Users\canti\Documents\Codex\2026-07-31\cr\work\dunecity-tornie-1.0.524-23\build-test-win\bin\/../../mods/Jericho/data/OATTACK.VOC'
FileManager: ignoring tiny external VOC placeholder 'C:\Users\canti\Documents\Codex\2026-07-31\cr\work\dunecity-tornie-1.0.524-23\build-test-win\bin\/data/OATTACK.VOC'
FileManager: ignoring tiny VOC placeholder 'OATTACK.VOC' from TORNIE.PAK
FileManager: ignoring tiny active-mod VOC placeholder 'C:\Users\canti\AppData\Roaming\DuneCity\mods/Jericho/data/OSABOT.VOC'
FileManager: ignoring tiny active-mod VOC placeholder 'C:\Users\canti\Documents\Codex\2026-07-31\cr\work\dunecity-tornie-1.0.524-23\build-test-win\bin\/mods/Jericho/data/OSABOT.VOC'
FileManager: ignoring tiny active-mod VOC placeholder 'C:\Users\canti\Documents\Codex\2026-07-31\cr\work\dunecity-tornie-1.0.524-23\build-test-win\bin\/../../mods/Jericho/data/OSABOT.VOC'
FileManager: ignoring tiny external VOC placeholder 'C:\Users\canti\Documents\Codex\2026-07-31\cr\work\dunecity-tornie-1.0.524-23\build-test-win\bin\/data/OSABOT.VOC'
FileManager: ignoring tiny VOC placeholder 'OSABOT.VOC' from TORNIE.PAK
FileManager: ignoring tiny active-mod VOC placeholder 'C:\Users\canti\AppData\Roaming\DuneCity\mods/Jericho/data/OMISSILE.VOC'
FileManager: ignoring tiny active-mod VOC placeholder 'C:\Users\canti\Documents\Codex\2026-07-31\cr\work\dunecity-tornie-1.0.524-23\build-test-win\bin\/mods/Jericho/data/OMISSILE.VOC'
FileManager: ignoring tiny active-mod VOC placeholder 'C:\Users\canti\Documents\Codex\2026-07-31\cr\work\dunecity-tornie-1.0.524-23\build-test-win\bin\/../../mods/Jericho/data/OMISSILE.VOC'
FileManager: ignoring tiny external VOC placeholder 'C:\Users\canti\Documents\Codex\2026-07-31\cr\work\dunecity-tornie-1.0.524-23\build-test-win\bin\/data/OMISSILE.VOC'
FileManager: ignoring tiny VOC placeholder 'OMISSILE.VOC' from TORNIE.PAK
FileManager: ignoring tiny active-mod VOC placeholder 'C:\Users\canti\AppData\Roaming\DuneCity\mods/Jericho/data/OAPPRCH.VOC'
FileManager: ignoring tiny active-mod VOC placeholder 'C:\Users\canti\Documents\Codex\2026-07-31\cr\work\dunecity-tornie-1.0.524-23\build-test-win\bin\/mods/Jericho/data/OAPPRCH.VOC'
FileManager: ignoring tiny active-mod VOC placeholder 'C:\Users\canti\Documents\Codex\2026-07-31\cr\work\dunecity-tornie-1.0.524-23\build-test-win\bin\/../../mods/Jericho/data/OAPPRCH.VOC'
FileManager: ignoring tiny external VOC placeholder 'C:\Users\canti\Documents\Codex\2026-07-31\cr\work\dunecity-tornie-1.0.524-23\build-test-win\bin\/data/OAPPRCH.VOC'
FileManager: ignoring tiny VOC placeholder 'OAPPRCH.VOC' from TORNIE.PAK
FileManager: using active-mod asset 'C:\Users\canti\AppData\Roaming\DuneCity\mods/Jericho/data/CORRUPT.VOC'
ModManager: Activated mod 'Jericho'
ModManager: Loaded game options from mod 'Jericho'
ModMenu::refreshModList() - starting
ModManager::listMods() - modsBasePath: C:\Users\canti\AppData\Roaming\DuneCity\mods
getDirectoryList: scanning 'C:\Users\canti\AppData\Roaming\DuneCity\mods'
getDirectoryList: found 6 directories
ModManager::listMods() - found 6 directory entries
ModManager::listMods() - checking entry 'Dune2R', json exists: 1
ModManager::listMods() - checking entry 'dunecity', json exists: 1
ModManager::listMods() - checking entry 'Jericho', json exists: 1
ModManager::listMods() - checking entry 'Tornie', json exists: 1
ModManager::listMods() - checking entry 'TornieLite', json exists: 1
ModManager::listMods() - checking entry 'vanilla', json exists: 1
ModManager::listMods() - returning 6 mods
ModMenu::refreshModList() - got 6 mods
ModMenu::refreshModList() - mod[0]: name='Dune2R', displayName='Dune2R'
ModMenu::refreshModList() - mod[1]: name='dunecity', displayName='Dune City'
ModMenu::refreshModList() - mod[2]: name='Jericho', displayName='Jericho'
ModMenu::refreshModList() - mod[3]: name='Tornie', displayName='Tornie'
ModMenu::refreshModList() - mod[4]: name='TornieLite', displayName='Tornie Lite'
ModMenu::refreshModList() - mod[5]: name='vanilla', displayName='Vanilla'
ModMenu::refreshModList() - done, selectedModIndex=2
Deinitialize...
Deinitialization finished!
